# Exported from USD: /World/Robotiq_Hand_E_edit/right_gripper/D_A03_ASM_DOIGTS_PARALLELES_1ROBOTIQ_HAND_E_DEFEATURE_02/D_A03_ASM_DOIGTS_PARALLELES_1ROBOTIQ_HAND_E_DEFEATURE
mtllib D_A03_ASM_DOIGTS_PARALLELES_1ROBOTIQ_HAND_E_DEFEATURE_2.mtl

g D_A03_ASM_DOIGTS_PARALLELES_1ROBOTIQ_HAND_E_DEFEATURE
v -0.01425000 0.01060000 0.01851400
v -0.01399118 0.01060000 0.01847993
v -0.01375000 0.01060000 0.01838003
v -0.01354289 0.01060000 0.01822111
v -0.01338397 0.01060000 0.01801400
v -0.01328407 0.01060000 0.01777282
v -0.01325000 0.01060000 0.01751400
v -0.01328407 0.01060000 0.01725518
v -0.01338397 0.01060000 0.01701400
v -0.01354289 0.01060000 0.01680689
v -0.01375000 0.01060000 0.01664797
v -0.01399118 0.01060000 0.01654807
v -0.01425000 0.01060000 0.01651400
v -0.01450882 0.01060000 0.01654807
v -0.01475000 0.01060000 0.01664797
v -0.01495711 0.01060000 0.01680689
v -0.01511603 0.01060000 0.01701400
v -0.01521593 0.01060000 0.01725518
v -0.01525000 0.01060000 0.01751400
v -0.01521593 0.01060000 0.01777282
v -0.01511603 0.01060000 0.01801400
v -0.01495711 0.01060000 0.01822111
v -0.01475000 0.01060000 0.01838003
v -0.01450882 0.01060000 0.01847993
v -0.01425000 0.01060000 0.01751400
v -0.01450882 0.01435000 0.01847993
v -0.01425000 0.01435000 0.01851400
v -0.01475000 0.01435000 0.01838003
v -0.01495711 0.01435000 0.01822111
v -0.01511603 0.01435000 0.01801400
v -0.01521593 0.01435000 0.01777282
v -0.01525000 0.01435000 0.01751400
v -0.01521593 0.01435000 0.01725518
v -0.01511603 0.01435000 0.01701400
v -0.01495711 0.01435000 0.01680689
v -0.01475000 0.01435000 0.01664797
v -0.01450882 0.01435000 0.01654807
v -0.01425000 0.01435000 0.01651400
v -0.01399118 0.01435000 0.01654807
v -0.01375000 0.01435000 0.01664797
v -0.01354289 0.01435000 0.01680689
v -0.01338397 0.01435000 0.01701400
v -0.01328407 0.01435000 0.01725518
v -0.01325000 0.01435000 0.01751400
v -0.01328407 0.01435000 0.01777282
v -0.01338397 0.01435000 0.01801400
v -0.01354289 0.01435000 0.01822111
v -0.01375000 0.01435000 0.01838003
v -0.01399118 0.01435000 0.01847993
v -0.01417314 0.01460000 0.01876163
v -0.01425000 0.01460000 0.01876400
v -0.01392648 0.01460000 0.01872141
v -0.01362500 0.01460000 0.01859653
v -0.01336612 0.01460000 0.01839788
v -0.01316747 0.01460000 0.01813900
v -0.01304259 0.01460000 0.01783752
v -0.01300000 0.01460000 0.01751400
v -0.01304259 0.01460000 0.01719048
v -0.01316747 0.01460000 0.01688900
v -0.01336612 0.01460000 0.01663012
v -0.01362500 0.01460000 0.01643147
v -0.01392648 0.01460000 0.01630659
v -0.01425000 0.01460000 0.01626400
v -0.01457352 0.01460000 0.01630659
v -0.01487500 0.01460000 0.01643147
v -0.01513388 0.01460000 0.01663012
v -0.01533253 0.01460000 0.01688900
v -0.01545741 0.01460000 0.01719048
v -0.01550000 0.01460000 0.01751400
v -0.01545741 0.01460000 0.01783752
v -0.01533253 0.01460000 0.01813900
v -0.01513388 0.01460000 0.01839788
v -0.01512264 0.01460000 0.01840898
v -0.01487500 0.01460000 0.01859653
v -0.01457352 0.01460000 0.01872141
v -0.01452445 0.01460000 0.01860440
v -0.01425000 0.01460000 0.01426400
v -0.01457352 0.01460000 0.01422141
v -0.01392648 0.01460000 0.01422141
v -0.01487500 0.01460000 0.01409653
v -0.01362500 0.01460000 0.01409653
v -0.01545741 0.01460000 0.01333752
v -0.01671086 0.01460000 0.01850069
v -0.01598101 0.01460000 0.01835156
v -0.01523691 0.01460000 0.01838685
v -0.01513388 0.01460000 0.01389788
v -0.01725000 0.01460000 0.01874458
v -0.01533253 0.01460000 0.01363900
v -0.01125000 0.01460000 0.02006993
v -0.01316747 0.01460000 0.01363900
v -0.01336612 0.01460000 0.01389788
v -0.01300000 0.01460000 0.01301400
v -0.01304259 0.01460000 0.01333752
v -0.01125000 0.01460000 -0.00554562
v -0.01304259 0.01460000 0.01269048
v -0.01336612 0.01460000 0.01213012
v -0.01316747 0.01460000 0.01238900
v -0.01550000 0.01460000 0.01301400
v -0.01392648 0.01460000 0.01180659
v -0.01362500 0.01460000 0.01193147
v -0.01457352 0.01460000 0.01180659
v -0.01425000 0.01460000 0.01176400
v -0.01725000 0.01460000 -0.00290477
v -0.01513388 0.01460000 0.01213012
v -0.01487500 0.01460000 0.01193147
v -0.01533253 0.01460000 0.01238900
v -0.01545741 0.01460000 0.01269048
v -0.01125000 0.01456339 -0.00594696
v -0.01725000 0.01454422 -0.00341092
v -0.01725000 0.01456627 -0.00332254
v -0.01125000 0.01454484 -0.00601286
v -0.01125000 0.01445417 -0.00633508
v -0.01725000 0.01439421 -0.00388921
v -0.01725000 0.01446485 -0.00372901
v -0.01125000 0.01439460 -0.00645514
v -0.01125000 0.01427581 -0.00669455
v -0.01725000 0.01415659 -0.00431751
v -0.01725000 0.01429587 -0.00411221
v -0.01125000 0.01415623 -0.00685144
v -0.01125000 0.01403191 -0.00701455
v -0.01725000 0.01384199 -0.00467547
v -0.01725000 0.01406119 -0.00445814
v -0.01125000 0.01384115 -0.00718291
v -0.01125000 0.01372998 -0.00728103
v -0.01725000 0.01346515 -0.00494573
v -0.01725000 0.01376368 -0.00475311
v -0.01125000 0.01346436 -0.00743366
v -0.01125000 0.01338233 -0.00748079
v -0.01725000 0.01304424 -0.00511488
v -0.01725000 0.01341179 -0.00498016
v -0.01125000 0.01304381 -0.00759115
v -0.01725000 0.01301884 -0.00512419
v -0.01289965 0.01260000 -0.00696774
v -0.01125000 0.01299931 -0.00760566
v -0.01125000 0.01260000 -0.00764787
v -0.01725000 0.01260000 -0.00517414
v -0.01425000 0.00710000 0.01426400
v -0.01457352 0.00710000 0.01422141
v -0.01487500 0.00710000 0.01409653
v -0.01513388 0.00710000 0.01389788
v -0.01533253 0.00710000 0.01363900
v -0.01545741 0.00710000 0.01333752
v -0.01550000 0.00710000 0.01301400
v -0.01545741 0.00710000 0.01269048
v -0.01533253 0.00710000 0.01238900
v -0.01513388 0.00710000 0.01213012
v -0.01487500 0.00710000 0.01193147
v -0.01457352 0.00710000 0.01180659
v -0.01425000 0.00710000 0.01176400
v -0.01392648 0.00710000 0.01180659
v -0.01362500 0.00710000 0.01193147
v -0.01336612 0.00710000 0.01213012
v -0.01316747 0.00710000 0.01238900
v -0.01304259 0.00710000 0.01269048
v -0.01300000 0.00710000 0.01301400
v -0.01304259 0.00710000 0.01333752
v -0.01316747 0.00710000 0.01363900
v -0.01336612 0.00710000 0.01389788
v -0.01362500 0.00710000 0.01409653
v -0.01392648 0.00710000 0.01422141
v -0.01425000 0.00710000 0.01301400
v -0.01125000 0.01390000 0.02006993
v -0.01125000 0.00910000 -0.00764787
v -0.01125000 0.00910000 0.03263862
v -0.01125000 0.01390000 0.03263862
v -0.00915000 0.00910000 0.03606909
v -0.01294242 0.00910000 0.03489947
v -0.01256387 0.00910000 0.03451724
v -0.00915000 0.00910000 -0.00824109
v -0.01213014 0.00910000 0.03429570
v -0.01130930 0.00910000 0.03312203
v -0.01176282 0.00910000 0.03397589
v -0.01148369 0.00910000 0.03357678
v -0.01303829 0.00910000 0.03462738
v -0.01352527 0.00910000 0.03461958
v -0.01399592 0.00910000 0.03449431
v -0.01376442 0.01460000 0.03457133
v -0.01352527 0.01460000 0.03461958
v -0.01303829 0.01460000 0.03462738
v -0.01256387 0.01460000 0.03451724
v -0.01213014 0.01460000 0.03429570
v -0.01176282 0.01460000 0.03397589
v -0.01148369 0.01460000 0.03357678
v -0.01130930 0.01460000 0.03312203
v -0.01125000 0.01460000 0.03263862
v -0.01399592 0.01460000 0.03449431
v -0.01125000 0.01390000 0.03557586
v -0.01125000 0.01460000 0.03557586
v -0.01095000 0.01360000 0.02020420
v -0.01095000 0.01360000 0.03530000
v -0.01123163 0.01388163 0.03558163
v 0.01049000 0.01360000 0.03530000
v 0.00867983 0.01360000 0.02898983
v 0.01049000 0.01360000 0.03080000
v -0.01087061 0.01399286 0.03569286
v -0.01087061 0.01840000 0.03569286
v -0.01741000 0.01840000 0.03301882
v -0.01438696 0.01460000 0.03443456
v -0.01741000 0.01460000 0.03301882
v -0.01014657 0.01410000 0.03580000
v -0.01051253 0.01407307 0.03577307
v 0.00999000 0.01410000 0.03580000
v 0.00999000 0.02991051 0.03580000
v 0.01049000 0.02991051 0.03530000
v -0.01051000 0.01840000 0.03577344
v -0.01035401 0.01915153 0.03579138
v -0.01051000 0.01894469 0.03577344
v -0.01014657 0.01958502 0.03580000
v -0.01023048 0.01937689 0.03579859
v -0.01051253 0.01840000 0.03577307
v -0.01001000 0.02040000 0.03580000
v -0.01051000 0.02040000 0.03530000
v -0.01051000 0.01997175 0.03534533
v -0.01051000 0.01950234 0.03549221
v -0.01006541 0.01987655 0.03580000
v -0.01001000 0.02991051 0.03580000
v -0.01051000 0.02991051 0.03530000
v 0.00999000 0.03466051 0.03452724
v -0.01001000 0.03466051 0.03452724
v -0.01001000 0.03236929 0.03547630
v 0.00999000 0.03236929 0.03547630
v -0.01051000 0.03441051 0.03409423
v -0.01051000 0.03223988 0.03499333
v -0.01001000 0.03995769 0.03146891
v -0.01051000 0.03970769 0.03103590
v 0.01049000 0.03223988 0.03499333
v 0.01049000 0.03441051 0.03409423
v 0.00999000 0.03995769 0.03146891
v -0.01051000 0.04170769 0.03050000
v -0.01051000 0.04067242 0.03063630
v -0.01001000 0.04080183 0.03111926
v -0.01001000 0.04170769 0.03100000
v 0.01049000 0.03970769 0.03103590
v 0.00999000 0.04080183 0.03111926
v 0.00999000 0.04170769 0.03100000
v -0.01001000 0.05710000 0.03100000
v -0.01051000 0.05710000 0.03050000
v 0.01049000 0.04067242 0.03063630
v 0.01049000 0.04170769 0.03050000
v 0.01049000 0.05710000 0.03050000
v 0.00999000 0.05710000 0.03100000
v -0.00876000 0.05926506 0.03100000
v -0.00967506 0.05835000 0.03100000
v -0.00992481 0.05774705 0.03100000
v -0.00927777 0.05886777 0.03100000
v -0.00751000 0.05960000 0.03100000
v -0.00815705 0.05951481 0.03100000
v 0.00749000 0.05960000 0.03100000
v 0.00944458 0.05865872 0.03100000
v 0.00904872 0.05905458 0.03100000
v 0.00992732 0.05765630 0.03100000
v 0.00857471 0.05935242 0.03100000
v 0.00974242 0.05818471 0.03100000
v 0.00804630 0.05953732 0.03100000
v -0.01040778 0.05787646 0.03050000
v -0.01010808 0.05860000 0.03050000
v -0.00963132 0.05922132 0.03050000
v -0.00901000 0.05969808 0.03050000
v -0.00828646 0.05999778 0.03050000
v -0.00751000 0.06010000 0.03050000
v 0.00749000 0.06010000 0.03050000
v 0.00815756 0.06002478 0.03050000
v 0.00879165 0.05980291 0.03050000
v 0.00936047 0.05944549 0.03050000
v 0.00983549 0.05897047 0.03050000
v 0.01019291 0.05840165 0.03050000
v 0.01041478 0.05776756 0.03050000
v 0.00749000 0.06010000 0.02500000
v -0.00751000 0.06010000 0.02500000
v 0.00936047 0.05944549 0.02500000
v 0.00879165 0.05980291 0.02500000
v 0.00815756 0.06002478 0.02500000
v 0.01049000 0.05710000 0.02600000
v 0.01047114 0.05743589 0.02598114
v 0.01041478 0.05776756 0.02592478
v 0.01032165 0.05809084 0.02583165
v 0.01019291 0.05840165 0.02570291
v 0.00983549 0.05897047 0.02534549
v 0.00949000 0.05933607 0.02500000
v -0.00901000 0.05969808 0.02500000
v -0.00828646 0.05999778 0.02500000
v -0.00951000 0.05933607 0.02500000
v -0.00989006 0.05892628 0.02538006
v -0.00962334 0.05921386 0.02511334
v -0.01028164 0.05824805 0.02577164
v -0.01010808 0.05860000 0.02559808
v -0.01048434 0.05749158 0.02597434
v -0.01040778 0.05787646 0.02589778
v -0.01051000 0.05710000 0.02600000
v 0.00949000 0.04010000 0.02500000
v -0.00951000 0.04010000 0.02500000
v 0.01049000 0.04010000 0.02600000
v 0.01049000 0.03945295 0.02608518
v 0.00949000 0.03919413 0.02511926
v 0.01049000 0.03885000 0.02633494
v 0.00949000 0.03835000 0.02546891
v 0.01049000 0.03216051 0.03019711
v 0.01049000 0.03107520 0.03064667
v 0.01049000 0.02991051 0.03080000
v 0.00949000 0.03166051 0.02933109
v -0.00951000 0.03835000 0.02546891
v -0.00951000 0.03919413 0.02511926
v -0.01051000 0.04010000 0.02600000
v 0.00949000 0.03081638 0.02968074
v 0.00949000 0.02991051 0.02980000
v -0.00951000 0.03166051 0.02933109
v -0.01051000 0.03885000 0.02633494
v -0.01051000 0.03945295 0.02608518
v -0.01051000 0.03216051 0.03019711
v -0.00951000 0.02991051 0.02980000
v -0.00951000 0.03081638 0.02968074
v -0.01051000 0.02991051 0.03080000
v -0.01051000 0.03107520 0.03064667
v 0.00949000 0.02510000 0.02980000
v -0.00951000 0.02510000 0.02980000
v 0.00867983 0.02240345 0.02898983
v 0.00907006 0.02343769 0.02938006
v 0.00946006 0.02464316 0.02977006
v 0.00924246 0.02380714 0.02955246
v 0.00937074 0.02419413 0.02968074
v -0.01051000 0.02510000 0.03080000
v -0.00951000 0.02419413 0.02968074
v 0.00889479 0.02335867 0.02931904
v -0.00951000 0.02262513 0.02877487
v -0.00951000 0.02335000 0.02933109
v 0.00750086 0.02273015 0.02883380
v -0.00951000 0.02206891 0.02805000
v 0.00538572 0.02218418 0.02809751
v 0.00729269 0.02263629 0.02876134
v 0.00708130 0.02254097 0.02868775
v -0.00951000 0.02171926 0.02720587
v 0.00290788 0.02175887 0.02723496
v 0.00514021 0.02213252 0.02801205
v 0.00354301 0.02179644 0.02745605
v 0.00280517 0.02175279 0.02719921
v 0.00022203 0.02160000 0.02630000
v -0.00951000 0.02160000 0.02630000
v -0.01051000 0.02060000 0.02630000
v -0.01051000 0.02075333 0.02746469
v -0.01051000 0.02120289 0.02855000
v -0.01051000 0.02191802 0.02948198
v -0.01051000 0.02285000 0.03019711
v -0.01051000 0.02393531 0.03064667
v -0.01051000 0.01840000 0.02271586
v -0.01051000 0.02060000 0.02271586
v 0.00700653 0.02162055 0.02824092
v 0.00792219 0.02201098 0.02865074
v 0.00808672 0.02208113 0.02872438
v 0.00513131 0.02107605 0.02740164
v 0.00580320 0.02127114 0.02770235
v 0.00063054 0.02060000 0.02538725
v 0.00330754 0.02088314 0.02658538
v -0.00839723 0.02060000 0.02134673
v -0.00839723 0.01840000 0.02134673
v -0.01452445 0.01840000 0.01860440
v -0.01851684 0.01840000 0.03185847
v -0.01823570 0.01840000 0.03232311
v -0.01786086 0.01840000 0.03271607
v -0.01875000 0.01840000 0.03080423
v -0.01869101 0.01840000 0.03134409
v -0.01523691 0.01840000 0.01838685
v -0.01032788 0.01840000 0.02199948
v -0.01671086 0.01840000 0.01850069
v -0.01738147 0.01840000 0.01882505
v -0.01046376 0.01840000 0.02234627
v -0.01011074 0.01840000 0.02169685
v -0.01795148 0.01840000 0.01930464
v -0.01838575 0.01840000 0.01990989
v -0.01598101 0.01840000 0.01835156
v -0.01875000 0.01840000 0.02134265
v -0.00912550 0.01840000 0.02122031
v -0.00875346 0.01840000 0.02123796
v -0.00982573 0.01840000 0.02145706
v -0.01865751 0.01840000 0.02060348
v -0.00949043 0.01840000 0.02129488
v -0.01046376 0.02060000 0.02234627
v -0.01032788 0.02060000 0.02199948
v -0.01011074 0.02060000 0.02169685
v -0.00982573 0.02060000 0.02145706
v -0.00949043 0.02060000 0.02129488
v -0.00912550 0.02060000 0.02122031
v -0.00875346 0.02060000 0.02123796
v -0.00951000 0.02160000 0.02271586
v -0.00949459 0.02160000 0.02259266
v -0.00944929 0.02160000 0.02247707
v -0.00937691 0.02160000 0.02237619
v -0.00928191 0.02160000 0.02229626
v -0.00917014 0.02160000 0.02224220
v -0.00904850 0.02160000 0.02221734
v -0.00892449 0.02160000 0.02222323
v -0.00880574 0.02160000 0.02225948
v -0.01875000 0.01360000 0.03080423
v -0.01875000 0.01360000 0.02134265
v -0.01869101 0.01360000 0.03134409
v -0.01851684 0.01360000 0.03185847
v -0.01823570 0.01360000 0.03232311
v -0.01786086 0.01360000 0.03271607
v -0.01755435 0.01460000 0.03293699
v -0.01755435 0.01360000 0.03293699
v -0.01795148 0.01360000 0.01930464
v -0.01838575 0.01360000 0.01990989
v -0.01865751 0.01360000 0.02060348
v -0.01757143 0.01460000 0.01895887
v -0.01738147 0.01460000 0.01882505
v -0.01757143 0.01360000 0.01895887
v -0.01738412 0.01460000 0.01892895
v -0.01743230 0.01460000 0.01891858
v -0.01730245 0.01460000 0.01898278
v -0.01733995 0.01460000 0.01895079
v -0.01748155 0.01460000 0.01892030
v -0.01752888 0.01460000 0.01893401
v -0.01725000 0.01460000 0.01911779
v -0.01725607 0.01460000 0.01906889
v -0.01727392 0.01460000 0.01902295
v -0.01755000 0.01360000 0.01894459
v -0.01755000 0.01360000 0.03293958
v -0.01725000 0.01390000 0.01911779
v -0.01725152 0.01389848 0.01909315
v -0.01725607 0.01389393 0.01906889
v -0.01726357 0.01388643 0.01904537
v -0.01727392 0.01387608 0.01902295
v -0.01728694 0.01386306 0.01900198
v -0.01730245 0.01384755 0.01898278
v -0.01733995 0.01381005 0.01895079
v -0.01738412 0.01376588 0.01892895
v -0.01743230 0.01371770 0.01891858
v -0.01748155 0.01366845 0.01892030
v -0.01752888 0.01362112 0.01893401
v -0.01751165 0.01460000 0.03295663
v -0.01751165 0.01363835 0.03295663
v -0.01746555 0.01368445 0.03296577
v -0.01746555 0.01460000 0.03296577
v -0.01741860 0.01373140 0.03296389
v -0.01741860 0.01460000 0.03296389
v -0.01737337 0.01377663 0.03295111
v -0.01737337 0.01460000 0.03295111
v -0.01733238 0.01381762 0.03292813
v -0.01733238 0.01460000 0.03292813
v -0.01729788 0.01385212 0.03289622
v -0.01729788 0.01460000 0.03289622
v -0.01727178 0.01387822 0.03285713
v -0.01725552 0.01460000 0.03281304
v -0.01727178 0.01460000 0.03285713
v -0.01726235 0.01388765 0.03283557
v -0.01725000 0.01460000 0.03276637
v -0.01725139 0.01389861 0.03278987
v -0.01725552 0.01389448 0.03281304
v -0.01725000 0.01390000 0.03276637
v -0.01725000 0.01390000 0.03176232
v -0.01610859 0.01460000 0.03356865
v -0.01705017 0.01460000 0.03263376
v -0.01649061 0.01460000 0.03333105
v -0.01719940 0.01460000 0.03220935
v -0.01725000 0.01460000 0.03176232
v -0.01680985 0.01460000 0.03301407
v -0.01725000 0.00910000 0.03176232
v -0.01725000 0.00910000 -0.00517414
v -0.01719940 0.00910000 0.03220935
v -0.01705017 0.00910000 0.03263376
v -0.01680985 0.00910000 0.03301407
v -0.01649061 0.00910000 0.03333105
v -0.01610859 0.00910000 0.03356865
v -0.02095000 0.00910000 0.02802254
v -0.02083844 0.00910000 0.02907284
v -0.02050875 0.00910000 0.03007627
v -0.01840231 0.00910000 -0.00455186
v -0.02050875 0.00910000 -0.00224827
v -0.02083844 0.00910000 -0.00124484
v -0.01926289 0.00910000 -0.00393951
v -0.01997564 0.00910000 0.03098805
v -0.02095000 0.00910000 -0.00019454
v -0.01997564 0.00910000 -0.00316006
v -0.01926289 0.00910000 0.03176751
v -0.01840231 0.00910000 0.03237986
v -0.02095000 0.00110000 -0.00019454
v -0.02095000 0.00110000 0.02802254
v -0.02083844 0.00110000 0.02907284
v -0.02050875 0.00110000 0.03007627
v -0.01997564 0.00110000 0.03098805
v -0.01926289 0.00110000 0.03176751
v -0.01840231 0.00110000 0.03237986
v -0.01840231 0.00110000 -0.00455186
v -0.01926289 0.00110000 -0.00393951
v -0.01997564 0.00110000 -0.00316006
v -0.02050875 0.00110000 -0.00224827
v -0.02083844 0.00110000 -0.00124484
v -0.01725000 0.00110000 -0.00517414
v -0.01725000 0.00110000 0.03300214
v -0.01725000 -0.00180000 0.03300214
v -0.01725000 -0.00180000 -0.00517414
v -0.01294242 -0.00180000 -0.00707147
v -0.01294242 -0.00180000 0.03489947
v -0.01125000 -0.00180000 -0.00764787
v -0.01125000 -0.00180000 0.03547587
v -0.01125000 0.00110000 -0.00764787
v -0.01125000 0.00110000 0.03547587
v -0.00915000 0.00110000 -0.00824109
v -0.00915000 0.00110000 0.03606909
v -0.00715000 0.00892502 0.03651400
v -0.00715000 0.00127498 0.03651400
v -0.00715000 0.00127498 -0.00868600
v -0.00715000 0.00892502 -0.00868600
v -0.00715000 0.00127498 0.03246665
v -0.00715000 0.00892502 0.03246665
v -0.00715000 0.00892502 -0.00465281
v -0.00715000 0.00127498 -0.00465281
v -0.00883159 0.00907214 -0.00404076
v -0.00883159 0.00112786 -0.00404076
v -0.00883159 0.00907214 -0.00333124
v -0.00883159 0.00112786 -0.00333124
v -0.00891358 0.00112068 -0.00337301
v -0.00891358 0.00907932 -0.00337301
v -0.00898303 0.00111461 -0.00343338
v -0.00898303 0.00908539 -0.00343338
v -0.00903581 0.00110999 -0.00350876
v -0.00903581 0.00909001 -0.00350876
v -0.00906879 0.00110711 -0.00359467
v -0.00906879 0.00909289 -0.00359467
v -0.00908000 0.00110612 -0.00368600
v -0.00908000 0.00909388 -0.00368600
v -0.00906879 0.00110711 -0.00377733
v -0.00906879 0.00909289 -0.00377733
v -0.00903581 0.00110999 -0.00386324
v -0.00903581 0.00909001 -0.00386324
v -0.00898303 0.00111461 -0.00393862
v -0.00898303 0.00908539 -0.00393862
v -0.00891358 0.00112068 -0.00399899
v -0.00891358 0.00907932 -0.00399899
v -0.00715000 0.00892502 -0.00271919
v -0.00715000 0.00127498 -0.00271919
v -0.00715000 0.00892502 -0.00213954
v -0.00715000 0.00127498 -0.00213954
v -0.00883159 0.00112786 0.03185460
v -0.00883159 0.00907214 0.03185460
v -0.00891358 0.00112068 0.03181282
v -0.00891358 0.00907932 0.03181282
v -0.00898303 0.00111461 0.03175245
v -0.00898303 0.00908539 0.03175245
v -0.00903581 0.00110999 0.03167708
v -0.00903581 0.00909001 0.03167708
v -0.00906879 0.00110711 0.03159117
v -0.00906879 0.00909289 0.03159117
v -0.00908000 0.00110612 0.03149984
v -0.00908000 0.00909388 0.03149984
v -0.00906879 0.00110711 0.03140850
v -0.00906879 0.00909289 0.03140850
v -0.00903581 0.00110999 0.03132260
v -0.00903581 0.00909001 0.03132260
v -0.00898303 0.00111461 0.03124722
v -0.00898303 0.00908539 0.03124722
v -0.00891358 0.00112068 0.03118685
v -0.00891358 0.00907932 0.03118685
v -0.00883159 0.00112786 0.03114508
v -0.00883159 0.00907214 0.03114508
v -0.00715000 0.00127498 0.03053303
v -0.00715000 0.00892502 0.03053303
v -0.00715000 0.00127498 0.02995337
v -0.00715000 0.00892502 0.02995337
v -0.00883159 0.00112786 0.02934133
v -0.00883159 0.00907214 0.02934133
v -0.00891358 0.00112068 0.02929955
v -0.00891358 0.00907932 0.02929955
v -0.00898303 0.00111461 0.02923918
v -0.00898303 0.00908539 0.02923918
v -0.00903581 0.00110999 0.02916380
v -0.00903581 0.00909001 0.02916380
v -0.00906879 0.00110711 0.02907790
v -0.00906879 0.00909289 0.02907790
v -0.00908000 0.00110612 0.02898656
v -0.00908000 0.00909388 0.02898656
v -0.00906879 0.00110711 0.02889523
v -0.00906879 0.00909289 0.02889523
v -0.00903581 0.00110999 0.02880932
v -0.00903581 0.00909001 0.02880932
v -0.00898303 0.00111461 0.02873395
v -0.00898303 0.00908539 0.02873395
v -0.00891358 0.00112068 0.02867358
v -0.00891358 0.00907932 0.02867358
v -0.00883159 0.00112786 0.02863180
v -0.00883159 0.00907214 0.02863180
v -0.00715000 0.00127498 0.02801975
v -0.00715000 0.00892502 0.02801975
v -0.00715000 0.00127498 0.02744010
v -0.00715000 0.00892502 0.02744010
v -0.00883159 0.00112786 0.02682805
v -0.00883159 0.00907214 0.02682805
v -0.00891358 0.00112068 0.02678628
v -0.00891358 0.00907932 0.02678628
v -0.00898303 0.00111461 0.02672591
v -0.00898303 0.00908539 0.02672591
v -0.00903581 0.00110999 0.02665053
v -0.00903581 0.00909001 0.02665053
v -0.00906879 0.00110711 0.02656462
v -0.00906879 0.00909289 0.02656462
v -0.00908000 0.00110612 0.02647329
v -0.00908000 0.00909388 0.02647329
v -0.00906879 0.00110711 0.02638196
v -0.00906879 0.00909289 0.02638196
v -0.00903581 0.00110999 0.02629605
v -0.00903581 0.00909001 0.02629605
v -0.00898303 0.00111461 0.02622067
v -0.00898303 0.00908539 0.02622067
v -0.00891358 0.00112068 0.02616030
v -0.00891358 0.00907932 0.02616030
v -0.00883159 0.00112786 0.02611853
v -0.00883159 0.00907214 0.02611853
v -0.00715000 0.00127498 0.02550648
v -0.00715000 0.00892502 0.02550648
v -0.00715000 0.00127498 0.02492683
v -0.00715000 0.00892502 0.02492683
v -0.00883159 0.00112786 0.02431478
v -0.00883159 0.00907214 0.02431478
v -0.00891358 0.00112068 0.02427300
v -0.00891358 0.00907932 0.02427300
v -0.00898303 0.00111461 0.02421263
v -0.00898303 0.00908539 0.02421263
v -0.00903581 0.00110999 0.02413725
v -0.00903581 0.00909001 0.02413725
v -0.00906879 0.00110711 0.02405135
v -0.00906879 0.00909289 0.02405135
v -0.00908000 0.00110612 0.02396001
v -0.00908000 0.00909388 0.02396001
v -0.00906879 0.00110711 0.02386868
v -0.00906879 0.00909289 0.02386868
v -0.00903581 0.00110999 0.02378278
v -0.00903581 0.00909001 0.02378278
v -0.00898303 0.00111461 0.02370740
v -0.00898303 0.00908539 0.02370740
v -0.00891358 0.00112068 0.02364703
v -0.00891358 0.00907932 0.02364703
v -0.00883159 0.00112786 0.02360526
v -0.00883159 0.00907214 0.02360526
v -0.00715000 0.00127498 0.02299321
v -0.00715000 0.00892502 0.02299321
v -0.00715000 0.00127498 0.02241355
v -0.00715000 0.00892502 0.02241355
v -0.00883159 0.00112786 0.02180150
v -0.00883159 0.00907214 0.02180150
v -0.00891358 0.00112068 0.02175973
v -0.00891358 0.00907932 0.02175973
v -0.00898303 0.00111461 0.02169936
v -0.00898303 0.00908539 0.02169936
v -0.00903581 0.00110999 0.02162398
v -0.00903581 0.00909001 0.02162398
v -0.00906879 0.00110711 0.02153807
v -0.00906879 0.00909289 0.02153807
v -0.00908000 0.00110612 0.02144674
v -0.00908000 0.00909388 0.02144674
v -0.00906879 0.00110711 0.02135541
v -0.00906879 0.00909289 0.02135541
v -0.00903581 0.00110999 0.02126950
v -0.00903581 0.00909001 0.02126950
v -0.00898303 0.00111461 0.02119412
v -0.00898303 0.00908539 0.02119412
v -0.00891358 0.00112068 0.02113376
v -0.00891358 0.00907932 0.02113376
v -0.00883159 0.00112786 0.02109198
v -0.00883159 0.00907214 0.02109198
v -0.00715000 0.00127498 0.02047993
v -0.00715000 0.00892502 0.02047993
v -0.00715000 0.00127498 0.01990028
v -0.00715000 0.00892502 0.01990028
v -0.00883159 0.00112786 0.01928823
v -0.00883159 0.00907214 0.01928823
v -0.00891358 0.00112068 0.01924645
v -0.00891358 0.00907932 0.01924645
v -0.00898303 0.00111461 0.01918608
v -0.00898303 0.00908539 0.01918608
v -0.00903581 0.00110999 0.01911071
v -0.00903581 0.00909001 0.01911071
v -0.00906879 0.00110711 0.01902480
v -0.00906879 0.00909289 0.01902480
v -0.00908000 0.00110612 0.01893347
v -0.00908000 0.00909388 0.01893347
v -0.00906879 0.00110711 0.01884213
v -0.00906879 0.00909289 0.01884213
v -0.00903581 0.00110999 0.01875623
v -0.00903581 0.00909001 0.01875623
v -0.00898303 0.00111461 0.01868085
v -0.00898303 0.00908539 0.01868085
v -0.00891358 0.00112068 0.01862048
v -0.00891358 0.00907932 0.01862048
v -0.00883159 0.00112786 0.01857871
v -0.00883159 0.00907214 0.01857871
v -0.00715000 0.00127498 0.01796666
v -0.00715000 0.00892502 0.01796666
v -0.00715000 0.00127498 0.01738700
v -0.00715000 0.00892502 0.01738700
v -0.00883159 0.00112786 0.01677495
v -0.00883159 0.00907214 0.01677495
v -0.00891358 0.00112068 0.01673318
v -0.00891358 0.00907932 0.01673318
v -0.00898303 0.00111461 0.01667281
v -0.00898303 0.00908539 0.01667281
v -0.00903581 0.00110999 0.01659743
v -0.00903581 0.00909001 0.01659743
v -0.00906879 0.00110711 0.01651153
v -0.00906879 0.00909289 0.01651153
v -0.00908000 0.00110612 0.01642019
v -0.00908000 0.00909388 0.01642019
v -0.00906879 0.00110711 0.01632886
v -0.00906879 0.00909289 0.01632886
v -0.00903581 0.00110999 0.01624295
v -0.00903581 0.00909001 0.01624295
v -0.00898303 0.00111461 0.01616758
v -0.00898303 0.00908539 0.01616758
v -0.00891358 0.00112068 0.01610721
v -0.00891358 0.00907932 0.01610721
v -0.00883159 0.00112786 0.01606543
v -0.00883159 0.00907214 0.01606543
v -0.00715000 0.00127498 0.01545338
v -0.00715000 0.00892502 0.01545338
v -0.00715000 0.00127498 0.01487373
v -0.00715000 0.00892502 0.01487373
v -0.00883159 0.00112786 0.01426168
v -0.00883159 0.00907214 0.01426168
v -0.00891358 0.00112068 0.01421990
v -0.00891358 0.00907932 0.01421990
v -0.00898303 0.00111461 0.01415954
v -0.00898303 0.00908539 0.01415954
v -0.00903581 0.00110999 0.01408416
v -0.00903581 0.00909001 0.01408416
v -0.00906879 0.00110711 0.01399825
v -0.00906879 0.00909289 0.01399825
v -0.00908000 0.00110612 0.01390692
v -0.00908000 0.00909388 0.01390692
v -0.00906879 0.00110711 0.01381559
v -0.00906879 0.00909289 0.01381559
v -0.00903581 0.00110999 0.01372968
v -0.00903581 0.00909001 0.01372968
v -0.00898303 0.00111461 0.01365430
v -0.00898303 0.00908539 0.01365430
v -0.00891358 0.00112068 0.01359393
v -0.00891358 0.00907932 0.01359393
v -0.00883159 0.00112786 0.01355216
v -0.00883159 0.00907214 0.01355216
v -0.00715000 0.00127498 0.01294011
v -0.00715000 0.00892502 0.01294011
v -0.00715000 0.00127498 0.01236046
v -0.00715000 0.00892502 0.01236046
v -0.00883159 0.00112786 0.01174841
v -0.00883159 0.00907214 0.01174841
v -0.00891358 0.00112068 0.01170663
v -0.00891358 0.00907932 0.01170663
v -0.00898303 0.00111461 0.01164626
v -0.00898303 0.00908539 0.01164626
v -0.00903581 0.00110999 0.01157088
v -0.00903581 0.00909001 0.01157088
v -0.00906879 0.00110711 0.01148498
v -0.00906879 0.00909289 0.01148498
v -0.00908000 0.00110612 0.01139364
v -0.00908000 0.00909388 0.01139364
v -0.00906879 0.00110711 0.01130231
v -0.00906879 0.00909289 0.01130231
v -0.00903581 0.00110999 0.01121641
v -0.00903581 0.00909001 0.01121641
v -0.00898303 0.00111461 0.01114103
v -0.00898303 0.00908539 0.01114103
v -0.00891358 0.00112068 0.01108066
v -0.00891358 0.00907932 0.01108066
v -0.00883159 0.00112786 0.01103888
v -0.00883159 0.00907214 0.01103888
v -0.00715000 0.00127498 0.01042683
v -0.00715000 0.00892502 0.01042683
v -0.00715000 0.00127498 0.00984718
v -0.00715000 0.00892502 0.00984718
v -0.00883159 0.00112786 0.00923513
v -0.00883159 0.00907214 0.00923513
v -0.00891358 0.00112068 0.00919336
v -0.00891358 0.00907932 0.00919336
v -0.00898303 0.00111461 0.00913299
v -0.00898303 0.00908539 0.00913299
v -0.00903581 0.00110999 0.00905761
v -0.00903581 0.00909001 0.00905761
v -0.00906879 0.00110711 0.00897170
v -0.00906879 0.00909289 0.00897170
v -0.00908000 0.00110612 0.00888037
v -0.00908000 0.00909388 0.00888037
v -0.00906879 0.00110711 0.00878904
v -0.00906879 0.00909289 0.00878904
v -0.00903581 0.00110999 0.00870313
v -0.00903581 0.00909001 0.00870313
v -0.00898303 0.00111461 0.00862775
v -0.00898303 0.00908539 0.00862775
v -0.00891358 0.00112068 0.00856739
v -0.00891358 0.00907932 0.00856739
v -0.00883159 0.00112786 0.00852561
v -0.00883159 0.00907214 0.00852561
v -0.00715000 0.00127498 0.00791356
v -0.00715000 0.00892502 0.00791356
v -0.00715000 0.00127498 0.00733391
v -0.00715000 0.00892502 0.00733391
v -0.00883159 0.00112786 0.00672186
v -0.00883159 0.00907214 0.00672186
v -0.00891358 0.00112068 0.00668008
v -0.00891358 0.00907932 0.00668008
v -0.00898303 0.00111461 0.00661971
v -0.00898303 0.00908539 0.00661971
v -0.00903581 0.00110999 0.00654434
v -0.00903581 0.00909001 0.00654434
v -0.00906879 0.00110711 0.00645843
v -0.00906879 0.00909289 0.00645843
v -0.00908000 0.00110612 0.00636710
v -0.00908000 0.00909388 0.00636710
v -0.00906879 0.00110711 0.00627576
v -0.00906879 0.00909289 0.00627576
v -0.00903581 0.00110999 0.00618986
v -0.00903581 0.00909001 0.00618986
v -0.00898303 0.00111461 0.00611448
v -0.00898303 0.00908539 0.00611448
v -0.00891358 0.00112068 0.00605411
v -0.00891358 0.00907932 0.00605411
v -0.00883159 0.00112786 0.00601234
v -0.00883159 0.00907214 0.00601234
v -0.00715000 0.00127498 0.00540029
v -0.00715000 0.00892502 0.00540029
v -0.00715000 0.00127498 0.00482063
v -0.00715000 0.00892502 0.00482063
v -0.00883159 0.00112786 0.00420858
v -0.00883159 0.00907214 0.00420858
v -0.00891358 0.00112068 0.00416681
v -0.00891358 0.00907932 0.00416681
v -0.00898303 0.00111461 0.00410644
v -0.00898303 0.00908539 0.00410644
v -0.00903581 0.00110999 0.00403106
v -0.00903581 0.00909001 0.00403106
v -0.00906879 0.00110711 0.00394515
v -0.00906879 0.00909289 0.00394515
v -0.00908000 0.00110612 0.00385382
v -0.00908000 0.00909388 0.00385382
v -0.00906879 0.00110711 0.00376249
v -0.00906879 0.00909289 0.00376249
v -0.00903581 0.00110999 0.00367658
v -0.00903581 0.00909001 0.00367658
v -0.00898303 0.00111461 0.00360121
v -0.00898303 0.00908539 0.00360121
v -0.00891358 0.00112068 0.00354084
v -0.00891358 0.00907932 0.00354084
v -0.00883159 0.00112786 0.00349906
v -0.00883159 0.00907214 0.00349906
v -0.00715000 0.00127498 0.00288701
v -0.00715000 0.00892502 0.00288701
v -0.00715000 0.00127498 0.00230736
v -0.00715000 0.00892502 0.00230736
v -0.00883159 0.00112786 0.00169531
v -0.00883159 0.00907214 0.00169531
v -0.00891358 0.00112068 0.00165353
v -0.00891358 0.00907932 0.00165353
v -0.00898303 0.00111461 0.00159316
v -0.00898303 0.00908539 0.00159316
v -0.00903581 0.00110999 0.00151779
v -0.00903581 0.00909001 0.00151779
v -0.00906879 0.00110711 0.00143188
v -0.00906879 0.00909289 0.00143188
v -0.00908000 0.00110612 0.00134055
v -0.00908000 0.00909388 0.00134055
v -0.00906879 0.00110711 0.00124922
v -0.00906879 0.00909289 0.00124922
v -0.00903581 0.00110999 0.00116331
v -0.00903581 0.00909001 0.00116331
v -0.00898303 0.00111461 0.00108793
v -0.00898303 0.00908539 0.00108793
v -0.00891358 0.00112068 0.00102756
v -0.00891358 0.00907932 0.00102756
v -0.00883159 0.00112786 0.00098579
v -0.00883159 0.00907214 0.00098579
v -0.00715000 0.00127498 0.00037374
v -0.00715000 0.00892502 0.00037374
v -0.00715000 0.00127498 -0.00020592
v -0.00715000 0.00892502 -0.00020592
v -0.00883159 0.00907214 -0.00152749
v -0.00891358 0.00907932 -0.00148571
v -0.00908000 0.00909388 -0.00117273
v -0.00906879 0.00909289 -0.00126406
v -0.00883159 0.00907214 -0.00081797
v -0.00891358 0.00907932 -0.00085974
v -0.00898303 0.00908539 -0.00142534
v -0.00903581 0.00909001 -0.00134996
v -0.00898303 0.00908539 -0.00092011
v -0.00903581 0.00909001 -0.00099549
v -0.00906879 0.00909289 -0.00108139
v -0.00883159 0.00112786 -0.00081797
v -0.00891358 0.00112068 -0.00085974
v -0.00908000 0.00110612 -0.00117273
v -0.00906879 0.00110711 -0.00108139
v -0.00898303 0.00111461 -0.00092011
v -0.00903581 0.00110999 -0.00099549
v -0.00883159 0.00112786 -0.00152749
v -0.00891358 0.00112068 -0.00148571
v -0.00898303 0.00111461 -0.00142534
v -0.00903581 0.00110999 -0.00134996
v -0.00906879 0.00110711 -0.00126406
vt 0.01789314 0.00571686
vt -0.04322373 0.00200000
vt 11.51917267 -0.00025000
vt 6.70401287 -0.02810516
vt 0.02486774 0.00184003
vt 5.60998678 -0.00000000
vt 2.31188178 0.01795720
vt 6.02138615 0.00100000
vt 0.01665729 -0.00318230
vt -0.00070711 -0.01500000
vt 0.03256885 0.00008152
vt 0.03923319 -0.00000000
vt 5.45924807 0.00100000
vt -0.00000000 0.00567500
vt 0.00000000 0.02674000
vt 1.83259571 0.00000000
vt -0.00707119 -0.02585295
vt 0.03865354 -0.00000000
vt -0.04322373 0.00550000
vt -0.00772436 -0.00000000
vt 0.00062715 -0.01522691
vt 0.00168711 0.00474649
vt 5.70820093 0.00000000
vt 0.00778005 0.00016761
vt 0.02318686 0.00108253
vt 1.04719758 -0.00050000
vt -0.00108253 0.00062500
vt 4.71238899 0.00000000
vt 0.00968595 0.00031962
vt 6.20533800 0.01704164
vt 0.02285970 0.00184003
vt -0.00381354 -0.00000000
vt -0.01629814 0.00000000
vt 0.00088388 -0.00088388
vt 0.04480165 0.00042015
vt 9.68657780 -0.00025000
vt 0.00254769 0.00413414
vt 0.03743411 0.00016761
vt 4.97418833 0.00000000
vt 2.06485319 0.01795720
vt 0.02996966 0.00011463
vt 1.00000000 1.02962077
vt 0.00005513 -0.01756143
vt 0.00000000 0.01332505
vt 4.96134186 -0.02810516
vt -0.00070711 -0.01731051
vt 0.02296184 0.00031962
vt 0.03297316 0.00023732
vt 0.03733196 0.00031962
vt 7.06858349 0.00000000
vt 0.02376927 -0.00032352
vt 5.75958633 -0.00025000
vt 6.05878592 -0.00000000
vt 0.00095628 0.00072473
vt 0.02794662 0.00177032
vt -0.00062500 0.00108253
vt 5.78175402 -1.38687336
vt 5.93411922 0.00552788
vt 0.00743610 0.00008152
vt 4.71238899 0.02175720
vt 0.00254769 0.04106586
vt 3.44600582 0.00000000
vt 0.00017498 0.01100752
vt -0.00357866 -0.00948459
vt 0.01538024 0.00177032
vt 4.97418833 -0.00688378
vt 5.79477167 -0.89758366
vt 0.01722577 0.00031962
vt 0.00011156 0.03775884
vt 3.71657705 0.01795720
vt 0.00782502 0.03923319
vt 5.97227478 -0.89763159
vt 0.00465940 0.00168802
vt 0.03923319 0.00200764
vt 0.02480737 0.00177032
vt -0.00244306 -0.00981573
vt 0.01645807 0.00070000
vt 0.01789352 0.00023732
vt 6.28318548 0.02674000
vt 0.00732519 -0.01697717
vt 0.02983392 0.00177032
vt 9.68657780 0.00000000
vt 2.61799383 0.00000000
vt 0.02727887 0.00031962
vt -0.00293725 0.00070000
vt 9.16297817 0.00000000
vt 0.01662507 -0.00308995
vt -0.00370186 -0.01050000
vt 0.01211289 0.04045351
vt 0.02131186 0.00000000
vt 0.02242984 0.00189301
vt -0.00070711 0.00000000
vt 6.09161568 0.00307498
vt -0.00158948 -0.01864751
vt 5.23598766 -0.00000000
vt 0.02269841 0.00192612
vt 0.00782502 0.02415354
vt 3.33316231 0.01072502
vt 0.00224482 -0.00224061
vt 0.00000000 0.02674000
vt 3.25379229 0.00696714
vt 0.00510549 0.00008152
vt 0.02278432 0.00189301
vt 0.02251575 0.00008152
vt 0.00782502 0.00404735
vt 0.00782502 0.04116681
vt 5.97928572 0.00028163
vt 6.67637920 0.01713383
vt 5.97877216 0.00100000
vt -0.01013657 0.00070711
vt 0.00000000 0.01347217
vt 4.46804285 0.01349292
vt 3.14159274 0.01148600
vt 0.00017498 0.03865354
vt -0.00228088 -0.00948043
vt 2.87979317 -0.00100000
vt 0.00000000 -0.02175720
vt 5.70820093 0.00100000
vt -0.04305666 0.00121767
vt 0.00782502 0.01854734
vt 0.04045261 0.00184003
vt 5.45924807 -0.02590516
vt 0.01542202 0.00031962
vt 0.02543334 0.00023732
vt 0.02294891 0.00458902
vt 0.00501416 0.00193737
vt 0.00276282 -0.00300552
vt -0.05733649 0.00141421
vt 0.03989338 0.00044341
vt 0.01282564 0.03967405
vt 0.00532715 0.00023732
vt 7.33038282 0.00000000
vt 3.49065852 0.00552788
vt 4.71238899 -0.02810516
vt -0.01330911 -0.01822570
vt 0.00086603 -0.00050000
vt 0.01497593 0.00192612
vt 0.00782502 0.01410045
vt 0.01717798 0.00088388
vt 3.61928749 0.01440000
vt 0.03266018 0.00007027
vt 5.60998678 0.00050000
vt 0.00294211 -0.00280017
vt 0.00788220 0.00168802
vt 1.00000000 0.75903302
vt 5.16322231 0.01090000
vt 0.01838539 0.00120741
vt 0.03301494 0.00168802
vt 2.87979317 -0.00025000
vt 0.02772496 0.00008152
vt 0.02288539 -0.00120741
vt 0.02494312 0.00189301
vt 3.92699075 -0.00400000
vt 4.97418833 -0.01148600
vt 0.01100752 0.00200764
vt 0.00974000 -0.01883013
vt 5.75958633 -0.00400000
vt 0.00579242 0.00161453
vt 0.00724000 -0.00093782
vt 0.00498014 0.00221830
vt 0.02547512 0.00031962
vt 0.02415354 0.00200764
vt 3.71657705 0.02175720
vt 0.00018895 -0.01737146
vt 2.87979317 0.02674000
vt 0.01542202 0.00168802
vt 0.78539819 -0.00400000
vt 0.01718901 -0.00098691
vt 0.02989429 0.00184003
vt 0.02537297 0.00016761
vt 0.01838539 -0.00120741
vt 5.95715380 0.00100000
vt 3.38780618 0.01090000
vt -0.01162230 -0.02707242
vt 0.04070006 0.00158116
vt 6.02138615 -0.00750000
vt 2.35619450 -0.00750000
vt 0.00821400 -0.03741567
vt 0.01697933 0.00062500
vt 0.00000000 0.00849145
vt 0.03526478 0.00192612
vt 0.26179940 -0.00750000
vt 7.61846113 0.01725168
vt 0.01050000 0.00000000
vt -0.01645807 -0.00000000
vt 0.02106062 0.00200764
vt 0.26179940 -0.00000000
vt 3.14159274 0.00100000
vt 0.78539819 0.00000000
vt -0.06033649 0.01800000
vt 0.00097436 0.03967405
vt 0.02377897 0.00419655
vt 0.00000000 -0.00100000
vt 8.11578083 0.00000000
vt 0.01100752 -0.00000000
vt -0.00264773 0.00011650
vt 0.00465940 0.00031962
vt 0.03420664 -0.00000000
vt 0.02034642 0.00184003
vt -0.00100000 -0.00000000
vt -0.01628600 -0.01094000
vt 0.03362699 -0.00000000
vt 0.00050000 -0.02063657
vt 0.01475427 0.00023732
vt 4.96134186 -0.02590516
vt 0.01973905 0.00168802
vt 10.99557400 0.00000000
vt 0.00044491 0.00000000
vt 0.01629814 -0.02590516
vt 0.00797223 -0.01809789
vt 0.02732064 0.00177032
vt 0.01039547 0.00168802
vt 4.18879032 -0.00400000
vt 0.00017498 0.00907390
vt 3.86584735 0.01090000
vt 0.01286697 0.00023732
vt 0.00782502 0.02164027
vt 0.02529759 0.00189301
vt 2.61799383 -0.00100000
vt 0.00271873 -0.00302178
vt 0.01021795 0.00189301
vt 0.01292881 -0.04695811
vt 0.03291279 0.00184003
vt 0.02235446 0.00016761
vt 0.01767186 0.00192612
vt -0.00010000 0.01350000
vt 0.00000000 0.00774000
vt 0.00724000 -0.01633013
vt 5.16118813 0.00050000
vt 5.93120766 -0.00000000
vt 3.66519141 0.00000000
vt 5.44542742 0.00551463
vt 0.02193686 0.00108253
vt -0.01179023 -0.01874000
vt -0.05957256 0.02000000
vt 5.34729528 0.00290000
vt 2.35619450 -0.00025000
vt 0.03526478 0.00008152
vt -0.00178951 0.01347217
vt 0.03994738 0.00184003
vt 1.14891672 -0.00000141
vt 0.00025882 -0.00096593
vt 0.00017498 0.02860044
vt 0.00017498 0.02666682
vt -0.00000000 0.00552788
vt 0.00510549 0.00192612
vt 0.03039952 0.00184003
vt 4.71238899 0.00000000
vt 5.38558722 0.00050000
vt 0.00017498 0.00849425
vt -0.00000000 0.01332505
vt 0.00598502 -0.02063657
vt 5.38863897 0.01090000
vt 6.02138615 0.00000000
vt 0.04003400 0.00053881
vt 0.00045684 -0.00004235
vt 0.94175124 -0.00002656
vt 4.46804285 0.00550713
vt 5.75958633 0.00000000
vt 0.00506954 0.00600000
vt 0.01685446 0.00032352
vt -0.04152282 0.00003661
vt 7.12161016 0.01640000
vt -0.01667886 -0.01086061
vt 0.01665557 -0.00323155
vt 0.00735020 0.00011463
vt -0.01662507 0.00012720
vt 6.28318548 -0.00400000
vt 0.01335875 0.03876227
vt 5.97362709 -0.79799283
vt -0.06033649 0.00300000
vt 3.61928749 0.01090000
vt 0.01914440 -0.00062500
vt 0.00782502 0.03169337
vt 3.36599207 0.00691078
vt 0.00000000 -0.00000000
vt 1.00000000 0.73536825
vt 0.00881689 -0.03035516
vt 0.02794662 0.00023732
vt 3.17516518 0.04072311
vt 0.00000000 0.00141421
vt 4.93004704 0.01695720
vt 5.97581244 -0.60042053
vt 7.38294077 0.01795720
vt 0.00128016 0.00211986
vt -0.00698600 -0.04350000
vt 0.03492084 0.00184003
vt 0.01211289 0.00474649
vt 1.57079637 -0.00025000
vt 0.26179940 -0.02724000
vt 3.66519141 0.00100000
vt 0.00782502 0.01352080
vt 6.20610666 -0.02810516
vt 0.00717268 0.00168802
vt 3.36599207 0.01148600
vt -0.00276282 0.00000781
vt 0.00017498 0.03420664
vt 0.01538024 0.00023732
vt 4.92402458 0.00290000
vt 1.57079637 -0.00400000
vt 7.06858349 -0.00025000
vt -0.04242731 0.00044377
vt 0.00881689 -0.03966567
vt 0.00000000 -0.00100000
vt 0.00788220 0.00031962
vt 2.87979317 0.00000000
vt 0.02288539 0.00120741
vt 0.01661372 -0.00000000
vt 0.01868686 -0.00108253
vt -0.01675907 -0.01050253
vt 3.28850555 0.04170000
vt -0.01508023 -0.02081051
vt -0.04316701 0.00155619
vt 0.03542607 0.00184003
vt 0.01010000 0.00475168
vt 5.98935938 0.00480000
vt 0.26179940 0.00774000
vt 3.05296707 0.01795720
vt 0.00680000 -0.02050000
vt 0.03481869 0.00031962
vt 5.68977356 0.01347934
vt 0.02040679 0.00023732
vt 0.00381354 -0.00300000
vt 0.04116681 -0.00000000
vt 0.01748920 0.00008152
vt 0.00000000 0.00849145
vt 1.57079637 -0.00750000
vt 4.45058966 0.00000000
vt 0.00269655 -0.00114575
vt 3.40339208 -0.00400000
vt 0.78539819 0.00774000
vt 0.00536892 0.00031962
vt 0.01180000 0.00044491
vt 0.03865354 0.00200764
vt -0.01496026 -0.00000000
vt 0.00851400 -0.06460515
vt 2.61799383 0.00100000
vt 10.47197533 -0.00025000
vt 0.02724000 -0.01633013
vt 0.01035370 0.00023732
vt 0.01973905 0.00031962
vt 0.03889840 0.00003373
vt 5.36536360 0.02175720
vt 5.93109083 -0.00000000
vt 0.00017498 0.01410045
vt 1.83259571 -0.00400000
vt 0.02147933 -0.00062500
vt 0.02781087 0.00189301
vt 6.02138615 -0.01148600
vt -0.01392299 -0.01754435
vt 0.04037724 0.00011463
vt 0.75197589 0.02475086
vt 0.00371400 -0.03741567
vt 0.02312916 0.00451887
vt 3.28748274 0.04115530
vt 0.03804149 0.00168802
vt 0.00000000 0.02724000
vt 0.01984119 0.00016761
vt 6.80678415 0.00000000
vt 5.49778700 -0.00400000
vt 5.97877216 0.00030000
vt -0.00000000 0.00552788
vt 0.00017498 0.02106062
vt 5.75958633 0.00050000
vt 1.00000143 0.64254284
vt 0.00066244 -0.01597101
vt 3.92699075 -0.00025000
vt 0.03169337 -0.00000000
vt 0.01273122 0.00189301
vt 0.00476155 0.00184003
vt 0.00000000 -0.00724000
vt -0.00086603 -0.00050000
vt 5.75958633 0.00100000
vt 0.00965985 0.00349993
vt 3.14159274 0.00000000
vt 5.80027676 -0.62099171
vt 0.01410045 -0.00000000
vt 0.00907390 -0.00000000
vt -0.00125000 -0.00000000
vt 0.00370000 0.00351186
vt 8.90117931 0.00000000
vt 0.02223834 -0.00120741
vt 1.83259571 -0.00050000
vt 0.02364440 0.00062500
vt -0.02556757 0.78962690
vt 6.63336229 0.01090000
vt 2.61799383 0.02674000
vt 4.95673513 0.00550713
vt 0.00000000 0.00774000
vt 0.52359879 0.00774000
vt 0.00782502 -0.00000000
vt -0.00000000 0.00552788
vt 0.02754230 0.00192612
vt -0.00333228 -0.01045376
vt 6.28318548 -0.00598600
vt -0.00481051 0.00774000
vt 0.00017498 0.02415354
vt -0.00032352 -0.00120741
vt 1.57079637 0.00000000
vt -0.00732094 -0.02525000
vt 0.02018514 0.00008152
vt 0.02537297 0.00184003
vt 5.79656124 -0.81919372
vt 0.00492283 0.00008152
vt -0.00000000 0.00141421
vt 0.01237675 0.00189301
vt 0.04520000 0.00200764
vt 6.34471416 0.00000000
vt 0.00006941 -0.01754000
vt -0.00772436 0.00774000
vt 1.83259571 -0.00025000
vt 0.00433369 0.00293722
vt 0.03614026 -0.00000000
vt 0.01793529 0.00168802
vt 5.73429680 0.01795720
vt 1.04719758 -0.00000000
vt 0.04020000 0.00193737
vt 0.04573607 0.00141421
vt 0.01352080 0.00200764
vt 5.16118813 -0.00000000
vt 5.75958633 0.00774000
vt 0.00782502 0.01661372
vt 2.87979317 0.00000000
vt 0.01524450 0.00011463
vt 0.01707517 -0.00246086
vt 0.00262475 -0.00312337
vt -0.01550593 0.00000000
vt 0.00017498 0.02918009
vt -0.00029064 -0.01794148
vt 1.83259571 -0.00750000
vt 0.03759539 0.00008152
vt 6.45505953 0.00000000
vt 0.00000437 0.49490064
vt 0.01255398 0.00007027
vt 0.02344575 0.00088388
vt 3.66519141 0.01695720
vt 0.00972772 0.00023732
vt 8.90117931 -0.00025000
vt 0.00371400 -0.02790515
vt 0.01868686 0.00108253
vt 0.00770468 0.00189301
vt -0.01657388 0.00005224
vt -0.00296653 -0.00539567
vt 0.00000664 0.75903302
vt 5.55893040 0.00290000
vt 0.00044491 0.00200764
vt 6.44085836 0.01708860
vt -0.01284447 -0.01850684
vt 10.73377514 -0.00025000
vt 2.18836761 0.01722025
vt 0.01716688 -0.00087264
vt 0.01380000 0.00849145
vt 0.00721445 0.00023732
vt 0.00257372 0.01640000
vt 0.03230542 0.00168802
vt -0.01550593 0.00070000
vt 3.96553016 0.02175720
vt 0.00044125 0.00643773
vt 5.45924807 -0.02810516
vt 0.01655291 -0.00302392
vt 0.00986347 0.00011463
vt -0.01086061 0.00055558
vt -0.00336219 -0.00936691
vt -0.01122163 0.00039828
vt -0.00481051 0.00141421
vt 0.01740329 0.00189301
vt 0.00727482 0.00184003
vt 0.00200721 -0.00185859
vt 5.98935938 0.00039286
vt 5.36688757 -0.00636606
vt -0.00070711 -0.00070711
vt 0.03248294 0.00189301
vt 0.02260708 0.00007027
vt -0.05993456 0.00150000
vt 3.46762419 0.02175720
vt 4.28911829 0.01090000
vt 2.96971822 0.02175720
vt 0.01914440 0.00062500
vt 0.02167798 -0.00088388
vt 4.97418833 -0.00025000
vt 1.57079637 -0.00050000
vt 11.25737381 -0.00025000
vt 6.02138615 0.00050000
vt 0.01264532 0.00192612
vt 9.42477798 -0.00025000
vt 3.29999566 0.01702565
vt 0.00017498 0.01352080
vt 0.00752744 0.00007027
vt 6.28318548 0.00774000
vt 8.63937950 0.00000000
vt 0.03266018 0.00193737
vt 0.00461282 0.00253811
vt 0.01631051 -0.00050000
vt 0.01368844 0.00744116
vt 0.01224100 0.00177032
vt 0.00381354 0.00000000
vt -0.00089589 -0.01837575
vt -0.01148600 -0.02810770
vt 0.00261923 -0.00326165
vt 0.00011156 0.00744116
vt 0.01496026 0.00600000
vt 0.00611666 0.02724000
vt 3.61928749 0.00290000
vt -0.01094000 -0.00000000
vt -0.00598600 -0.00750000
vt 0.00105862 0.00168613
vt 0.01010000 0.04168814
vt 0.00752744 0.00193737
vt 1.57079637 0.01725720
vt -0.00351186 0.00370000
vt 0.00088388 0.00088388
vt 0.03968807 0.00030413
vt 4.22369671 0.01349003
vt 0.01550593 0.00000000
vt -0.01628600 0.01050000
vt 0.00070711 -0.00070711
vt 5.73429680 0.01695720
vt 5.75958633 0.01695720
vt 1.23873699 0.00000000
vt 10.21017647 -0.00025000
vt 0.02650000 0.00141421
vt 6.05878592 0.00050000
vt 0.01775777 0.00011463
vt -0.00997583 0.00868983
vt 0.00096593 0.00025882
vt 0.02377897 0.01300000
vt 0.02529759 0.00011463
vt 6.02138615 -0.00598600
vt 0.04075000 0.00550000
vt 3.14159274 -0.00750000
vt -0.00000000 0.00724000
vt 0.01246265 0.00008152
vt 0.03786397 0.00011463
vt -0.05848454 0.00109126
vt 6.38923836 0.01640000
vt 2.09439516 0.00100000
vt 5.96791697 -1.18655586
vt 6.28318548 0.00100000
vt 10.47197533 0.00000000
vt 0.01659309 -0.00305245
vt -0.00728600 0.00023203
vt 0.02260708 0.00193737
vt 5.34729528 0.01090000
vt -0.00278599 0.00000196
vt 3.97935081 0.00551463
vt 5.70820093 -0.02590516
vt 0.01758053 0.00007027
vt 0.00727482 0.00016761
vt 5.79930401 -0.67305499
vt 5.75958633 0.00000000
vt 2.09439516 -0.00025000
vt 0.01029333 0.00184003
vt 3.92699075 -0.00750000
vt 0.01180000 0.04475509
vt 3.92699075 0.00000000
vt 3.44600582 0.01090000
vt 3.14159274 0.00774000
vt -0.00119020 -0.01094000
vt -0.04259041 0.00056809
vt 5.23598766 0.00000000
vt 0.01912700 -0.00000000
vt 6.28318548 0.02724000
vt -0.00000000 0.01332505
vt 0.02229410 0.00023732
vt 0.00040960 -0.01451445
vt 0.00264773 -0.00308238
vt 0.00000000 -0.00025000
vt 6.91189957 0.01717482
vt 0.00245383 0.00294070
vt 0.00849425 0.00200764
vt 0.00070711 0.00000000
vt 0.00017498 0.03362699
vt -0.00298548 -0.01031788
vt 4.45058966 -0.00025000
vt 4.71238899 -0.00025000
vt 0.01506726 0.00007027
vt 3.46762419 0.01795720
vt 6.38923836 0.01090000
vt 5.80487728 -0.21098274
vt 6.02138615 0.00000000
vt 0.01125231 0.00413414
vt 0.00519140 0.00011463
vt 0.00261197 -0.00316860
vt 3.65421200 0.00290000
vt 0.00735020 0.00189301
vt 0.01506726 0.00193737
vt 0.00000000 0.00070000
vt 4.97418833 -0.00750000
vt 0.01039547 0.00031962
vt 4.71238899 0.00100000
vt 1.30899692 -0.00050000
vt 7.60985756 0.01640000
vt 6.28318548 0.00000000
vt 0.02018514 0.00192612
vt 0.02763363 0.00007027
vt 0.00129286 -0.00035007
vt 0.03486047 0.00177032
vt -0.05968198 0.01987047
vt -0.00268285 -0.01010074
vt 0.00168711 0.04045351
vt 0.02666682 0.00200764
vt 0.01471250 0.00031962
vt -0.01653050 0.00001920
vt -0.04322373 0.01640000
vt 0.00821400 -0.03260516
vt 5.21029472 -0.02810516
vt 3.66519141 0.00000000
vt 0.02415354 -0.00000000
vt 5.21029472 -0.02590516
vt 6.54498482 -0.00025000
vt 0.02717732 -0.01688643
vt 0.00404735 0.00200764
vt -0.01629814 0.00141421
vt 3.40339208 0.00100000
vt 0.00541387 0.00199676
vt 0.03733196 0.00168802
vt 3.14159274 -0.00400000
vt 0.02781087 0.00011463
vt 5.80267477 -0.44862318
vt 6.02138615 0.02674000
vt 4.07748270 0.01090000
vt -0.04112148 0.00000000
vt 0.03023824 0.00008152
vt 0.00044125 0.03876227
vt -0.01178600 -0.00000000
vt -0.00370186 -0.00950000
vt 0.00717268 0.00031962
vt -0.04227041 0.00032419
vt 4.97418833 0.00000000
vt 4.71238899 -0.02590516
vt 5.49778700 0.00000000
vt 0.00000000 0.00774000
vt 0.02798839 0.00031962
vt 5.97743130 -0.40189698
vt 3.66519141 -0.00750000
vt 0.02193686 -0.00108253
vt 0.03988701 0.00177032
vt 0.26179940 0.02662074
vt 0.00637527 0.00189442
vt 6.02138615 -0.00025000
vt 0.01675081 -0.00313147
vt 0.00782502 0.00656063
vt 0.00114130 -0.00013696
vt -0.00263628 0.00042426
vt 4.71238899 0.00000000
vt 0.00994938 0.00192612
vt 0.01497593 0.00008152
vt -0.00000000 -0.00750000
vt 0.01991657 0.00011463
vt 2.61799383 0.00000000
vt 4.93780565 0.01090000
vt 0.02582471 -0.01858255
vt 6.45505953 -0.02590516
vt 0.00200000 0.04475509
vt -0.01628600 -0.01631051
vt 0.00627655 -0.02055541
vt 0.00784042 0.00023732
vt 3.40339208 0.00000000
vt 5.83438635 0.00050000
vt 0.04010867 0.00192612
vt 0.00782502 0.03671991
vt 0.02135446 -0.00032352
vt 3.28850555 0.04602693
vt 4.71238899 0.00598600
vt 0.03005557 0.00192612
vt 6.02138615 -0.00000000
vt 0.00851400 -0.04921285
vt 5.75958633 0.00000000
vt 5.96981764 0.01795720
vt 3.59039164 0.00668891
vt 0.04055602 0.00118821
vt 2.35619450 0.00100000
vt -0.05957256 0.00100000
vt 2.09439516 -0.00400000
vt 0.02135446 0.00032352
vt -0.00946158 -0.01695720
vt 0.03614026 0.00200764
vt 5.55345774 -0.00598600
vt 11.78097248 0.00000000
vt 4.71238899 -0.01148600
vt 5.20108128 0.00551002
vt 0.00778005 0.00184003
vt 3.61928749 0.00000000
vt 0.00032352 0.00120741
vt 0.00970000 0.04416187
vt 0.01150000 -0.00114575
vt 0.01515859 0.00192612
vt 3.73500466 0.01347934
vt 2.87979317 -0.00400000
vt 0.01524450 0.00189301
vt 0.03234719 0.00023732
vt 0.00953202 -0.02942318
vt 2.35619450 0.00000000
vt 0.01290875 0.00031962
vt 5.75958633 0.02724000
vt 5.68977356 0.00552071
vt 11.25737381 0.00000000
vt -0.00025882 0.00096593
vt 0.00506954 0.00820000
vt 10.99557400 -0.00025000
vt 1.30899692 -0.00400000
vt 1.81782484 0.01725113
vt 5.61405563 0.01090000
vt 0.00770468 0.00011463
vt 0.00199909 0.00276631
vt 0.00743610 0.00192612
vt 6.02305269 0.01640000
vt 2.61799383 0.00774000
vt 0.00978810 0.00184003
vt 0.02918009 0.00200764
vt 0.01550593 0.00300000
vt 0.03492084 0.00016761
vt 1.29794192 0.02015788
vt 4.71238899 0.01695720
vt 0.03848063 -0.00300000
vt 3.14159274 0.00000000
vt -0.06891111 1.05739546
vt 0.01683129 -0.00300000
vt 7.85398149 0.01640000
vt 0.00990017 0.00388025
vt 0.01697933 -0.00062500
vt 0.01286697 0.00177032
vt 7.85398149 0.00000000
vt 0.01661699 -0.00332143
vt 0.01158717 0.00200764
vt 7.85398149 0.01795720
vt -0.00222396 -0.00874346
vt 6.14511442 0.01090000
vt 0.00492283 0.00192612
vt 0.01273122 0.00011463
vt 0.00336652 -0.00294940
vt 1.57079637 0.00000000
vt 0.04052160 0.00113485
vt -0.06003939 0.01930165
vt 5.58302164 0.01695720
vt -0.01659309 0.00007418
vt 5.93109083 0.01090000
vt 0.00782502 0.03362699
vt -0.04300952 0.00113564
vt 1.01835561 0.02263572
vt 10.73377514 0.00000000
vt 0.01046400 -0.02870804
vt 0.03248294 0.00011463
vt 6.87748623 0.01090000
vt 0.02292007 0.00177032
vt 0.02979214 0.00031962
vt -0.04416187 0.00970000
vt 5.78924465 -1.12215090
vt 5.79213667 -1.01207530
vt 3.54702401 0.01795720
vt 0.03768672 0.00007027
vt -0.00000000 0.00200764
vt 0.02256186 -0.00125000
vt 1.30899692 -0.00025000
vt 5.49778700 -0.01148600
vt -0.04358547 0.00800758
vt 0.02521169 0.00192612
vt 0.02000248 0.00008152
vt 0.00895859 0.00294535
vt 0.26179940 0.00000000
vt -0.01148600 -0.04350000
vt 0.04002276 0.00189301
vt 0.03301494 0.00031962
vt 0.00782502 0.02357389
vt 0.00159997 0.00248718
vt 0.00017498 0.03614026
vt 0.03552821 0.00168802
vt 1.04590881 -0.00000862
vt 11.51917267 0.00000000
vt 3.33316231 0.00307498
vt 0.00094848 0.00121171
vt 1.04719758 0.00000000
vt 0.01989125 0.00552395
vt 3.44600582 0.00290000
vt 5.80067968 0.01795720
vt 0.00065465 0.00026726
vt 0.52359879 -0.00400000
vt 0.00721445 0.00177032
vt 0.00000000 -0.02724000
vt 8.37758064 0.00000000
vt 4.50075340 0.00290000
vt -0.01650698 0.00000859
vt -0.00346307 -0.00943929
vt 0.00366866 -0.02747690
vt 4.48798943 0.01148600
vt 0.02529630 -0.01876745
vt 3.66519141 0.01795720
vt -0.00231188 0.00566293
vt 0.13089970 0.02671006
vt -0.00161453 0.00800758
vt 0.03786397 0.00189301
vt 0.00267965 -0.00304788
vt -0.01628600 -0.00000000
vt 0.02235446 0.00184003
vt 0.03750949 0.00011463
vt 0.01219922 0.00168802
vt -0.01597933 -0.01863988
vt 2.55891013 0.01716725
vt -0.00261197 0.00023843
vt 0.01230137 0.00184003
vt 0.00017498 0.01603407
vt 0.01683129 0.00000000
vt 4.18879032 -0.00750000
vt 0.03486047 0.00023732
vt 0.52359879 -0.02724000
vt 0.03793934 0.00184003
vt -0.00000000 -0.00150000
vt -0.00231188 -0.00566293
vt 3.97935081 0.01348542
vt 1.04719758 0.00774000
vt 0.02474000 -0.01883013
vt 5.95715380 -0.02590516
vt 0.03499621 0.00011463
vt 0.00782502 0.03614026
vt -0.04322373 0.01350000
vt 0.00100453 0.00048558
vt -0.00103813 0.00970000
vt 9.94837666 0.00000000
vt -0.01271400 0.00000000
vt -0.01163267 -0.01747520
vt 2.61799383 -0.00750000
vt 0.00017498 -0.00000000
vt -0.00481051 0.02674000
vt -0.01233009 -0.01868101
vt 0.00402067 -0.03974504
vt -0.00000000 -0.01539230
vt 0.01740329 0.00011463
vt -0.00032352 0.00120741
vt 0.00000000 0.00552788
vt -0.00164338 0.01200000
vt 0.01267906 -0.04635515
vt 6.63336229 0.01640000
vt 3.81479096 0.00633149
vt -0.00320923 -0.00891449
vt 3.44600582 0.01440000
vt 3.47819185 0.00681765
vt 9.42477798 0.00000000
vt 5.83438635 -0.00000000
vt 0.02381186 0.00000000
vt 0.02745639 0.00011463
vt 0.01471250 0.00168802
vt 4.03919077 0.01148600
vt 0.02772496 0.00192612
vt 6.80678415 -0.00025000
vt 0.01271400 -0.02810516
vt 0.37835023 0.02649246
vt 0.02009381 0.00007027
vt 5.75958633 -0.00598600
vt 0.52317315 0.02614479
vt 0.00000000 0.00000000
vt 5.38863897 0.01640000
vt 3.14159274 0.04600000
vt 0.04055476 0.00168802
vt 2.09439516 0.00000000
vt 1.23417413 0.02079301
vt 1.57079637 -0.00000000
vt 0.00470118 0.00177032
vt 1.30899692 0.00000000
vt 0.04051299 0.00177032
vt 0.00000000 0.01347217
vt 0.00782502 0.01603407
vt 5.75958633 0.00000000
vt 1.35985649 0.00000000
vt -0.01178600 0.01050000
vt 0.02629872 -0.01828471
vt 0.03535069 0.00189301
vt 0.02666682 -0.00000000
vt -0.01178600 -0.01631051
vt -0.01675944 -0.01050000
vt 0.03050166 0.00168802
vt 0.03988701 0.00023732
vt 0.01758053 0.00193737
vt 7.33038282 -0.00025000
vt 6.28318548 0.00000000
vt 0.00000000 0.00125000
vt 0.03283742 0.00011463
vt -0.00050000 -0.00086603
vt 0.01013204 0.00008152
vt 4.92402458 0.01090000
vt 3.79405260 0.01695720
vt 6.28318548 -0.00025000
vt 0.02225232 0.00031962
vt 5.44542742 0.01348542
vt 4.50075340 0.01090000
vt 0.00070711 0.00070711
vt 1.00000000 1.30020857
vt 2.09439516 -0.00050000
vt 4.71238899 0.01148600
vt 4.71238899 0.01640000
vt 0.00800000 0.03670854
vt 0.03759539 0.00192612
vt -0.00481051 0.00000000
vt 0.00978810 0.00016761
vt 2.80593872 0.01712308
vt 0.01697147 -0.00027445
vt 5.93411922 0.01347217
vt -0.00000000 1.57079637
vt 0.00907390 0.00200764
vt 0.00836733 -0.03858035
vt 0.01158717 -0.00000000
vt 3.73500466 0.00552071
vt -0.01148600 -0.00750000
vt 6.14511442 0.01640000
vt 0.03671991 -0.00000000
vt -0.00000000 0.00567500
vt 7.14741993 0.01720932
vt 5.23598766 -0.00400000
vt 0.00100000 0.00000000
vt 0.02979214 0.00168802
vt 0.00000717 0.82000679
vt 4.46343613 0.02175720
vt 5.77609730 -1.57079637
vt 5.36536360 0.01695720
vt 7.85398149 0.01090000
vt 9.16297817 -0.00025000
vt 0.03984524 0.00168802
vt 0.02364440 -0.00062500
vt 0.03508212 0.00008152
vt 0.01681423 0.00007686
vt 0.00837770 -0.04817757
vt -0.00262475 0.00017447
vt 4.07748270 0.00290000
vt 0.01894575 0.00088388
vt 0.01301400 -0.04760516
vt 0.01926927 0.00032352
vt 3.66519141 -0.00400000
vt 2.87979317 -0.00750000
vt 0.00415930 0.00339197
vt 0.01603407 -0.00000000
vt 0.02344575 -0.00088388
vt 5.61405563 0.01640000
vt 0.49490115 0.02632006
vt 0.00972772 0.00177032
vt 0.01603407 0.00200764
vt 5.58302164 0.02175720
vt 0.00519140 0.00189301
vt 0.01984119 0.00184003
vt 3.14159274 -0.00025000
vt 0.01290875 0.00168802
vt -0.00000000 -0.01500000
vt 0.02167798 0.00088388
vt 1.00000000 1.10666955
vt 0.03799971 0.00177032
vt -0.00261010 0.00030484
vt -0.04168814 0.00370000
vt 0.02983392 0.00023732
vt 0.03032414 0.00011463
vt 0.03737374 0.00023732
vt 0.01224100 0.00023732
vt -0.00232865 -0.01874000
vt 6.02138615 0.00000000
vt 0.02034642 0.00016761
vt 0.00000000 -0.01695720
vt 0.00166231 -0.00059389
vt 3.98266125 0.00598600
vt 0.03045989 0.00177032
vt 0.01806186 -0.00125000
vt 0.52359879 0.00000000
vt 0.00000368 1.23417354
vt 5.20108128 0.01349003
vt 4.97418833 -0.00400000
vt 5.77056599 0.01090000
vt 0.01664186 -0.00327888
vt 0.00293725 0.00000000
vt 5.95715380 -0.02810516
vt 0.00782502 0.02860044
vt 0.03291279 0.00016761
vt -0.04033649 0.02000000
vt 0.00032352 -0.00120741
vt 5.23598766 -0.01148600
vt 0.02798839 0.00168802
vt 0.04475509 0.00200764
vt 0.02194572 0.00497945
vt 6.02138615 0.02724000
vt 0.02292007 0.00023732
vt 3.66519141 -0.00025000
vt 0.78539819 -0.00025000
vt 3.49357009 0.01440000
vt 8.63937950 -0.00025000
vt 0.02027105 0.00189301
vt 0.02040679 0.00177032
vt -0.00481051 -0.00000000
vt 0.01650698 -0.00300607
vt 5.90099049 0.01090000
vt -0.05883649 0.00084581
vt 0.04032897 0.00083632
vt 5.96513748 -1.34658515
vt 0.01854734 -0.00000000
vt 0.04520000 -0.00000000
vt 0.01894575 -0.00088388
vt 0.01773834 -0.00120741
vt 0.02106062 -0.00000000
vt 0.01991657 0.00189301
vt 11.79360771 0.00000000
vt 4.18879032 0.00000000
vt 2.72076535 0.01795720
vt 0.03050166 0.00031962
vt 5.75958633 0.02674000
vt -0.00000000 0.00951051
vt 0.02044857 0.00031962
vt 0.03743411 0.00184003
vt 4.71238899 0.00550615
vt 0.02476559 0.00031962
vt 0.04002276 0.00011463
vt 4.48798943 0.00598600
vt -0.00000000 0.01347217
vt 0.00000000 0.00000000
vt 0.00017498 0.03923319
vt 0.00782502 0.04520000
vt 0.04055476 0.00031962
vt 0.03111371 -0.00000000
vt -0.04033649 0.00141421
vt -0.01148600 0.00750000
vt 0.00757494 -0.01758013
vt -0.01496026 0.00141421
vt 3.28748274 0.04170000
vt 4.71238899 -0.00000000
vt 2.09439516 -0.00750000
vt -0.00267965 0.00006771
vt -0.00000000 -0.00400000
vt 0.03777806 0.00008152
vt 2.55891013 0.01795720
vt 0.01722577 0.00168802
vt 3.54702401 0.01697831
vt 0.02164027 0.00200764
vt -0.00010000 0.01640000
vt 0.02269841 0.00008152
vt 1.04719758 -0.00400000
vt 7.60985756 0.01090000
vt -0.00178951 0.00552788
vt 0.01645807 -0.00300000
vt 0.01035370 0.00177032
vt 0.00536892 0.00168802
vt 0.00598097 0.00200764
vt 1.57079637 0.00000000
vt 5.97831821 -0.22424044
vt 6.70401287 0.00100000
vt 0.01685446 -0.00032352
vt 5.13565969 0.00290000
vt 0.04475509 0.00000000
vt 0.01000000 0.00070711
vt 7.85398149 -0.00025000
vt -0.06023426 0.00222354
vt 0.00761877 0.00192612
vt 0.03234719 0.00177032
vt -0.00261923 0.00037003
vt 0.00491977 -0.04191567
vt 1.00000000 0.88388878
vt 0.00000000 0.02674000
vt 0.03039952 0.00016761
vt 0.03481869 0.00168802
vt 0.03737374 0.00177032
vt 1.00000000 1.57079637
vt 4.03919077 0.00598600
vt 0.03848063 0.00000000
vt -0.00070711 -0.01539230
vt 0.04037724 0.00189301
vt 0.00017498 0.00598097
vt 0.02000248 0.00192612
vt 0.02521169 0.00008152
vt 3.14159274 0.02674000
vt 0.00051331 -0.01670086
vt 0.01531987 0.00184003
vt 0.00025882 0.00096593
vt 0.02732064 0.00023732
vt 3.49368715 0.00000000
vt -0.01050253 0.00066902
vt 0.01489002 0.00011463
vt -0.05957256 -0.00000000
vt 0.03169337 0.00200764
vt -0.01271400 0.00141421
vt 0.00090587 -0.00016866
vt 0.00263887 -0.00330435
vt -0.00233273 -0.00838723
vt 0.01481464 0.00184003
vt 5.13565969 0.01090000
vt 2.09439516 0.00000000
vt 2.87979317 0.00100000
vt 5.49778700 0.00000000
vt 0.03750949 0.00189301
vt 0.01783315 0.00016761
vt 0.04075000 0.00200000
vt 0.01380000 0.03670854
vt 5.83947229 0.01640000
vt -0.00274029 0.00001747
vt 6.20533800 0.01795720
vt -0.04158873 0.00005516
vt -0.00120741 -0.00032352
vt 0.01154931 -0.02825849
vt 0.04116681 0.00200764
vt 0.01537166 0.00042426
vt 0.00017498 0.01912700
vt -0.00025882 -0.00096593
vt 8.37758064 -0.00025000
vt 0.00017498 0.01854734
vt 0.02147933 0.00062500
vt 3.21867108 0.01795720
vt 0.00476155 0.00016761
vt 0.03499621 0.00189301
vt 6.03697205 0.01090000
vt 0.01717798 -0.00088388
vt 1.83259571 0.00000000
vt 0.00000000 0.03670854
vt 1.30899692 0.00774000
vt 4.93004704 0.02175720
vt -0.00293725 0.00000000
vt 5.75958633 -0.01148600
vt 0.01237675 0.00011463
vt 0.02699242 -0.01741484
vt 0.02009381 0.00193737
vt 0.03552821 0.00031962
vt -0.01664186 0.00039440
vt 4.93780565 0.01640000
vt 2.06485319 0.01723328
vt 0.03283742 0.00189301
vt 4.84328890 -0.00696033
vt 5.78714800 -1.20106149
vt -0.00772436 0.02674000
vt 2.87979317 0.00774000
vt 4.45058966 0.00000000
vt 0.00836733 -0.03144047
vt 0.00280949 0.00000000
vt 5.10508823 -0.00675764
vt 0.02745639 0.00189301
vt 0.00017498 0.02608717
vt 0.03793934 0.00016761
vt 0.02229410 0.00177032
vt 7.73622131 0.01725581
vt 0.04010867 0.00008152
vt 6.54498482 0.00000000
vt 0.01912700 0.00200764
vt 0.02318686 -0.00108253
vt 0.00782502 0.02918009
vt 0.00684592 0.00201968
vt 4.18879032 0.00050000
vt -0.03805494 0.52763677
vt 0.03256885 0.00192612
vt 7.59218216 -0.00025000
vt -0.01202190 -0.02610769
vt 0.00782502 0.00849425
vt 6.09161568 0.01072502
vt 0.02788625 0.00184003
vt 0.02044857 0.00168802
vt 0.00909295 -0.01874494
vt 5.80067968 0.02175720
vt 0.00970000 0.00103813
vt 3.81479096 0.01148600
vt 5.23598766 0.00000000
vt 5.70820093 -0.02810516
vt 0.03804149 0.00031962
vt 0.00381354 0.00070000
vt -0.00320334 -0.00903850
vt -0.00062500 -0.00108253
vt 2.80593872 0.01795720
vt 0.01767186 0.00008152
vt 0.00261010 -0.00321555
vt 0.02476559 0.00168802
vt 5.14770555 0.02175720
vt 0.00849425 -0.00000000
vt 0.00000000 0.00141421
vt 0.02285970 0.00016761
vt 3.14159274 -0.00100000
vt 0.01515859 0.00008152
vt 3.29999566 0.01795720
vt -0.00096593 0.00025882
vt 0.52359879 -0.00750000
vt 0.01681186 0.00000000
vt 5.80067968 0.00100000
vt 0.00000000 0.03670854
vt 7.85398149 0.01570000
vt 4.93678856 0.00050000
vt 1.57079637 0.01747203
vt 6.28318548 -0.00750000
vt -0.00164338 0.00820000
vt 0.04051299 0.00023732
vt 6.28318548 0.00000000
vt 0.01793529 0.00031962
vt -0.00728600 -0.00950000
vt 0.00324056 -0.02590516
vt 1.04719758 -0.00025000
vt 5.96456289 -1.37916815
vt 4.45058966 -0.00400000
vt 4.71238899 0.01349390
vt 6.28318548 0.00724000
vt 2.31188178 0.01720474
vt 0.01722430 -0.00173101
vt 0.04045261 0.00016761
vt 0.03240756 0.00016761
vt 3.43541861 0.04610714
vt 5.23598766 -0.00750000
vt -0.00000000 0.01332505
vt 5.97096300 -0.99343318
vt 0.00017498 0.04116681
vt 5.45924807 0.00000000
vt -0.06026127 0.01866756
vt 0.00070711 0.01539230
vt 6.02138615 -0.00400000
vt 0.00782502 0.03865354
vt 0.01743686 0.00108253
vt 0.01230137 0.00016761
vt -0.00000000 0.01539230
vt 0.00761877 0.00008152
vt -0.01665729 0.00025781
vt 3.65421200 0.01090000
vt 0.03777806 0.00192612
vt 4.21448326 0.02175720
vt 0.00656063 0.00200764
vt 0.01125231 0.04106586
vt 5.23598766 -0.00658408
vt 3.40339208 -0.00000000
vt 0.03014690 0.00007027
vt -0.04318152 0.00160069
vt 2.72076535 0.02175720
vt 0.03535069 0.00011463
vt 0.02480737 0.00023732
vt 5.96894073 -1.12215996
vt 0.01004071 0.00007027
vt 0.00097436 0.00552595
vt 0.03548644 0.00177032
vt 2.09439516 -0.00000000
vt 0.02989429 0.00016761
vt 4.45058966 0.00050000
vt -0.05945035 0.00016029
vt 4.71238899 -0.00750000
vt 0.00000000 0.01347217
vt 0.01280660 0.00184003
vt -0.01655291 0.00003382
vt 0.00108253 0.00062500
vt 0.03508212 0.00192612
vt 0.01978082 0.00177032
vt 4.26358986 0.01148600
vt 4.46343613 0.01695720
vt 5.83947229 0.01090000
vt 5.77056599 0.00290000
vt 0.26179940 -0.00724000
vt 0.03023824 0.00192612
vt 0.01775777 0.00189301
vt 0.03517345 0.00193737
vt 4.18879032 0.00000000
vt 0.00849000 -0.01849519
vt 0.00280949 -0.00300000
vt 7.14741993 0.01795720
vt -0.01392558 -0.01754000
vt 0.00017498 0.04520000
vt 0.03032414 0.00189301
vt 0.01004071 0.00193737
vt 0.03230542 0.00031962
vt 0.01664691 -0.00313412
vt -0.00598600 0.00750000
vt 0.01335875 0.00643773
vt 0.01931186 0.00000000
vt -0.00070711 0.00000000
vt 5.23598766 -0.00025000
vt 0.00782502 0.00598097
vt 0.01726755 0.00023732
vt 5.49791002 -0.00609934
vt 0.00784042 0.00177032
vt -0.00000000 0.01332505
vt 1.57079637 0.00000000
vt 6.70401287 -0.02590516
vt 0.02357389 0.00200764
vt 0.00404735 -0.00000000
vt 0.01645807 0.00000000
vt -0.01664691 0.00018968
vt 1.30834877 0.02005517
vt 0.00050000 0.00086603
vt 7.85398149 0.01725720
vt 6.91189957 0.01795720
vt -0.00946158 -0.02175720
vt 6.02138615 0.00774000
vt 1.57079637 0.00774000
vt 0.78587949 0.02454269
vt 0.00062500 0.00108253
vt 0.02376927 0.00032352
vt 0.03005557 0.00008152
vt 4.96134186 0.00000000
vt -0.00086603 0.00050000
vt 0.00027586 0.00042426
vt 0.00782502 0.01100752
vt 0.02027105 0.00011463
vt -0.00506954 0.00141421
vt 6.44085836 0.01795720
vt 0.04029133 0.00192612
vt -0.00000000 -0.01731051
vt 1.81782484 0.01795720
vt -0.00178951 0.00567500
vt 5.96102142 -1.57079637
vt -0.00000000 0.01347217
vt 0.03930487 0.00013515
vt 0.03984524 0.00031962
vt 5.90099049 0.01640000
vt 0.01246265 0.00192612
vt -0.00772436 0.00141421
vt 5.80310106 -0.41796038
vt 0.03297316 0.00177032
vt 0.00994938 0.00008152
vt 0.02727887 0.00168802
vt 0.00611666 0.00724000
vt 8.11578083 -0.00025000
vt 0.01743686 -0.00108253
vt 0.00782502 0.02608717
vt 0.02296184 0.00168802
vt 0.00017498 0.02357389
vt 7.38294077 0.01723542
vt 0.00352179 -0.02700750
vt 0.01661372 0.00200764
vt 0.26179940 -0.00025000
vt 3.86584735 0.00290000
vt 0.00483692 0.00011463
vt 0.00410000 0.00387538
vt 1.30899692 -0.00750000
vt 1.04750776 0.02239021
vt 0.00782502 0.01912700
vt 0.01352080 -0.00000000
vt -0.00000000 -0.00125000
vt 0.02543334 0.00177032
vt 1.57079637 0.00100000
vt 5.97843456 -0.20100711
vt 3.79405260 0.01795720
vt 0.00120741 -0.00032352
vt 0.02223834 0.00120741
vt 0.00381354 0.00550000
vt 0.02860044 -0.00000000
vt 0.02225232 0.00168802
vt 5.21029472 0.00000000
vt -0.04033649 -0.00000000
vt 0.02788625 0.00016761
vt 4.97418833 0.00050000
vt 0.02256186 0.00125000
vt 0.01806186 0.00125000
vt 0.01631051 -0.02050000
vt 3.14159274 0.00000000
vt 0.00000540 1.02962077
vt -0.00000000 0.00300000
vt 0.03548644 0.00023732
vt 0.00017498 0.03111371
vt 0.01748920 0.00192612
vt 5.55893040 0.01090000
vt 0.52359879 -0.00100000
vt 4.93678856 -0.00000000
vt 6.45505953 0.00100000
vt 0.00588829 0.00188662
vt 0.52359879 -0.00724000
vt 0.00293725 0.00300000
vt 2.61799383 -0.00025000
vt -0.00096593 -0.00025882
vt -0.04191095 0.00014583
vt 0.02502902 0.00008152
vt 0.04383589 0.00002668
vt 0.00532715 0.00177032
vt 0.04069075 0.00155576
vt 0.00000296 1.30020857
vt 5.80067968 0.00480000
vt -0.00280949 -0.00000000
vt -0.00324548 -0.00879574
vt 0.01282564 0.00552595
vt 0.00656063 -0.00000000
vt 0.01264532 0.00008152
vt 3.96553016 0.01695720
vt 2.93091941 0.01795720
vt 0.00017498 0.03169337
vt 0.00108155 0.00025408
vt 0.03671991 0.00200764
vt 0.00526678 0.00184003
vt 0.00017498 0.00404735
vt 0.02242984 0.00011463
vt 0.01726755 0.00177032
vt 0.00526678 0.00016761
vt 0.00255704 -0.00316000
vt 0.00986347 0.00189301
vt 4.71238899 0.01570000
vt 0.52359879 -0.00025000
vt 6.28318548 -0.00000000
vt -0.04203101 0.00020540
vt 5.97877216 -0.00000000
vt 1.14891672 -0.00030779
vt -0.00000577 0.00002598
vt 3.14159274 0.00698600
vt 0.00000000 0.00100000
vt 1.57079637 0.01795720
vt 5.38558722 -0.00000000
vt -0.05811295 0.00126965
vt 0.01978082 0.00023732
vt 5.49778700 0.00050000
vt 0.00096593 -0.00025882
vt 0.01004940 0.00430465
vt 7.61846113 0.01795720
vt 0.03994738 0.00016761
vt 4.71238899 0.01090000
vt 5.80549049 0.00000000
vt 0.00257372 0.01350000
vt 0.03275151 0.00192612
vt 1.69431055 0.01725567
vt 0.00017498 0.01158717
vt 0.03420664 0.00200764
vt 0.00017498 0.03671991
vt -0.00178951 0.01332505
vt 0.02996966 0.00189301
vt 0.01301400 -0.06460515
vt 11.78097248 -0.00025000
vt -0.00070711 0.00070711
vt 0.03768672 0.00193737
vt 6.20610666 0.00100000
vt 0.01854734 0.00200764
vt 2.96971822 0.01795720
vt 0.01531987 0.00016761
vt 0.01280660 0.00016761
vt 0.02669458 -0.01788885
vt -0.00125849 0.01200000
vt 6.20610666 -0.02590516
vt 0.01732792 0.00016761
vt 0.00050000 -0.00050000
vt -0.00000000 -0.00000000
vt -0.01648271 0.00000215
vt 10.21017647 0.00000000
vt 1.83259571 0.00100000
vt -0.01118311 -0.01856051
vt 3.21867108 0.02175720
vt 0.02164027 -0.00000000
vt 4.21448326 0.01695720
vt 0.02251575 0.00192612
vt 0.02918009 -0.00000000
vt 0.02608717 0.00200764
vt 5.97877216 0.00290000
vt 5.80549049 -0.00000000
vt 7.59218216 0.00000000
vt 0.04449084 0.00023808
vt -0.00293725 0.00550000
vt 0.01410045 0.00200764
vt 5.51042271 0.00000000
vt 0.00194407 0.01270000
vt 0.04020000 0.00007027
vt 0.00501416 0.00007027
vt 0.02547512 0.00168802
vt 0.00410000 0.04416187
vt -0.00070711 -0.00100000
vt 0.01489002 0.00189301
vt -0.00088388 -0.00088388
vt 5.78293610 -1.34661829
vt 0.00108253 -0.00062500
vt 0.01255398 0.00193737
vt 6.20610666 0.00000000
vt 2.61799383 -0.00400000
vt 0.03240756 0.00184003
vt -0.01370207 -0.01785086
vt 0.03517345 0.00007027
vt 6.28318548 -0.00000000
vt -0.00050000 0.00086603
vt 6.70401287 0.00000000
vt 0.04537047 0.00092561
vt 0.04350000 -0.00000000
vt 0.02062737 0.00532886
vt -0.00108253 -0.00062500
vt 0.00256179 -0.00255985
vt 2.61799383 0.00000000
vt -0.00772436 -0.00000000
vt -0.00328226 -0.00927191
vt 7.36573410 0.01090000
vt 4.26358986 0.00598600
vt -0.00120741 0.00032352
vt 0.02738101 0.00016761
vt 0.04416756 0.00010637
vt 5.49778700 -0.00025000
vt 0.02738101 0.00184003
vt 0.01773834 0.00120741
vt 4.71238899 -0.00698600
vt 4.71238899 0.00050000
vt 0.00000000 0.01347217
vt 0.04075000 0.01640000
vt 0.01789352 0.00177032
vt 0.02608717 -0.00000000
vt -0.00506954 -0.00000000
vt 5.96981764 0.01699555
vt 6.67637920 0.01795720
vt 0.04029133 0.00008152
vt 0.02278432 0.00011463
vt 0.00782502 0.02666682
vt 0.00070711 0.00951051
vt 0.02494312 0.00011463
vt 0.00324056 -0.02644985
vt 7.50070095 0.01724485
vt 0.02860044 0.00200764
vt 6.03697205 0.00290000
vt 3.05296707 0.01707490
vt 4.71238899 0.00290000
vt -0.05916277 0.00053749
vt 0.01732792 0.00184003
vt 0.02724000 -0.00093782
vt 0.01481464 0.00016761
vt 7.12161016 0.01090000
vt 3.40339208 -0.00025000
vt 1.94133902 0.01724362
vt 5.88972616 0.00100000
vt 3.43541861 0.04170000
vt -0.00000000 0.00552788
vt 0.02512036 0.00007027
vt 3.22466516 0.04094847
vt 5.23598766 0.00050000
vt 0.01021795 0.00011463
vt 0.03898678 0.00005578
vt 0.00598097 -0.00000000
vt 0.04112148 0.00300000
vt 6.02138615 0.00724000
vt 0.00280949 0.00070000
vt 0.00968595 0.00168802
vt 0.00470118 0.00023732
vt 3.49065852 0.01347217
vt 4.71238899 0.00000000
vt 5.21029472 0.00100000
vt 0.03799971 0.00023732
vt 0.00086603 0.00050000
vt 0.00782502 0.03111371
vt 2.35619450 -0.00400000
vt 0.00017498 0.02164027
vt 0.00782502 0.00907390
vt 0.04025134 0.00075801
vt 0.26179940 -0.00400000
vt 4.22369671 0.00551002
vt 0.00782502 0.02106062
vt 5.75958633 -0.00750000
vt 1.35985649 -0.00045466
vt 5.75958633 0.00724000
vt 0.78539819 -0.00750000
vt -0.05772807 0.00137792
vt -0.04033649 0.00100000
vt 6.28318548 0.00050000
vt 0.03542607 0.00016761
vt 0.02754230 0.00008152
vt 7.36573410 0.01640000
vt -0.00271873 0.00003080
vt 0.00194407 0.01200000
vt 0.01013204 0.00192612
vt 6.87748623 0.01640000
vt 0.02502902 0.00192612
vt 1.83259571 -0.00000000
vt -0.00698600 -0.02650000
vt -0.02257606 1.31047761
vt 0.01150000 0.00141421
vt 0.01029333 0.00016761
vt 0.01368844 0.03775884
vt 0.03275151 0.00008152
vt 0.01219922 0.00031962
vt 3.38780618 0.00290000
vt -0.00088388 0.00088388
vt 0.00125000 -0.00000000
vt 0.00050000 -0.00086603
vt 3.59039164 0.01148600
vt 4.18879032 -0.00025000
vt -0.00322820 -0.00916014
vt 0.00227275 0.01300000
vt 4.97418833 0.00000000
vt 0.02763363 0.00193737
vt 4.96134186 0.00100000
vt 0.52359879 0.00000000
vt 0.01629814 -0.02810516
vt 0.00062500 -0.00108253
vt 0.00370000 0.04168814
vt -0.00165723 0.00593019
vt 6.45505953 -0.02810516
vt 2.35619450 0.00000000
vt 0.03111371 0.00200764
vt 0.03014690 0.00193737
vt -0.00065465 0.00026726
vt 4.71238899 -0.00400000
vt 0.00200000 0.00044491
vt -0.01665557 0.00032746
vt 9.94837666 -0.00025000
vt 0.03362699 0.00200764
vt 1.30899692 0.00000000
vt 0.00120741 0.00032352
vt 0.01783315 0.00184003
vt 2.87979317 0.00000000
vt 4.28911829 0.00290000
vt 0.03946507 0.00020580
vt 5.80549049 0.00290000
vt 0.02512036 0.00193737
vt 0.00017498 0.00656063
vt 5.95715380 0.00000000
vt 6.28318548 -0.01148600
vt 0.00797810 -0.04721285
vt -0.01400482 -0.01740000
vt 4.45058966 -0.00750000
vt 5.97877216 -0.00000000
vt 3.40339208 -0.00750000
vt 3.14159274 0.04051498
vt 0.04075000 0.01350000
vt 0.00782502 0.03420664
vt 1.04719758 -0.00750000
vt 0.00782502 0.01158717
vt 0.03045989 0.00023732
vt 5.80476284 -0.22428447
vt 4.71238899 -0.00000000
vt 0.01475427 0.00177032
vt 5.97705078 -0.44861758
vt 5.97501135 -0.67309409
vt 0.00483692 0.00189301
vt 0.00934061 0.00318295
vt 0.26179940 -0.00100000
vt 0.00017498 0.01661372
vt 0.01926927 -0.00032352
vt 0.00800000 0.00849145
vt 5.16322231 0.01640000
vt -0.01663128 0.00042426
vt 0.02357389 -0.00000000
vt 5.49778700 -0.00750000
vt 0.82000816 0.02433130
vt 4.95673513 0.01349292
vt -0.04285690 0.00087002
vt 0.02486774 0.00016761
vt 0.02650000 -0.00000000
vt 5.14770555 0.01695720
vt -0.00220631 -0.00911550
vt -0.04275878 0.00075885
usemtl Cadet_Blue
f 137/1 77/2 160/3
f 77/2 79/4 160/3
f 160/3 79/4 159/5
f 79/4 81/6 159/5
f 159/5 81/6 158/7
f 81/6 91/8 158/7
f 158/7 91/8 157/9
f 91/8 90/10 157/9
f 157/9 90/10 156/11
f 90/10 93/12 156/11
f 156/11 93/12 155/13
f 93/12 92/14 155/13
f 155/13 92/14 154/15
f 92/14 95/16 154/15
f 154/15 95/16 153/17
f 95/16 97/18 153/17
f 153/17 97/18 152/19
f 97/18 96/20 152/19
f 152/19 96/20 151/21
f 96/20 100/22 151/21
f 151/21 100/22 150/23
f 100/22 99/24 150/23
f 150/23 99/24 149/25
f 99/24 102/26 149/25
f 149/25 102/26 148/27
f 102/26 101/28 148/27
f 148/27 101/28 147/29
f 101/28 105/30 147/29
f 147/29 105/30 146/31
f 105/30 104/32 146/31
f 146/31 104/32 145/33
f 104/32 106/34 145/33
f 145/33 106/34 144/35
f 106/34 107/36 144/35
f 144/35 107/36 143/37
f 107/36 98/38 143/37
f 143/37 98/38 142/39
f 98/38 82/40 142/39
f 142/39 82/40 141/41
f 82/40 88/42 141/41
f 141/41 88/42 140/43
f 88/42 86/44 140/43
f 140/43 86/44 139/45
f 86/44 80/46 139/45
f 139/45 80/46 138/47
f 80/46 78/48 138/47
f 138/47 78/48 137/49
f 78/48 77/50 137/49
f 1/51 27/52 2/53
f 27/52 49/54 2/53
f 2/53 49/54 3/55
f 49/54 48/56 3/55
f 3/55 48/56 4/57
f 48/56 47/58 4/57
f 4/57 47/58 5/59
f 47/58 46/60 5/59
f 5/59 46/60 6/61
f 46/60 45/62 6/61
f 6/61 45/62 7/63
f 45/62 44/64 7/63
f 7/63 44/64 8/65
f 44/64 43/66 8/65
f 8/65 43/66 9/67
f 43/66 42/68 9/67
f 9/67 42/68 10/69
f 42/68 41/70 10/69
f 10/69 41/70 11/71
f 41/70 40/72 11/71
f 11/71 40/72 12/73
f 40/72 39/74 12/73
f 12/73 39/74 13/75
f 39/74 38/76 13/75
f 13/75 38/76 14/77
f 38/76 37/78 14/77
f 14/77 37/78 15/79
f 37/78 36/80 15/79
f 15/79 36/80 16/81
f 36/80 35/82 16/81
f 16/81 35/82 17/83
f 35/82 34/84 17/83
f 17/83 34/84 18/85
f 34/84 33/86 18/85
f 18/85 33/86 19/87
f 33/86 32/88 19/87
f 19/87 32/88 20/89
f 32/88 31/90 20/89
f 20/89 31/90 21/91
f 31/90 30/92 21/91
f 21/91 30/92 22/93
f 30/92 29/94 22/93
f 22/93 29/94 23/95
f 29/94 28/96 23/95
f 23/95 28/96 24/97
f 28/96 26/98 24/97
f 24/97 26/98 1/99
f 26/98 27/100 1/99
f 29/94 73/101 28/96
f 73/101 74/102 28/96
f 28/96 74/102 26/98
f 74/102 75/103 26/98
f 26/98 75/103 27/100
f 75/103 51/104 27/100
f 51/104 50/105 27/100
f 27/100 50/105 49/106
f 50/105 52/107 49/106
f 49/106 52/107 48/108
f 52/107 53/109 48/108
f 48/108 53/109 47/110
f 53/109 54/111 47/110
f 47/110 54/111 46/112
f 54/111 55/113 46/112
f 46/112 55/113 45/114
f 55/113 56/115 45/114
f 45/114 56/115 44/116
f 56/115 57/117 44/116
f 44/116 57/117 43/118
f 57/117 58/119 43/118
f 43/118 58/119 42/120
f 58/119 59/121 42/120
f 42/120 59/121 41/122
f 59/121 60/123 41/122
f 41/122 60/123 40/124
f 60/123 61/125 40/124
f 40/124 61/125 39/126
f 61/125 62/127 39/126
f 39/126 62/127 38/128
f 62/127 63/129 38/128
f 38/128 63/129 37/130
f 63/129 64/131 37/130
f 37/130 64/131 36/132
f 64/131 65/133 36/132
f 36/132 65/133 35/134
f 65/133 66/135 35/134
f 35/134 66/135 34/136
f 66/135 67/137 34/136
f 34/136 67/137 33/138
f 67/137 68/139 33/138
f 33/138 68/139 32/140
f 68/139 69/141 32/140
f 32/140 69/141 31/142
f 69/141 70/143 31/142
f 31/142 70/143 30/144
f 70/143 71/145 30/144
f 30/144 71/145 29/146
f 71/145 72/147 29/146
f 29/146 72/147 73/148
f 165/149 185/150 184/151
f 186/152 176/153 177/154
f 176/153 175/155 177/154
f 177/154 175/155 178/156
f 175/155 174/157 178/156
f 178/156 174/157 179/158
f 174/157 168/159 179/158
f 179/158 168/159 180/160
f 168/159 170/161 180/160
f 180/160 170/161 181/162
f 170/161 172/163 181/162
f 181/162 172/163 182/164
f 172/163 173/165 182/164
f 182/164 173/165 183/166
f 173/165 171/167 183/166
f 183/166 171/167 184/151
f 171/167 164/168 184/151
f 184/151 164/168 165/149
f 448/169 445/170 446/171
f 445/170 442/172 446/171
f 446/171 442/172 447/173
f 447/173 442/172 444/174
f 442/172 443/175 444/174
f 444/174 443/175 441/176
f 443/175 440/177 441/176
f 441/176 440/177 439/178
f 440/177 438/179 439/178
f 439/178 438/179 437/180
f 438/179 436/181 437/180
f 437/180 436/181 435/182
f 436/181 434/183 435/182
f 435/182 434/183 433/184
f 434/183 432/185 433/184
f 433/184 432/185 431/186
f 432/185 429/187 431/186
f 431/186 429/187 430/188
f 430/188 429/187 416/189
f 429/187 398/190 416/189
f 416/189 398/190 399/191
f 391/192 353/193 382/194
f 391/192 382/194 390/195
f 382/194 381/196 390/195
f 390/195 381/196 389/197
f 381/196 380/198 389/197
f 389/197 380/198 388/199
f 380/198 379/200 388/199
f 388/199 379/200 387/201
f 379/200 378/202 387/201
f 387/201 378/202 386/203
f 378/202 377/204 386/203
f 386/203 377/204 385/205
f 377/204 376/206 385/205
f 385/205 376/206 384/207
f 376/206 345/208 384/207
f 384/207 345/208 383/209
f 353/210 354/211 372/212
f 353/210 372/212 382/213
f 372/212 371/214 382/213
f 382/213 371/214 381/215
f 371/214 375/216 381/215
f 381/215 375/216 380/217
f 375/216 373/218 380/217
f 380/217 373/218 379/219
f 373/218 366/220 379/219
f 379/219 366/220 378/221
f 366/220 362/222 378/221
f 378/221 362/222 377/223
f 362/222 365/224 377/223
f 377/223 365/224 376/225
f 365/224 344/226 376/225
f 376/225 344/226 345/227
f 412/228 413/229 87/230
f 413/229 414/231 87/230
f 87/230 414/231 408/232
f 403/233 404/234 411/235
f 404/234 410/236 411/235
f 408/232 409/237 87/230
f 409/237 406/238 87/230
f 87/230 406/238 404/234
f 406/238 407/239 404/234
f 404/234 407/239 410/236
f 185/240 165/241 188/242
f 165/241 187/243 188/242
f 200/244 202/245 208/246
f 202/245 215/247 208/246
f 203/248 216/249 202/245
f 216/249 211/250 202/245
f 202/245 211/250 215/247
f 194/251 192/252 193/253
f 192/252 190/254 193/253
f 193/253 190/254 189/255
f 188/256 187/257 191/258
f 191/258 195/259 188/256
f 195/259 196/260 188/256
f 188/256 196/260 198/261
f 196/260 197/262 198/261
f 198/261 197/262 199/263
f 210/264 205/265 344/266
f 369/267 363/268 362/269
f 375/270 355/271 373/272
f 355/271 366/273 373/272
f 375/270 371/274 355/271
f 371/274 372/275 355/271
f 355/271 372/275 354/276
f 197/277 196/278 359/279
f 196/278 210/264 359/279
f 359/279 210/264 370/280
f 210/264 344/266 370/280
f 370/280 344/266 374/281
f 344/266 365/282 374/281
f 374/281 365/282 368/283
f 365/282 367/284 368/283
f 362/269 363/268 365/282
f 363/268 364/285 365/282
f 365/282 364/285 367/284
f 366/273 355/271 362/269
f 355/271 361/286 362/269
f 362/269 361/286 369/267
f 359/279 360/287 197/277
f 360/287 356/288 197/277
f 197/277 356/288 358/289
f 356/288 357/290 358/289
f 237/291 289/292 229/293
f 289/292 303/294 229/293
f 229/293 303/294 230/295
f 303/294 308/296 230/295
f 230/295 308/296 225/297
f 308/296 307/298 225/297
f 225/297 307/298 222/299
f 307/298 309/300 222/299
f 222/299 309/300 223/301
f 309/300 313/302 223/301
f 223/301 313/302 217/303
f 313/302 312/304 217/303
f 217/303 312/304 212/305
f 312/304 321/306 212/305
f 321/306 343/307 212/305
f 212/305 343/307 213/308
f 343/307 342/309 213/308
f 213/308 342/309 214/310
f 342/309 341/311 214/310
f 214/310 341/311 207/312
f 341/311 205/313 207/312
f 341/311 340/314 205/313
f 340/314 339/315 205/313
f 205/313 339/315 344/316
f 339/315 338/317 344/316
f 344/316 338/317 345/318
f 260/319 261/320 269/321
f 261/320 268/322 269/321
f 192/323 194/324 204/325
f 194/324 299/326 204/325
f 204/325 299/326 226/327
f 299/326 298/328 226/327
f 226/327 298/328 227/329
f 298/328 297/330 227/329
f 227/329 297/330 233/331
f 297/330 295/332 233/331
f 233/331 295/332 238/333
f 295/332 293/334 238/333
f 238/333 293/334 239/335
f 293/334 292/336 239/335
f 239/335 292/336 240/337
f 292/336 273/338 240/337
f 216/339 203/340 221/341
f 216/339 221/341 220/342
f 221/341 218/343 220/342
f 220/342 218/343 219/344
f 235/345 232/346 234/347
f 232/346 231/348 234/347
f 234/347 231/348 228/349
f 231/348 224/350 228/349
f 278/351 279/352 264/353
f 264/353 265/354 278/351
f 265/354 266/355 278/351
f 278/351 266/355 277/356
f 267/357 240/358 273/359
f 273/359 274/360 267/357
f 274/360 275/361 267/357
f 267/357 275/361 266/355
f 275/361 276/362 266/355
f 266/355 276/362 277/356
f 279/352 270/363 264/353
f 270/363 271/364 264/353
f 264/353 271/364 263/365
f 271/364 272/366 263/365
f 263/365 272/366 262/367
f 272/366 268/368 262/367
f 262/367 268/368 261/369
f 289/370 237/371 287/372
f 237/371 255/373 287/372
f 287/372 255/373 288/374
f 288/374 255/373 285/375
f 255/373 256/376 285/375
f 285/375 256/376 286/377
f 286/377 256/376 283/378
f 256/376 257/379 283/378
f 283/378 257/379 284/380
f 284/380 257/379 282/381
f 257/379 258/382 282/381
f 282/381 258/382 280/383
f 258/382 259/384 280/383
f 280/383 259/384 281/385
f 259/384 260/386 281/385
f 281/385 260/386 269/387
f 405/388 415/389 393/280
f 415/389 416/390 399/391
f 395/288 394/287 392/279
f 395/288 392/279 396/290
f 393/280 415/389 392/279
f 415/389 399/391 392/279
f 399/391 397/289 392/279
f 392/279 397/289 396/290
f 402/281 401/283 393/280
f 401/283 400/284 393/280
f 393/280 400/284 405/388
f 337/392 336/393 383/394
f 336/393 391/395 383/394
f 383/394 391/395 390/396
f 385/397 388/398 386/399
f 388/398 387/400 386/399
f 390/396 389/401 383/394
f 389/401 388/398 383/394
f 383/394 388/398 384/402
f 388/398 385/397 384/402
f 50/403 76/404 355/405
f 50/403 355/405 89/406
f 189/407 162/408 193/409
f 162/408 89/406 193/409
f 193/409 89/406 354/410
f 89/406 355/405 354/410
f 354/410 353/411 193/409
f 353/411 351/412 193/409
f 193/409 351/412 352/413
f 352/413 349/414 193/409
f 349/414 350/415 193/409
f 193/409 350/415 346/416
f 346/416 347/417 193/409
f 347/417 348/418 193/409
f 193/409 348/418 316/419
f 291/420 282/421 280/422
f 280/422 281/423 291/420
f 281/423 269/424 291/420
f 291/420 269/424 290/425
f 269/424 268/426 290/425
f 290/425 268/426 272/427
f 272/427 271/428 290/425
f 271/428 270/429 290/425
f 290/425 270/429 279/430
f 336/431 337/432 331/433
f 333/434 334/435 327/436
f 334/435 332/437 327/436
f 327/436 332/437 331/433
f 332/437 335/438 331/433
f 331/433 335/438 336/431
f 333/434 327/436 328/439
f 327/436 324/440 328/439
f 328/439 324/440 330/441
f 319/442 317/443 323/444
f 320/445 319/442 322/446
f 319/442 323/444 322/446
f 322/446 323/444 325/447
f 323/444 326/448 325/447
f 325/447 326/448 324/440
f 326/448 329/449 324/440
f 324/440 329/449 330/441
f 320/445 322/446 318/450
f 322/446 315/451 318/450
f 318/450 315/451 314/452
f 310/453 305/454 315/455
f 305/454 314/456 315/455
f 306/457 300/458 311/459
f 300/458 304/460 311/459
f 311/459 304/460 310/461
f 304/460 305/462 310/461
f 301/463 296/464 306/465
f 296/464 300/466 306/465
f 291/467 290/468 294/469
f 291/467 294/469 302/470
f 294/469 296/471 302/470
f 302/470 296/471 301/472
f 219/473 218/474 224/475
f 218/474 228/476 224/475
f 236/477 232/478 235/479
f 253/480 249/481 248/482
f 236/477 248/482 246/483
f 253/480 248/482 251/484
f 236/477 235/479 248/482
f 235/479 241/485 248/482
f 248/482 241/485 251/484
f 249/481 250/486 248/482
f 250/486 252/487 248/482
f 248/482 252/487 254/488
f 242/489 245/490 243/491
f 246/483 247/492 236/477
f 247/492 242/489 236/477
f 236/477 242/489 244/493
f 242/489 243/491 244/493
f 278/494 277/495 279/496
f 277/495 276/497 279/496
f 279/496 276/497 275/498
f 292/499 290/500 273/501
f 290/500 279/496 273/501
f 273/501 279/496 274/502
f 279/496 275/498 274/502
f 295/503 296/504 294/505
f 295/503 294/505 293/506
f 294/505 290/507 293/506
f 293/506 290/507 292/508
f 296/509 295/510 300/242
f 295/510 297/511 300/242
f 300/512 297/513 304/514
f 297/513 298/515 304/514
f 304/514 298/515 305/516
f 298/515 299/517 305/516
f 319/518 320/519 194/520
f 320/519 318/521 194/520
f 318/521 314/242 194/520
f 194/520 314/242 299/522
f 314/242 305/523 299/522
f 193/524 316/525 194/520
f 316/525 317/526 194/520
f 194/520 317/526 319/518
f 284/527 282/528 291/529
f 291/529 303/530 284/527
f 303/530 289/531 284/527
f 284/527 289/531 283/532
f 289/531 286/533 283/532
f 287/534 288/535 289/531
f 288/535 285/536 289/531
f 289/531 285/536 286/533
f 303/537 291/538 302/539
f 303/537 302/539 308/540
f 302/539 301/541 308/540
f 308/540 301/541 307/542
f 309/543 307/510 306/242
f 307/510 301/544 306/242
f 310/538 312/545 311/546
f 312/545 313/547 311/546
f 311/546 313/547 306/548
f 313/547 309/549 306/548
f 321/550 312/522 315/242
f 312/522 310/551 315/242
f 337/552 338/553 331/554
f 338/553 339/555 331/554
f 331/554 339/555 327/556
f 339/555 340/557 327/556
f 327/556 340/557 324/558
f 340/557 341/559 324/558
f 324/558 341/559 325/560
f 341/559 342/561 325/560
f 325/560 342/561 322/562
f 342/561 343/563 322/562
f 322/562 343/563 315/564
f 343/563 321/545 315/564
f 337/565 383/566 338/567
f 383/566 345/568 338/567
f 403/569 405/570 400/571
f 403/569 367/572 404/573
f 367/572 364/574 404/573
f 404/573 364/574 87/575
f 364/574 363/576 87/575
f 87/575 363/576 83/577
f 363/576 369/578 83/577
f 83/577 369/578 84/579
f 369/578 361/580 84/579
f 84/579 361/580 85/581
f 85/581 361/580 73/582
f 361/580 355/583 73/582
f 73/582 355/583 76/584
f 403/569 400/571 367/572
f 400/571 401/585 367/572
f 367/572 401/585 368/586
f 401/585 402/587 368/586
f 368/586 402/587 374/588
f 402/587 393/589 374/588
f 374/588 393/589 370/590
f 393/591 392/592 370/593
f 392/592 359/594 370/593
f 397/595 399/191 398/190
f 199/596 197/597 398/190
f 197/597 358/598 398/190
f 398/190 358/598 397/595
f 358/598 357/599 397/595
f 397/595 357/599 396/600
f 357/599 356/601 396/600
f 396/600 356/601 395/602
f 356/601 360/603 395/602
f 395/602 360/603 394/604
f 360/603 359/590 394/604
f 394/604 359/590 392/589
f 445/605 448/606 454/607
f 448/606 449/608 454/607
f 199/609 398/610 429/611
f 179/612 180/613 188/614
f 180/613 181/615 188/614
f 188/614 181/615 182/616
f 182/616 183/617 188/614
f 183/617 184/618 188/614
f 188/614 184/618 185/619
f 450/620 440/621 452/622
f 440/621 443/623 452/622
f 452/622 443/623 455/624
f 443/623 442/625 455/624
f 455/624 442/625 451/626
f 442/625 445/627 451/626
f 451/626 445/627 453/628
f 445/627 454/629 453/628
f 450/620 186/630 198/631
f 186/630 177/632 198/631
f 198/631 177/632 188/614
f 177/632 178/633 188/614
f 188/614 178/633 179/612
f 429/611 432/634 199/609
f 432/634 434/635 199/609
f 199/609 434/635 198/631
f 434/635 436/636 198/631
f 198/631 436/636 450/620
f 436/636 438/637 450/620
f 450/620 438/637 440/621
f 204/638 203/639 192/640
f 203/639 202/641 192/640
f 214/642 207/643 206/644
f 206/644 209/645 214/642
f 209/645 208/646 214/642
f 214/642 208/646 213/647
f 208/646 215/648 213/647
f 215/648 211/649 213/647
f 213/647 211/649 212/650
f 212/651 211/652 217/653
f 211/652 216/242 217/653
f 217/650 216/654 220/655
f 217/650 220/655 223/656
f 220/655 219/657 223/656
f 223/656 219/657 222/658
f 219/659 224/242 222/660
f 224/242 225/661 222/660
f 232/662 229/663 231/664
f 229/663 230/665 231/664
f 231/664 230/665 224/666
f 230/665 225/667 224/666
f 229/668 232/669 237/653
f 232/669 236/242 237/653
f 246/670 260/671 259/672
f 246/670 259/672 247/673
f 259/672 258/674 247/673
f 247/673 258/674 242/675
f 258/674 257/676 242/675
f 242/675 257/676 245/677
f 257/676 256/667 245/677
f 245/677 256/667 243/678
f 256/667 255/665 243/678
f 243/678 255/665 244/679
f 255/665 237/663 244/679
f 244/679 237/663 236/680
f 248/242 261/681 246/682
f 261/681 260/683 246/682
f 241/684 240/671 267/685
f 241/684 267/685 251/686
f 267/685 266/687 251/686
f 251/686 266/687 253/688
f 266/687 265/689 253/688
f 253/688 265/689 249/690
f 265/689 264/691 249/690
f 249/690 264/691 250/692
f 264/691 263/693 250/692
f 250/692 263/693 252/694
f 263/693 262/695 252/694
f 252/694 262/695 254/696
f 262/695 261/663 254/696
f 254/696 261/663 248/697
f 235/242 239/698 241/699
f 239/698 240/700 241/699
f 228/701 233/702 234/703
f 233/702 238/704 234/703
f 234/703 238/704 235/705
f 238/704 239/663 235/705
f 228/706 218/707 233/708
f 218/707 227/709 233/708
f 227/710 218/711 221/712
f 227/710 221/712 226/713
f 221/712 203/714 226/713
f 226/713 203/714 204/650
f 196/715 195/716 201/717
f 200/718 208/719 209/720
f 206/721 207/722 205/723
f 209/720 206/721 200/718
f 206/721 205/723 200/718
f 200/718 205/723 201/717
f 205/723 210/724 201/717
f 201/717 210/724 196/715
f 391/725 336/726 353/727
f 336/726 351/728 353/727
f 323/729 317/730 316/731
f 323/729 316/731 326/732
f 316/731 348/733 326/732
f 326/732 348/733 347/734
f 352/735 332/736 334/737
f 352/735 334/737 349/738
f 334/737 333/739 349/738
f 349/738 333/739 350/740
f 333/739 328/741 350/740
f 350/740 328/741 346/742
f 328/741 330/743 346/742
f 346/742 330/743 347/734
f 330/743 329/744 347/734
f 347/734 329/744 326/732
f 332/736 352/735 335/745
f 352/735 351/746 335/745
f 335/745 351/746 336/747
f 430/748 416/749 444/750
f 422/751 415/752 428/753
f 448/754 446/755 416/749
f 446/755 447/756 416/749
f 416/749 447/756 444/750
f 422/751 421/757 415/752
f 421/757 420/758 415/752
f 415/752 420/758 419/759
f 435/760 433/761 444/750
f 433/761 431/762 444/750
f 444/750 431/762 430/748
f 428/753 427/763 422/751
f 427/763 426/764 422/751
f 422/751 426/764 423/765
f 426/764 425/766 423/765
f 423/765 425/766 424/767
f 419/759 418/768 415/752
f 418/768 417/769 415/752
f 415/752 417/769 416/749
f 417/769 449/770 416/749
f 416/749 449/770 448/754
f 435/760 444/750 437/771
f 444/750 441/772 437/771
f 437/771 441/772 439/773
f 162/774 189/775 165/776
f 189/775 190/777 165/776
f 165/776 190/777 187/242
f 190/777 191/778 187/242
f 192/779 202/780 190/781
f 202/780 200/782 190/781
f 200/782 201/783 190/781
f 201/783 195/784 190/781
f 190/781 195/784 191/785
f 415/786 405/570 403/569
f 415/786 403/569 428/787
f 403/569 411/788 428/787
f 411/788 410/789 428/787
f 428/787 410/789 427/790
f 410/789 407/791 427/790
f 427/790 407/791 426/792
f 407/791 406/793 426/792
f 426/792 406/793 425/794
f 406/793 409/795 425/794
f 425/794 409/795 424/796
f 409/795 408/797 424/796
f 424/796 408/797 423/798
f 414/799 421/800 408/797
f 421/800 422/801 408/797
f 408/797 422/801 423/798
f 413/802 412/803 417/804
f 417/804 418/805 413/802
f 418/805 419/806 413/802
f 413/802 419/806 414/799
f 419/806 420/807 414/799
f 414/799 420/807 421/800
f 495/808 497/809 496/810
f 497/809 498/811 496/810
f 476/812 488/813 481/814
f 488/813 476/812 487/815
f 476/812 475/816 487/815
f 487/815 475/816 482/817
f 485/818 484/819 483/820
f 481/814 480/821 476/812
f 480/821 479/822 476/812
f 476/812 479/822 477/823
f 479/822 478/824 477/823
f 482/817 475/816 483/820
f 475/816 486/825 483/820
f 483/820 486/825 485/818
f 460/826 474/827 461/828
f 474/827 462/829 461/828
f 460/826 459/830 474/827
f 459/830 458/831 474/827
f 474/827 458/831 473/832
f 458/831 456/833 473/832
f 471/834 457/835 466/836
f 469/837 472/838 467/839
f 469/837 467/839 466/836
f 467/839 468/840 466/836
f 466/836 468/840 471/834
f 464/841 465/842 456/833
f 465/842 470/843 456/833
f 456/833 470/843 473/832
f 457/835 471/834 456/833
f 471/834 463/844 456/833
f 456/833 463/844 464/841
f 463/845 471/846 476/847
f 471/846 475/848 476/847
f 175/849 176/850 167/851
f 173/852 172/853 166/854
f 173/852 166/854 171/855
f 172/853 170/856 166/854
f 170/856 168/857 166/854
f 166/854 168/857 167/851
f 168/857 174/858 167/851
f 167/851 174/858 175/849
f 169/859 163/860 166/854
f 163/860 164/861 166/854
f 166/854 164/861 171/855
f 664/862 662/863 663/864
f 662/863 661/865 663/864
f 686/866 684/867 685/868
f 684/867 683/869 685/868
f 683/870 684/871 682/872
f 683/870 682/872 681/873
f 682/872 680/874 681/873
f 681/873 680/874 679/875
f 680/874 678/876 679/875
f 679/875 678/876 677/877
f 678/876 676/878 677/877
f 677/877 676/878 675/879
f 676/878 674/880 675/879
f 675/879 674/880 673/881
f 674/880 672/882 673/881
f 673/881 672/882 671/883
f 672/882 670/884 671/883
f 671/883 670/884 669/885
f 670/884 668/886 669/885
f 669/885 668/886 667/887
f 668/886 666/888 667/887
f 667/887 666/888 665/889
f 666/888 664/890 665/889
f 665/889 664/890 663/891
f 690/862 688/863 689/864
f 688/863 687/865 689/864
f 712/866 710/867 711/892
f 710/867 709/869 711/892
f 709/870 710/871 708/872
f 709/870 708/872 707/873
f 708/872 706/874 707/873
f 707/873 706/874 705/875
f 706/874 704/876 705/875
f 705/875 704/876 703/877
f 704/876 702/878 703/877
f 703/877 702/878 701/879
f 702/878 700/880 701/879
f 701/879 700/880 699/881
f 700/880 698/882 699/881
f 699/881 698/882 697/883
f 698/882 696/884 697/883
f 697/883 696/884 695/885
f 696/884 694/886 695/885
f 695/885 694/886 693/887
f 694/886 692/888 693/887
f 693/887 692/888 691/889
f 692/888 690/890 691/889
f 691/889 690/890 689/891
f 716/893 714/863 715/894
f 714/863 713/865 715/894
f 738/866 736/867 737/895
f 736/867 735/869 737/895
f 735/870 736/871 734/872
f 735/870 734/872 733/873
f 734/872 732/874 733/873
f 733/873 732/874 731/875
f 732/874 730/876 731/875
f 731/875 730/876 729/877
f 730/876 728/878 729/877
f 729/877 728/878 727/879
f 728/878 726/880 727/879
f 727/879 726/880 725/881
f 726/880 724/882 725/881
f 725/881 724/882 723/883
f 724/882 722/884 723/883
f 723/883 722/884 721/885
f 722/884 720/886 721/885
f 721/885 720/886 719/887
f 720/886 718/888 719/887
f 719/887 718/888 717/889
f 718/888 716/890 717/889
f 717/889 716/890 715/891
f 742/862 740/863 741/864
f 740/863 739/865 741/864
f 764/866 762/867 763/892
f 762/867 761/869 763/892
f 761/870 762/871 760/872
f 761/870 760/872 759/873
f 760/872 758/874 759/873
f 759/873 758/874 757/875
f 758/874 756/876 757/875
f 757/875 756/876 755/877
f 756/876 754/878 755/877
f 755/877 754/878 753/879
f 754/878 752/880 753/879
f 753/879 752/880 751/881
f 752/880 750/882 751/881
f 751/881 750/882 749/883
f 750/882 748/884 749/883
f 749/883 748/884 747/885
f 748/884 746/886 747/885
f 747/885 746/886 745/887
f 746/886 744/888 745/887
f 745/887 744/888 743/889
f 744/888 742/890 743/889
f 743/889 742/890 741/891
f 768/862 766/863 767/864
f 766/863 765/865 767/864
f 790/866 788/867 789/892
f 788/867 787/869 789/892
f 787/870 788/871 786/872
f 787/870 786/872 785/873
f 786/872 784/874 785/873
f 785/873 784/874 783/875
f 784/874 782/876 783/875
f 783/875 782/876 781/877
f 782/876 780/878 781/877
f 781/877 780/878 779/879
f 780/878 778/880 779/879
f 779/879 778/880 777/881
f 778/880 776/882 777/881
f 777/881 776/882 775/883
f 776/882 774/884 775/883
f 775/883 774/884 773/885
f 774/884 772/886 773/885
f 773/885 772/886 771/887
f 772/886 770/888 771/887
f 771/887 770/888 769/889
f 770/888 768/890 769/889
f 769/889 768/890 767/891
f 794/862 792/863 793/864
f 792/863 791/865 793/864
f 816/896 814/867 815/892
f 814/867 813/869 815/892
f 813/870 814/871 812/872
f 813/870 812/872 811/873
f 812/872 810/874 811/873
f 811/873 810/874 809/875
f 810/874 808/876 809/875
f 809/875 808/876 807/877
f 808/876 806/878 807/877
f 807/877 806/878 805/879
f 806/878 804/880 805/879
f 805/879 804/880 803/881
f 804/880 802/882 803/881
f 803/881 802/882 801/883
f 802/882 800/884 801/883
f 801/883 800/884 799/885
f 800/884 798/886 799/885
f 799/885 798/886 797/887
f 798/886 796/888 797/887
f 797/887 796/888 795/889
f 796/888 794/890 795/889
f 795/889 794/890 793/891
f 820/862 818/863 819/864
f 818/863 817/865 819/864
f 842/896 840/867 841/897
f 840/867 839/869 841/897
f 475/898 471/899 468/900
f 475/898 468/900 486/901
f 468/900 467/902 486/901
f 486/901 467/902 485/903
f 467/902 472/904 485/903
f 485/903 472/904 484/905
f 472/904 469/906 484/905
f 484/905 469/906 483/907
f 469/906 466/908 483/907
f 483/907 466/908 482/909
f 135/910 133/911 134/912
f 133/911 131/913 134/912
f 103/914 94/915 110/916
f 94/915 108/917 110/916
f 110/916 108/917 109/918
f 108/917 111/919 109/918
f 109/918 111/919 114/920
f 111/919 112/921 114/920
f 114/920 112/921 113/922
f 112/921 115/923 113/922
f 113/922 115/923 118/924
f 115/923 116/925 118/924
f 118/924 116/925 117/926
f 116/925 119/927 117/926
f 117/926 119/927 122/928
f 119/927 120/929 122/928
f 122/928 120/929 121/930
f 120/929 123/931 121/930
f 121/930 123/931 126/932
f 123/931 124/933 126/932
f 126/932 124/933 125/934
f 124/933 127/935 125/934
f 125/934 127/935 130/936
f 127/935 128/937 130/936
f 130/936 128/937 129/938
f 128/937 131/913 129/938
f 129/938 131/913 132/939
f 131/913 133/911 132/939
f 132/939 133/911 136/940
f 462/941 450/942 452/943
f 453/944 454/945 449/946
f 462/941 452/943 461/947
f 452/943 455/948 461/947
f 461/947 455/948 460/949
f 455/948 451/950 460/949
f 460/949 451/950 459/951
f 451/950 453/944 459/951
f 459/951 453/944 458/952
f 453/944 449/946 458/952
f 458/952 449/946 456/899
f 22/953 23/954 25/242
f 23/954 24/955 25/242
f 25/242 24/955 1/956
f 19/957 20/958 25/242
f 20/958 21/959 25/242
f 25/242 21/959 22/953
f 16/960 17/961 25/242
f 17/961 18/962 25/242
f 25/242 18/962 19/957
f 13/963 14/964 25/242
f 14/964 15/965 25/242
f 25/242 15/965 16/960
f 10/966 11/967 25/242
f 11/967 12/968 25/242
f 25/242 12/968 13/963
f 7/969 8/970 25/242
f 8/970 9/971 25/242
f 25/242 9/971 10/966
f 4/972 5/973 25/242
f 5/973 6/974 25/242
f 25/242 6/974 7/969
f 1/956 2/975 25/242
f 2/975 3/976 25/242
f 25/242 3/976 4/972
f 140/977 139/978 161/242
f 139/978 138/979 161/242
f 161/242 138/979 137/980
f 143/981 142/982 161/242
f 142/982 141/983 161/242
f 161/242 141/983 140/977
f 146/984 145/985 161/242
f 145/985 144/986 161/242
f 161/242 144/986 143/981
f 149/987 148/988 161/242
f 148/988 147/989 161/242
f 161/242 147/989 146/984
f 152/990 151/991 161/242
f 151/991 150/992 161/242
f 161/242 150/992 149/987
f 155/993 154/994 161/242
f 154/994 153/995 161/242
f 161/242 153/995 152/990
f 158/996 157/997 161/242
f 157/997 156/998 161/242
f 161/242 156/998 155/993
f 137/980 160/999 161/242
f 160/999 159/1000 161/242
f 161/242 159/1000 158/996
f 74/1001 73/1002 76/1003
f 50/1004 51/1005 76/1003
f 51/1005 75/1006 76/1003
f 76/1003 75/1006 74/1001
f 481/1007 474/1008 473/1009
f 481/1007 473/1009 480/1010
f 473/1009 470/1011 480/1010
f 480/1010 470/1011 479/1012
f 470/1011 465/1013 479/1012
f 479/1012 465/1013 478/1014
f 465/1013 464/1015 478/1014
f 478/1014 464/1015 477/1016
f 464/1015 463/899 477/1016
f 477/1016 463/899 476/898
f 457/1017 136/1018 133/1019
f 491/1020 490/1021 487/1022
f 482/909 466/908 487/1022
f 466/908 457/1017 487/1022
f 487/1022 457/1017 491/1020
f 457/1017 133/1019 491/1020
f 491/1020 133/1019 163/1023
f 133/1019 135/1024 163/1023
f 493/1025 491/1020 495/1026
f 491/1020 163/1023 495/1026
f 495/1026 163/1023 497/1027
f 163/1023 169/1028 497/1027
f 497/1027 169/1028 501/1029
f 169/1028 502/1030 501/1029
f 462/941 474/1008 481/1007
f 492/1031 494/1032 496/1033
f 500/1034 499/1035 498/1036
f 499/1035 166/1037 498/1036
f 498/1036 166/1037 496/1033
f 166/1037 167/1038 496/1033
f 496/1033 167/1038 492/1031
f 176/153 186/152 450/942
f 450/942 462/941 176/153
f 462/941 481/1007 176/153
f 176/153 481/1007 167/1038
f 481/1007 488/1039 167/1038
f 167/1038 488/1039 492/1031
f 488/1039 489/1040 492/1031
f 888/870 871/871 872/872
f 888/870 872/872 889/873
f 872/872 877/874 889/873
f 889/873 877/874 890/875
f 877/874 878/876 890/875
f 890/875 878/876 891/877
f 878/876 874/878 891/877
f 891/877 874/878 892/879
f 874/878 873/880 892/879
f 892/879 873/880 884/881
f 873/880 881/882 884/881
f 884/881 881/882 885/883
f 881/882 880/884 885/883
f 885/883 880/884 887/885
f 880/884 879/886 887/885
f 887/885 879/886 886/887
f 879/886 876/888 886/887
f 886/887 876/888 883/889
f 876/888 875/890 883/889
f 883/889 875/890 882/891
f 531/896 871/867 532/897
f 871/867 888/869 532/897
f 875/1041 870/863 882/1042
f 870/863 869/865 882/1042
f 865/870 866/871 864/872
f 865/870 864/872 863/873
f 864/872 862/874 863/873
f 863/873 862/874 861/875
f 862/874 860/876 861/875
f 861/875 860/876 859/877
f 860/876 858/878 859/877
f 859/877 858/878 857/879
f 858/878 856/880 857/879
f 857/879 856/880 855/881
f 856/880 854/882 855/881
f 855/881 854/882 853/883
f 854/882 852/884 853/883
f 853/883 852/884 851/885
f 852/884 850/886 851/885
f 851/885 850/886 849/887
f 850/886 848/888 849/887
f 849/887 848/888 847/889
f 848/888 846/890 847/889
f 847/889 846/890 845/891
f 868/896 866/867 867/1043
f 866/867 865/869 867/1043
f 846/1044 844/863 845/1045
f 844/863 843/865 845/1045
f 839/870 840/871 838/872
f 839/870 838/872 837/873
f 838/872 836/874 837/873
f 837/873 836/874 835/875
f 836/874 834/876 835/875
f 835/875 834/876 833/877
f 834/876 832/878 833/877
f 833/877 832/878 831/879
f 832/878 830/880 831/879
f 831/879 830/880 829/881
f 830/880 828/882 829/881
f 829/881 828/882 827/883
f 828/882 826/884 827/883
f 827/883 826/884 825/885
f 826/884 824/886 825/885
f 825/885 824/886 823/887
f 824/886 822/888 823/887
f 823/887 822/888 821/889
f 822/888 820/890 821/889
f 821/889 820/890 819/891
f 657/870 658/871 656/872
f 657/870 656/872 655/873
f 656/872 654/874 655/873
f 655/873 654/874 653/875
f 654/874 652/876 653/875
f 653/875 652/876 651/877
f 652/876 650/878 651/877
f 651/877 650/878 649/879
f 650/878 648/880 649/879
f 649/879 648/880 647/881
f 648/880 646/882 647/881
f 647/881 646/882 645/883
f 646/882 644/884 645/883
f 645/883 644/884 643/885
f 644/884 642/886 643/885
f 643/885 642/886 641/887
f 642/886 640/888 641/887
f 641/887 640/888 639/889
f 640/888 638/890 639/889
f 639/889 638/890 637/891
f 660/866 658/867 659/868
f 658/867 657/869 659/868
f 638/862 636/863 637/864
f 636/863 635/865 637/864
f 631/870 632/871 630/872
f 631/870 630/872 629/873
f 630/872 628/874 629/873
f 629/873 628/874 627/875
f 628/874 626/876 627/875
f 627/875 626/876 625/877
f 626/876 624/878 625/877
f 625/877 624/878 623/879
f 624/878 622/880 623/879
f 623/879 622/880 621/881
f 622/880 620/882 621/881
f 621/881 620/882 619/883
f 620/882 618/884 619/883
f 619/883 618/884 617/885
f 618/884 616/886 617/885
f 617/885 616/886 615/887
f 616/886 614/888 615/887
f 615/887 614/888 613/889
f 614/888 612/890 613/889
f 613/889 612/890 611/891
f 634/866 632/867 633/868
f 632/867 631/869 633/868
f 612/862 610/863 611/864
f 610/863 609/865 611/864
f 605/870 606/871 604/872
f 605/870 604/872 603/873
f 604/872 602/874 603/873
f 603/873 602/874 601/875
f 602/874 600/876 601/875
f 601/875 600/876 599/877
f 600/876 598/878 599/877
f 599/877 598/878 597/879
f 598/878 596/880 597/879
f 597/879 596/880 595/881
f 596/880 594/882 595/881
f 595/881 594/882 593/883
f 594/882 592/884 593/883
f 593/883 592/884 591/885
f 592/884 590/886 591/885
f 591/885 590/886 589/887
f 590/886 588/888 589/887
f 589/887 588/888 587/889
f 588/888 586/890 587/889
f 587/889 586/890 585/891
f 608/866 606/867 607/868
f 606/867 605/869 607/868
f 586/862 584/863 585/864
f 584/863 583/865 585/864
f 579/870 580/871 578/872
f 579/870 578/872 577/873
f 578/872 576/874 577/873
f 577/873 576/874 575/875
f 576/874 574/876 575/875
f 575/875 574/876 573/877
f 574/876 572/878 573/877
f 573/877 572/878 571/879
f 572/878 570/880 571/879
f 571/879 570/880 569/881
f 570/880 568/882 569/881
f 569/881 568/882 567/883
f 568/882 566/884 567/883
f 567/883 566/884 565/885
f 566/884 564/886 565/885
f 565/885 564/886 563/887
f 564/886 562/888 563/887
f 563/887 562/888 561/889
f 562/888 560/890 561/889
f 561/889 560/890 559/891
f 582/866 580/867 581/868
f 580/867 579/869 581/868
f 560/862 558/863 559/864
f 558/863 557/865 559/864
f 553/870 554/871 552/872
f 553/870 552/872 551/873
f 552/872 550/874 551/873
f 551/873 550/874 549/875
f 550/874 548/876 549/875
f 549/875 548/876 547/877
f 548/876 546/878 547/877
f 547/877 546/878 545/879
f 546/878 544/880 545/879
f 545/879 544/880 543/881
f 544/880 542/882 543/881
f 543/881 542/882 541/883
f 542/882 540/884 541/883
f 541/883 540/884 539/885
f 540/884 538/886 539/885
f 539/885 538/886 537/887
f 538/886 536/888 537/887
f 537/887 536/888 535/889
f 536/888 534/890 535/889
f 535/889 534/890 533/891
f 556/866 554/867 555/868
f 554/867 553/869 555/868
f 534/1046 504/863 533/1047
f 504/863 503/865 533/1047
f 508/870 507/871 528/872
f 508/870 528/872 527/873
f 528/872 526/874 527/873
f 527/873 526/874 525/875
f 526/874 524/876 525/875
f 525/875 524/876 523/877
f 524/876 522/878 523/877
f 523/877 522/878 521/879
f 522/878 520/880 521/879
f 521/879 520/880 519/881
f 520/880 518/882 519/881
f 519/881 518/882 517/883
f 518/882 516/884 517/883
f 517/883 516/884 515/885
f 516/884 514/886 515/885
f 515/885 514/886 513/887
f 514/886 512/888 513/887
f 513/887 512/888 511/889
f 512/888 509/890 511/889
f 511/889 509/890 510/891
f 505/896 507/867 506/892
f 507/867 508/869 506/892
f 509/862 529/863 510/1048
f 529/863 530/865 510/1048
f 506/1049 501/1050 505/1051
f 501/1050 502/1052 505/1051
f 532/1053 530/1054 531/1055
f 530/1054 529/1056 531/1055
f 500/1057 503/1058 499/1059
f 503/1058 504/1060 499/1059
f 555/1061 557/1062 556/1063
f 557/1062 558/1064 556/1063
f 581/1065 583/1066 582/1067
f 583/1066 584/1068 582/1067
f 607/1069 609/1070 608/1071
f 609/1070 610/1072 608/1071
f 633/1073 635/1074 634/1075
f 635/1074 636/1076 634/1075
f 659/1077 661/1078 660/1079
f 661/1078 662/1080 660/1079
f 685/1081 687/1082 686/1083
f 687/1082 688/1084 686/1083
f 711/1085 713/1086 712/1087
f 713/1086 714/1088 712/1087
f 737/1089 739/1090 738/1091
f 739/1090 740/1092 738/1091
f 763/1093 765/1094 764/1095
f 765/1094 766/1096 764/1095
f 789/1097 791/1098 790/1099
f 791/1098 792/1100 790/1099
f 815/1101 817/1102 816/1103
f 817/1102 818/1104 816/1103
f 841/1105 843/1106 842/1107
f 843/1106 844/1108 842/1107
f 867/1109 869/1110 868/1111
f 869/1110 870/1112 868/1111
f 493/1113 494/1114 492/1115
f 493/1113 492/1115 491/1116
f 492/1115 489/1117 491/1116
f 491/1116 489/1117 490/1118
f 494/1119 493/1120 496/1121
f 493/1120 495/1122 496/1121
f 490/1123 489/1124 487/1125
f 489/1124 488/1126 487/1125
f 107/1127 106/1128 103/1129
f 106/1128 104/1130 103/1129
f 104/1130 105/1131 103/1129
f 105/1131 101/1132 103/1129
f 103/1129 101/1132 94/1133
f 101/1132 102/1134 94/1133
f 94/1133 102/1134 99/1135
f 99/1135 100/1136 94/1133
f 100/1136 96/1137 94/1133
f 94/1133 96/1137 97/1138
f 97/1138 95/1139 94/1133
f 95/1139 92/1140 94/1133
f 94/1133 92/1140 89/1141
f 92/1140 93/1142 89/1141
f 89/1141 93/1142 90/1143
f 56/1144 55/1145 89/1141
f 55/1145 54/1146 89/1141
f 60/1147 59/1148 90/1143
f 59/1148 58/1149 90/1143
f 90/1143 58/1149 89/1141
f 58/1149 57/1150 89/1141
f 89/1141 57/1150 56/1144
f 54/1146 53/1151 89/1141
f 53/1151 52/1152 89/1141
f 89/1141 52/1152 50/1004
f 90/1143 91/1153 60/1147
f 91/1153 81/1154 60/1147
f 60/1147 81/1154 61/1155
f 86/1156 88/1157 66/1158
f 88/1157 82/1159 66/1158
f 66/1158 82/1159 67/1160
f 68/1161 87/230 69/1162
f 87/230 70/1163 69/1162
f 87/230 83/1164 70/1163
f 83/1164 84/1165 70/1163
f 70/1163 84/1165 71/1166
f 84/1165 85/1167 71/1166
f 71/1166 85/1167 72/1168
f 85/1167 73/1002 72/1168
f 107/1127 103/1129 98/1169
f 103/1129 87/230 98/1169
f 98/1169 87/230 82/1159
f 87/230 68/1161 82/1159
f 82/1159 68/1161 67/1160
f 86/1156 66/1158 80/1170
f 66/1158 65/1171 80/1170
f 80/1170 65/1171 64/1172
f 61/1155 81/1154 62/1173
f 81/1154 79/1174 62/1173
f 62/1173 79/1174 63/1175
f 79/1174 77/1176 63/1175
f 63/1175 77/1176 64/1172
f 77/1176 78/1177 64/1172
f 64/1172 78/1177 80/1170
f 457/1178 456/1179 417/1180
f 456/1179 449/608 417/1180
f 130/1181 129/1182 417/1180
f 118/1183 117/1184 417/1180
f 117/1184 122/1185 417/1180
f 417/1180 122/1185 121/1186
f 121/1186 126/1187 417/1180
f 126/1187 125/1188 417/1180
f 417/1180 125/1188 130/1181
f 129/1182 132/1189 417/1180
f 132/1189 136/1190 417/1180
f 417/1180 136/1190 457/1178
f 109/1191 114/1192 417/1180
f 114/1192 113/1193 417/1180
f 417/1180 113/1193 118/1183
f 110/1194 109/1191 103/1195
f 109/1191 417/1180 103/1195
f 103/1195 417/1180 87/1196
f 417/1180 412/1197 87/1196
f 94/1198 89/1199 162/1200
f 116/1201 115/1202 162/1200
f 165/241 164/1203 162/1200
f 164/1203 163/1204 162/1200
f 162/1200 163/1204 135/1205
f 135/1205 134/1206 162/1200
f 134/1206 131/1207 162/1200
f 162/1200 131/1207 128/1208
f 128/1208 127/1209 162/1200
f 127/1209 124/1210 162/1200
f 162/1200 124/1210 123/1211
f 123/1211 120/1212 162/1200
f 120/1212 119/1213 162/1200
f 162/1200 119/1213 116/1201
f 115/1202 112/1214 162/1200
f 112/1214 111/1215 162/1200
f 162/1200 111/1215 94/1198
f 111/1215 108/1216 94/1198
f 525/1217 523/1218 497/1219
f 525/1217 497/1219 527/1220
f 523/1218 521/1221 497/1219
f 521/1221 519/1222 497/1219
f 497/1219 519/1222 884/1223
f 890/1224 891/1225 519/1222
f 891/1225 892/1226 519/1222
f 519/1222 892/1226 884/1223
f 501/1227 506/1228 497/1219
f 506/1228 508/1229 497/1219
f 497/1219 508/1229 527/1220
f 729/1230 727/1231 751/1232
f 653/1233 651/1234 673/1235
f 543/1236 541/1237 498/1238
f 541/1237 539/1239 498/1238
f 498/1238 539/1239 537/1240
f 890/1224 519/1222 889/1241
f 519/1222 517/1242 889/1241
f 889/1241 517/1242 888/1243
f 517/1242 515/1244 888/1243
f 888/1243 515/1244 513/1245
f 861/1246 859/1247 884/1223
f 729/1230 751/1232 731/1248
f 677/1249 675/1250 697/1251
f 675/1250 673/1235 697/1251
f 697/1251 673/1235 699/1252
f 530/1253 532/1254 510/1255
f 532/1254 888/1243 510/1255
f 510/1255 888/1243 511/1256
f 888/1243 513/1245 511/1256
f 835/1257 833/1258 855/1259
f 833/1258 831/1260 855/1259
f 855/1259 831/1260 829/1261
f 807/1262 805/1263 829/1261
f 705/1264 703/1265 725/1266
f 625/1267 623/1268 645/1269
f 547/1270 545/1271 569/1272
f 807/1262 829/1261 809/1273
f 805/1263 803/1274 829/1261
f 803/1274 497/1219 829/1261
f 829/1261 497/1219 855/1259
f 497/1219 884/1223 855/1259
f 855/1259 884/1223 857/1275
f 884/1223 859/1247 857/1275
f 653/1233 673/1235 655/1276
f 673/1235 671/1277 655/1276
f 655/1276 671/1277 657/1278
f 671/1277 669/1279 657/1278
f 657/1278 669/1279 667/1280
f 703/1265 701/1281 725/1266
f 701/1281 699/1252 725/1266
f 725/1266 699/1252 497/1219
f 699/1252 673/1235 497/1219
f 497/1219 673/1235 498/1238
f 651/1234 649/1282 673/1235
f 649/1282 647/1283 673/1235
f 673/1235 647/1283 498/1238
f 647/1283 645/1269 498/1238
f 498/1238 645/1269 621/1284
f 645/1269 623/1268 621/1284
f 601/1285 599/1286 621/1284
f 575/1287 573/1288 595/1289
f 573/1288 571/1290 595/1289
f 595/1289 571/1290 569/1272
f 547/1270 569/1272 549/1291
f 599/1286 597/1292 621/1284
f 597/1292 595/1289 621/1284
f 621/1284 595/1289 498/1238
f 595/1289 569/1272 498/1238
f 498/1238 569/1272 543/1236
f 569/1272 545/1271 543/1236
f 503/1293 500/242 533/1294
f 500/242 498/1238 533/1294
f 533/1294 498/1238 535/1295
f 498/1238 537/1240 535/1295
f 861/1246 884/1223 863/1296
f 884/1223 885/1297 863/1296
f 863/1296 885/1297 865/1298
f 885/1297 887/1299 865/1298
f 865/1298 887/1299 886/1300
f 783/1301 781/1302 803/1274
f 757/1303 755/1304 777/1305
f 755/1304 753/1306 777/1305
f 777/1305 753/1306 751/1232
f 727/1231 725/1266 751/1232
f 725/1266 497/1219 751/1232
f 751/1232 497/1219 777/1305
f 497/1219 803/1274 777/1305
f 777/1305 803/1274 779/1307
f 803/1274 781/1302 779/1307
f 731/1248 751/1232 733/1308
f 751/1232 749/1309 733/1308
f 733/1308 749/1309 735/1310
f 749/1309 747/1311 735/1310
f 735/1310 747/1311 745/1312
f 661/1313 659/1314 663/1315
f 659/1314 657/1278 663/1315
f 663/1315 657/1278 665/1316
f 657/1278 667/1280 665/1316
f 869/1317 867/1318 882/1319
f 867/1318 865/1298 882/1319
f 882/1319 865/1298 883/1320
f 865/1298 886/1300 883/1320
f 835/1257 855/1259 837/1321
f 855/1259 853/1322 837/1321
f 837/1321 853/1322 839/1323
f 853/1322 851/1324 839/1323
f 839/1323 851/1324 849/1325
f 739/1326 737/1327 741/1328
f 737/1327 735/1310 741/1328
f 741/1328 735/1310 743/1329
f 735/1310 745/1312 743/1329
f 705/1264 725/1266 707/1330
f 725/1266 723/1331 707/1330
f 707/1330 723/1331 709/1332
f 723/1331 721/1333 709/1332
f 709/1332 721/1333 719/1334
f 713/1335 711/1336 715/1337
f 711/1336 709/1332 715/1337
f 715/1337 709/1332 717/1338
f 709/1332 719/1334 717/1338
f 843/1339 841/1340 845/1341
f 841/1340 839/1323 845/1341
f 845/1341 839/1323 847/1342
f 839/1323 849/1325 847/1342
f 809/1273 829/1261 811/1343
f 829/1261 827/1344 811/1343
f 811/1343 827/1344 813/1345
f 827/1344 825/1346 813/1345
f 813/1345 825/1346 823/1347
f 697/1251 695/1348 677/1249
f 695/1348 693/1349 677/1249
f 677/1249 693/1349 679/1350
f 693/1349 691/1351 679/1350
f 601/1285 621/1284 603/1352
f 621/1284 619/1353 603/1352
f 603/1352 619/1353 605/1354
f 619/1353 617/1355 605/1354
f 605/1354 617/1355 615/1356
f 609/1357 607/1358 611/1359
f 607/1358 605/1354 611/1359
f 611/1359 605/1354 613/1360
f 605/1354 615/1356 613/1360
f 575/1287 595/1289 577/1361
f 595/1289 593/1362 577/1361
f 577/1361 593/1362 579/1363
f 593/1362 591/1364 579/1363
f 579/1363 591/1364 589/1365
f 549/1291 569/1272 551/1366
f 569/1272 567/1367 551/1366
f 551/1366 567/1367 553/1368
f 567/1367 565/1369 553/1368
f 553/1368 565/1369 563/1370
f 817/1371 815/1372 819/1373
f 815/1372 813/1345 819/1373
f 819/1373 813/1345 821/1374
f 813/1345 823/1347 821/1374
f 783/1301 803/1274 785/1375
f 803/1274 801/1376 785/1375
f 785/1375 801/1376 787/1377
f 801/1376 799/1378 787/1377
f 787/1377 799/1378 797/1379
f 791/1380 789/1381 793/1382
f 789/1381 787/1377 793/1382
f 793/1382 787/1377 795/1383
f 787/1377 797/1379 795/1383
f 757/1303 777/1305 759/1384
f 777/1305 775/1385 759/1384
f 759/1384 775/1385 761/1386
f 775/1385 773/1387 761/1386
f 761/1386 773/1387 771/1388
f 645/1269 643/1389 625/1267
f 643/1389 641/1390 625/1267
f 625/1267 641/1390 627/1391
f 641/1390 639/1392 627/1391
f 583/1393 581/1394 585/1395
f 581/1394 579/1363 585/1395
f 585/1395 579/1363 587/1396
f 579/1363 589/1365 587/1396
f 557/1397 555/1398 559/1399
f 555/1398 553/1368 559/1399
f 559/1399 553/1368 561/1400
f 553/1368 563/1370 561/1400
f 765/1401 763/1402 767/1403
f 763/1402 761/1386 767/1403
f 767/1403 761/1386 769/1404
f 761/1386 771/1388 769/1404
f 687/1405 685/1406 689/1407
f 685/1406 683/1408 689/1407
f 689/1407 683/1408 691/1351
f 683/1408 681/1409 691/1351
f 691/1351 681/1409 679/1350
f 635/1410 633/1411 637/1412
f 633/1411 631/1413 637/1412
f 637/1412 631/1413 639/1392
f 631/1413 629/1414 639/1392
f 639/1392 629/1414 627/1391
f 568/1415 570/1416 546/1417
f 546/1417 570/1416 544/1418
f 670/1419 672/1420 648/1421
f 798/1422 800/1423 778/1424
f 169/1425 524/1426 526/1427
f 536/1428 538/1429 166/1430
f 538/1429 540/1431 166/1430
f 166/1430 540/1431 542/1432
f 670/1419 648/1421 668/1433
f 748/1434 750/1435 726/1436
f 592/1437 594/1438 570/1416
f 748/1434 726/1436 746/1439
f 824/1440 826/1441 804/1442
f 826/1441 828/1443 804/1442
f 804/1442 828/1443 830/1444
f 592/1437 570/1416 590/1445
f 694/1446 696/1447 674/1448
f 798/1422 778/1424 796/1449
f 778/1424 780/1450 796/1449
f 796/1449 780/1450 794/1451
f 780/1450 782/1452 794/1451
f 794/1451 782/1452 784/1453
f 850/1454 852/1455 830/1444
f 852/1455 854/1456 830/1444
f 830/1444 854/1456 856/1457
f 880/1458 881/1459 856/1457
f 505/1460 502/1461 507/1462
f 502/1461 169/1425 507/1462
f 507/1462 169/1425 528/1463
f 169/1425 526/1427 528/1463
f 499/1464 504/1465 166/1430
f 504/1465 534/1466 166/1430
f 166/1430 534/1466 536/1428
f 616/1467 618/1468 596/1469
f 642/1470 644/1471 622/1472
f 644/1471 646/1473 622/1472
f 622/1472 646/1473 648/1421
f 594/1438 596/1469 570/1416
f 596/1469 166/1430 570/1416
f 570/1416 166/1430 544/1418
f 166/1430 542/1432 544/1418
f 668/1433 648/1421 666/1474
f 648/1421 650/1475 666/1474
f 666/1474 650/1475 664/1476
f 650/1475 652/1477 664/1476
f 664/1476 652/1477 654/1478
f 660/1479 662/1480 658/1481
f 662/1480 664/1476 658/1481
f 658/1481 664/1476 656/1482
f 664/1476 654/1478 656/1482
f 772/1483 774/1484 752/1485
f 720/1486 722/1487 700/1488
f 722/1487 724/1489 700/1488
f 700/1488 724/1489 726/1436
f 774/1484 776/1490 752/1485
f 776/1490 778/1424 752/1485
f 752/1485 778/1424 166/1430
f 790/1491 792/1492 788/1493
f 792/1492 794/1451 788/1493
f 788/1493 794/1451 786/1494
f 794/1451 784/1453 786/1494
f 880/1458 856/1457 879/1495
f 514/1496 516/1497 873/1498
f 516/1497 518/1499 873/1498
f 518/1499 520/1500 873/1498
f 873/1498 520/1500 169/1425
f 520/1500 522/1501 169/1425
f 169/1425 522/1501 524/1426
f 746/1439 726/1436 744/1502
f 726/1436 728/1503 744/1502
f 744/1502 728/1503 742/1504
f 728/1503 730/1505 742/1504
f 742/1504 730/1505 732/1506
f 738/1507 740/1508 736/1509
f 740/1508 742/1504 736/1509
f 736/1509 742/1504 734/1510
f 742/1504 732/1506 734/1510
f 672/1420 674/1448 648/1421
f 674/1448 166/1430 648/1421
f 648/1421 166/1430 622/1472
f 166/1430 596/1469 622/1472
f 622/1472 596/1469 620/1511
f 596/1469 618/1468 620/1511
f 824/1440 804/1442 822/1512
f 804/1442 806/1513 822/1512
f 822/1512 806/1513 820/1514
f 806/1513 808/1515 820/1514
f 820/1514 808/1515 810/1516
f 881/1459 873/1498 856/1457
f 873/1498 169/1425 856/1457
f 856/1457 169/1425 830/1444
f 169/1425 166/1430 830/1444
f 830/1444 166/1430 804/1442
f 166/1430 778/1424 804/1442
f 804/1442 778/1424 802/1517
f 778/1424 800/1423 802/1517
f 568/1415 546/1417 566/1518
f 546/1417 548/1519 566/1518
f 566/1518 548/1519 564/1520
f 548/1519 550/1521 564/1520
f 564/1520 550/1521 552/1522
f 590/1445 570/1416 588/1523
f 570/1416 572/1524 588/1523
f 588/1523 572/1524 586/1525
f 572/1524 574/1526 586/1525
f 586/1525 574/1526 576/1527
f 582/1528 584/1529 580/1530
f 584/1529 586/1525 580/1530
f 580/1530 586/1525 578/1531
f 586/1525 576/1527 578/1531
f 694/1446 674/1448 692/1532
f 674/1448 676/1533 692/1532
f 692/1532 676/1533 690/1534
f 676/1533 678/1535 690/1534
f 690/1534 678/1535 680/1536
f 720/1486 700/1488 718/1537
f 700/1488 702/1538 718/1537
f 718/1537 702/1538 716/1539
f 702/1538 704/1540 716/1539
f 716/1539 704/1540 706/1541
f 750/1435 752/1485 726/1436
f 752/1485 166/1430 726/1436
f 726/1436 166/1430 700/1488
f 166/1430 674/1448 700/1488
f 700/1488 674/1448 698/1542
f 674/1448 696/1447 698/1542
f 816/1543 818/1544 814/1545
f 818/1544 820/1514 814/1545
f 814/1545 820/1514 812/1546
f 820/1514 810/1516 812/1546
f 850/1454 830/1444 848/1547
f 830/1444 832/1548 848/1547
f 848/1547 832/1548 846/1549
f 832/1548 834/1550 846/1549
f 846/1549 834/1550 836/1551
f 842/1552 844/1553 840/1554
f 844/1553 846/1549 840/1554
f 840/1554 846/1549 838/1555
f 846/1549 836/1551 838/1555
f 616/1467 596/1469 614/1556
f 596/1469 598/1557 614/1556
f 614/1556 598/1557 612/1558
f 598/1557 600/1559 612/1558
f 612/1558 600/1559 602/1560
f 642/1470 622/1472 640/1561
f 622/1472 624/1562 640/1561
f 640/1561 624/1562 638/1563
f 624/1562 626/1564 638/1563
f 638/1563 626/1564 628/1565
f 686/1566 688/1567 684/1568
f 688/1567 690/1534 684/1568
f 684/1568 690/1534 682/1569
f 690/1534 680/1536 682/1569
f 712/1570 714/1571 710/1572
f 714/1571 716/1539 710/1572
f 710/1572 716/1539 708/1573
f 716/1539 706/1541 708/1573
f 772/1483 752/1485 770/1574
f 752/1485 754/1575 770/1574
f 770/1574 754/1575 768/1576
f 754/1575 756/1577 768/1576
f 768/1576 756/1577 758/1578
f 879/1495 856/1457 876/1579
f 856/1457 858/1580 876/1579
f 876/1579 858/1580 875/1581
f 858/1580 860/1582 875/1581
f 875/1581 860/1582 862/1583
f 868/1584 870/1585 866/1586
f 870/1585 875/1581 866/1586
f 866/1586 875/1581 864/1587
f 875/1581 862/1583 864/1587
f 514/1496 873/1498 512/1588
f 873/1498 874/1589 512/1588
f 512/1588 874/1589 509/1590
f 874/1589 878/1591 509/1590
f 509/1590 878/1591 877/1592
f 608/1593 610/1594 606/1595
f 610/1594 612/1558 606/1595
f 606/1595 612/1558 604/1596
f 612/1558 602/1560 604/1596
f 634/1597 636/1598 632/1599
f 636/1598 638/1563 632/1599
f 632/1599 638/1563 630/1600
f 638/1563 628/1565 630/1600
f 764/1601 766/1602 762/1603
f 766/1602 768/1576 762/1603
f 762/1603 768/1576 760/1604
f 768/1576 758/1578 760/1604
f 531/1605 529/1606 871/1607
f 529/1606 509/1590 871/1607
f 871/1607 509/1590 872/1608
f 509/1590 877/1592 872/1608
f 556/1609 558/1610 554/1611
f 558/1610 560/1612 554/1611
f 554/1611 560/1612 552/1522
f 560/1612 562/1613 552/1522
f 552/1522 562/1613 564/1520
