# Exported from USD: /World/Robotiq_Hand_E_edit/left_gripper/D_A03_ASM_DOIGTS_PARALLELES_1ROBOTIQ_HAND_E_DEFEATURE_02/D_A03_ASM_DOIGTS_PARALLELES_1ROBOTIQ_HAND_E_DEFEATURE
mtllib D_A03_ASM_DOIGTS_PARALLELES_1ROBOTIQ_HAND_E_DEFEATURE_2.mtl

g D_A03_ASM_DOIGTS_PARALLELES_1ROBOTIQ_HAND_E_DEFEATURE
v 0.01425000 0.01060000 -0.01851400
v 0.01399118 0.01060000 -0.01847993
v 0.01375000 0.01060000 -0.01838003
v 0.01354289 0.01060000 -0.01822111
v 0.01338397 0.01060000 -0.01801400
v 0.01328407 0.01060000 -0.01777282
v 0.01325000 0.01060000 -0.01751400
v 0.01328407 0.01060000 -0.01725518
v 0.01338397 0.01060000 -0.01701400
v 0.01354289 0.01060000 -0.01680689
v 0.01375000 0.01060000 -0.01664797
v 0.01399118 0.01060000 -0.01654807
v 0.01425000 0.01060000 -0.01651400
v 0.01450882 0.01060000 -0.01654807
v 0.01475000 0.01060000 -0.01664797
v 0.01495711 0.01060000 -0.01680689
v 0.01511603 0.01060000 -0.01701400
v 0.01521593 0.01060000 -0.01725518
v 0.01525000 0.01060000 -0.01751400
v 0.01521593 0.01060000 -0.01777282
v 0.01511603 0.01060000 -0.01801400
v 0.01495711 0.01060000 -0.01822111
v 0.01475000 0.01060000 -0.01838003
v 0.01450882 0.01060000 -0.01847993
v 0.01425000 0.01060000 -0.01751400
v 0.01450882 0.01435000 -0.01847993
v 0.01425000 0.01435000 -0.01851400
v 0.01475000 0.01435000 -0.01838003
v 0.01495711 0.01435000 -0.01822111
v 0.01511603 0.01435000 -0.01801400
v 0.01521593 0.01435000 -0.01777282
v 0.01525000 0.01435000 -0.01751400
v 0.01521593 0.01435000 -0.01725518
v 0.01511603 0.01435000 -0.01701400
v 0.01495711 0.01435000 -0.01680689
v 0.01475000 0.01435000 -0.01664797
v 0.01450882 0.01435000 -0.01654807
v 0.01425000 0.01435000 -0.01651400
v 0.01399118 0.01435000 -0.01654807
v 0.01375000 0.01435000 -0.01664797
v 0.01354289 0.01435000 -0.01680689
v 0.01338397 0.01435000 -0.01701400
v 0.01328407 0.01435000 -0.01725518
v 0.01325000 0.01435000 -0.01751400
v 0.01328407 0.01435000 -0.01777282
v 0.01338397 0.01435000 -0.01801400
v 0.01354289 0.01435000 -0.01822111
v 0.01375000 0.01435000 -0.01838003
v 0.01399118 0.01435000 -0.01847993
v 0.01417314 0.01460000 -0.01876163
v 0.01425000 0.01460000 -0.01876400
v 0.01392648 0.01460000 -0.01872141
v 0.01362500 0.01460000 -0.01859653
v 0.01336612 0.01460000 -0.01839788
v 0.01316747 0.01460000 -0.01813900
v 0.01304259 0.01460000 -0.01783752
v 0.01300000 0.01460000 -0.01751400
v 0.01304259 0.01460000 -0.01719048
v 0.01316747 0.01460000 -0.01688900
v 0.01336612 0.01460000 -0.01663012
v 0.01362500 0.01460000 -0.01643147
v 0.01392648 0.01460000 -0.01630659
v 0.01425000 0.01460000 -0.01626400
v 0.01457352 0.01460000 -0.01630659
v 0.01487500 0.01460000 -0.01643147
v 0.01513388 0.01460000 -0.01663012
v 0.01533253 0.01460000 -0.01688900
v 0.01545741 0.01460000 -0.01719048
v 0.01550000 0.01460000 -0.01751400
v 0.01545741 0.01460000 -0.01783752
v 0.01533253 0.01460000 -0.01813900
v 0.01513388 0.01460000 -0.01839788
v 0.01512264 0.01460000 -0.01840898
v 0.01487500 0.01460000 -0.01859653
v 0.01457352 0.01460000 -0.01872141
v 0.01452445 0.01460000 -0.01860440
v 0.01545741 0.01460000 -0.01333752
v 0.01550000 0.01460000 -0.01301400
v 0.01392648 0.01460000 -0.01422141
v 0.01457352 0.01460000 -0.01180659
v 0.01425000 0.01460000 -0.01176400
v 0.01125000 0.01460000 0.00554562
v 0.01725000 0.01460000 0.00290477
v 0.01513388 0.01460000 -0.01213012
v 0.01487500 0.01460000 -0.01193147
v 0.01545741 0.01460000 -0.01269048
v 0.01533253 0.01460000 -0.01238900
v 0.01533253 0.01460000 -0.01363900
v 0.01457352 0.01460000 -0.01422141
v 0.01487500 0.01460000 -0.01409653
v 0.01671086 0.01460000 -0.01850069
v 0.01598101 0.01460000 -0.01835156
v 0.01125000 0.01460000 -0.02006993
v 0.01362500 0.01460000 -0.01409653
v 0.01725000 0.01460000 -0.01874458
v 0.01523691 0.01460000 -0.01838685
v 0.01300000 0.01460000 -0.01301400
v 0.01336612 0.01460000 -0.01389788
v 0.01425000 0.01460000 -0.01426400
v 0.01392648 0.01460000 -0.01180659
v 0.01513388 0.01460000 -0.01389788
v 0.01304259 0.01460000 -0.01333752
v 0.01316747 0.01460000 -0.01363900
v 0.01304259 0.01460000 -0.01269048
v 0.01316747 0.01460000 -0.01238900
v 0.01362500 0.01460000 -0.01193147
v 0.01336612 0.01460000 -0.01213012
v 0.01125000 0.01456339 0.00594696
v 0.01725000 0.01452380 0.00349276
v 0.01725000 0.01456627 0.00332254
v 0.01125000 0.01452363 0.00608825
v 0.01125000 0.01445417 0.00633508
v 0.01725000 0.01432725 0.00404103
v 0.01725000 0.01446485 0.00372901
v 0.01125000 0.01432543 0.00659454
v 0.01725000 0.01406119 0.00445814
v 0.01725000 0.01429587 0.00411221
v 0.01725000 0.01401056 0.00450834
v 0.01125000 0.01427581 0.00669455
v 0.01125000 0.01403191 0.00701455
v 0.01125000 0.01401272 0.00703149
v 0.01125000 0.01372998 0.00728103
v 0.01725000 0.01359491 0.00486200
v 0.01725000 0.01376368 0.00475311
v 0.01125000 0.01359552 0.00735830
v 0.01125000 0.01338233 0.00748079
v 0.01725000 0.01311519 0.00508888
v 0.01725000 0.01341179 0.00498016
v 0.01125000 0.01311511 0.00756790
v 0.01725000 0.01301884 0.00512419
v 0.01289965 0.01260000 0.00696774
v 0.01125000 0.01299931 0.00760566
v 0.01125000 0.01260000 0.00764787
v 0.01725000 0.01260000 0.00517414
v 0.01425000 0.00710000 -0.01426400
v 0.01457352 0.00710000 -0.01422141
v 0.01487500 0.00710000 -0.01409653
v 0.01513388 0.00710000 -0.01389788
v 0.01533253 0.00710000 -0.01363900
v 0.01545741 0.00710000 -0.01333752
v 0.01550000 0.00710000 -0.01301400
v 0.01545741 0.00710000 -0.01269048
v 0.01533253 0.00710000 -0.01238900
v 0.01513388 0.00710000 -0.01213012
v 0.01487500 0.00710000 -0.01193147
v 0.01457352 0.00710000 -0.01180659
v 0.01425000 0.00710000 -0.01176400
v 0.01392648 0.00710000 -0.01180659
v 0.01362500 0.00710000 -0.01193147
v 0.01336612 0.00710000 -0.01213012
v 0.01316747 0.00710000 -0.01238900
v 0.01304259 0.00710000 -0.01269048
v 0.01300000 0.00710000 -0.01301400
v 0.01304259 0.00710000 -0.01333752
v 0.01316747 0.00710000 -0.01363900
v 0.01336612 0.00710000 -0.01389788
v 0.01362500 0.00710000 -0.01409653
v 0.01392648 0.00710000 -0.01422141
v 0.01425000 0.00710000 -0.01301400
v 0.01125000 0.01390000 -0.02006993
v 0.01125000 0.00910000 0.00764787
v 0.01125000 0.00910000 -0.03263862
v 0.01125000 0.01390000 -0.03263862
v 0.00915000 0.00910000 -0.03606909
v 0.00915000 0.00910000 0.00824109
v 0.01130930 0.00910000 -0.03312203
v 0.01256387 0.00910000 -0.03451724
v 0.01303829 0.00910000 -0.03462738
v 0.01294242 0.00910000 -0.03489947
v 0.01176282 0.00910000 -0.03397589
v 0.01213014 0.00910000 -0.03429570
v 0.01148369 0.00910000 -0.03357678
v 0.01352527 0.00910000 -0.03461958
v 0.01399592 0.00910000 -0.03449431
v 0.01376442 0.01460000 -0.03457133
v 0.01352527 0.01460000 -0.03461958
v 0.01303829 0.01460000 -0.03462738
v 0.01256387 0.01460000 -0.03451724
v 0.01213014 0.01460000 -0.03429570
v 0.01176282 0.01460000 -0.03397589
v 0.01148369 0.01460000 -0.03357678
v 0.01130930 0.01460000 -0.03312203
v 0.01125000 0.01460000 -0.03263862
v 0.01399592 0.01460000 -0.03449431
v 0.01125000 0.01390000 -0.03557586
v 0.01125000 0.01460000 -0.03557586
v 0.01095000 0.01360000 -0.02020420
v 0.01095000 0.01360000 -0.03530000
v 0.01123163 0.01388163 -0.03558163
v -0.01049000 0.01360000 -0.03530000
v -0.00867983 0.01360000 -0.02898983
v -0.01049000 0.01360000 -0.03080000
v 0.01087061 0.01399286 -0.03569286
v 0.01087061 0.01840000 -0.03569286
v 0.01741000 0.01840000 -0.03301882
v 0.01438696 0.01460000 -0.03443456
v 0.01741000 0.01460000 -0.03301882
v 0.01014657 0.01410000 -0.03580000
v 0.01051253 0.01407307 -0.03577307
v -0.00999000 0.01410000 -0.03580000
v -0.00999000 0.02991051 -0.03580000
v -0.01049000 0.02991051 -0.03530000
v 0.01051000 0.01840000 -0.03577344
v 0.01035401 0.01915153 -0.03579138
v 0.01051000 0.01894469 -0.03577344
v 0.01014657 0.01958502 -0.03580000
v 0.01023048 0.01937689 -0.03579859
v 0.01051253 0.01840000 -0.03577307
v 0.01001000 0.02040000 -0.03580000
v 0.01051000 0.02040000 -0.03530000
v 0.01051000 0.01997175 -0.03534533
v 0.01051000 0.01950234 -0.03549221
v 0.01006541 0.01987655 -0.03580000
v 0.01001000 0.02991051 -0.03580000
v 0.01051000 0.02991051 -0.03530000
v -0.00999000 0.03466051 -0.03452724
v 0.01001000 0.03466051 -0.03452724
v 0.01001000 0.03236929 -0.03547630
v -0.00999000 0.03236929 -0.03547630
v 0.01051000 0.03441051 -0.03409423
v 0.01051000 0.03223988 -0.03499333
v 0.01001000 0.03995769 -0.03146891
v 0.01051000 0.03970769 -0.03103590
v -0.01049000 0.03223988 -0.03499333
v -0.01049000 0.03441051 -0.03409423
v -0.00999000 0.03995769 -0.03146891
v 0.01051000 0.04170769 -0.03050000
v 0.01051000 0.04067242 -0.03063630
v 0.01001000 0.04110340 -0.03107956
v 0.01001000 0.04080183 -0.03111926
v 0.01001000 0.04052081 -0.03123566
v 0.01001000 0.04170769 -0.03100000
v -0.01049000 0.03970769 -0.03103590
v -0.00999000 0.04051062 -0.03121108
v -0.00999000 0.04109993 -0.03105317
v -0.00999000 0.04170769 -0.03100000
v 0.01001000 0.05710000 -0.03100000
v 0.01051000 0.05710000 -0.03050000
v -0.01049000 0.04033962 -0.03074123
v -0.01049000 0.04101310 -0.03056077
v -0.01049000 0.04170769 -0.03050000
v -0.01049000 0.05710000 -0.03050000
v -0.00999000 0.05710000 -0.03100000
v 0.00876000 0.05926506 -0.03100000
v 0.00927777 0.05886777 -0.03100000
v 0.00967506 0.05835000 -0.03100000
v 0.00751000 0.05960000 -0.03100000
v 0.00815705 0.05951481 -0.03100000
v -0.00857471 0.05935242 -0.03100000
v -0.00804630 0.05953732 -0.03100000
v -0.00974242 0.05818471 -0.03100000
v -0.00944458 0.05865872 -0.03100000
v -0.00904872 0.05905458 -0.03100000
v -0.00992732 0.05765630 -0.03100000
v -0.00749000 0.05960000 -0.03100000
v 0.00992481 0.05774705 -0.03100000
v 0.01040778 0.05787646 -0.03050000
v 0.01010808 0.05860000 -0.03050000
v 0.00963132 0.05922132 -0.03050000
v 0.00901000 0.05969808 -0.03050000
v 0.00828646 0.05999778 -0.03050000
v 0.00751000 0.06010000 -0.03050000
v -0.00749000 0.06010000 -0.03050000
v -0.00815756 0.06002478 -0.03050000
v -0.00879165 0.05980291 -0.03050000
v -0.00936047 0.05944549 -0.03050000
v -0.00983549 0.05897047 -0.03050000
v -0.01019291 0.05840165 -0.03050000
v -0.01041478 0.05776756 -0.03050000
v -0.00749000 0.06010000 -0.02500000
v 0.00751000 0.06010000 -0.02500000
v -0.00936047 0.05944549 -0.02500000
v -0.00879165 0.05980291 -0.02500000
v -0.00815756 0.06002478 -0.02500000
v -0.01049000 0.05710000 -0.02600000
v -0.01047114 0.05743589 -0.02598114
v -0.01041478 0.05776756 -0.02592478
v -0.01032165 0.05809084 -0.02583165
v -0.01019291 0.05840165 -0.02570291
v -0.00983549 0.05897047 -0.02534549
v -0.00949000 0.05933607 -0.02500000
v 0.00901000 0.05969808 -0.02500000
v 0.00828646 0.05999778 -0.02500000
v 0.00951000 0.05933607 -0.02500000
v 0.00989006 0.05892628 -0.02538006
v 0.00962334 0.05921386 -0.02511334
v 0.01028164 0.05824805 -0.02577164
v 0.01010808 0.05860000 -0.02559808
v 0.01048434 0.05749158 -0.02597434
v 0.01040778 0.05787646 -0.02589778
v 0.01051000 0.05710000 -0.02600000
v -0.00949000 0.04010000 -0.02500000
v 0.00951000 0.04010000 -0.02500000
v -0.01049000 0.04010000 -0.02600000
v -0.01049000 0.03945295 -0.02608518
v -0.00949000 0.03919413 -0.02511926
v -0.01049000 0.03885000 -0.02633494
v -0.00949000 0.03835000 -0.02546891
v -0.01049000 0.03216051 -0.03019711
v -0.01049000 0.03107520 -0.03064667
v -0.01049000 0.02991051 -0.03080000
v -0.00949000 0.03166051 -0.02933109
v 0.00951000 0.03835000 -0.02546891
v 0.00951000 0.03919413 -0.02511926
v 0.01051000 0.04010000 -0.02600000
v -0.00949000 0.03081638 -0.02968074
v -0.00949000 0.02991051 -0.02980000
v 0.00951000 0.03166051 -0.02933109
v 0.01051000 0.03885000 -0.02633494
v 0.01051000 0.03945295 -0.02608518
v 0.01051000 0.03216051 -0.03019711
v 0.00951000 0.02991051 -0.02980000
v 0.00951000 0.03081638 -0.02968074
v 0.01051000 0.02991051 -0.03080000
v 0.01051000 0.03107520 -0.03064667
v -0.00949000 0.02510000 -0.02980000
v 0.00951000 0.02510000 -0.02980000
v -0.00867983 0.02240345 -0.02898983
v -0.00907006 0.02343769 -0.02938006
v -0.00946006 0.02464316 -0.02977006
v -0.00924246 0.02380714 -0.02955246
v -0.00937074 0.02419413 -0.02968074
v 0.01051000 0.02510000 -0.03080000
v 0.00951000 0.02419413 -0.02968074
v -0.00889479 0.02335867 -0.02931904
v 0.00951000 0.02262513 -0.02877487
v 0.00951000 0.02335000 -0.02933109
v -0.00750086 0.02273015 -0.02883380
v 0.00951000 0.02206891 -0.02805000
v -0.00538572 0.02218418 -0.02809751
v -0.00729269 0.02263629 -0.02876134
v -0.00708130 0.02254097 -0.02868775
v 0.00951000 0.02171926 -0.02720587
v -0.00290788 0.02175887 -0.02723496
v -0.00514021 0.02213252 -0.02801205
v -0.00354301 0.02179644 -0.02745605
v -0.00280517 0.02175279 -0.02719921
v -0.00022203 0.02160000 -0.02630000
v 0.00951000 0.02160000 -0.02630000
v 0.01051000 0.02060000 -0.02630000
v 0.01051000 0.02075333 -0.02746469
v 0.01051000 0.02120289 -0.02855000
v 0.01051000 0.02191802 -0.02948198
v 0.01051000 0.02285000 -0.03019711
v 0.01051000 0.02393531 -0.03064667
v 0.01051000 0.01840000 -0.02271586
v 0.01051000 0.02060000 -0.02271586
v -0.00700653 0.02162055 -0.02824092
v -0.00792219 0.02201098 -0.02865074
v -0.00808672 0.02208113 -0.02872438
v -0.00513131 0.02107605 -0.02740164
v -0.00580320 0.02127114 -0.02770235
v -0.00063054 0.02060000 -0.02538725
v -0.00330754 0.02088314 -0.02658538
v 0.00839723 0.02060000 -0.02134673
v 0.01452445 0.01840000 -0.01860440
v 0.00839723 0.01840000 -0.02134673
v 0.01786086 0.01840000 -0.03271607
v 0.01875000 0.01840000 -0.03080423
v 0.01869101 0.01840000 -0.03134409
v 0.01851684 0.01840000 -0.03185847
v 0.01523691 0.01840000 -0.01838685
v 0.01032788 0.01840000 -0.02199948
v 0.01046376 0.01840000 -0.02234627
v 0.01738147 0.01840000 -0.01882505
v 0.01795148 0.01840000 -0.01930464
v 0.01671086 0.01840000 -0.01850069
v 0.01823570 0.01840000 -0.03232311
v 0.01011074 0.01840000 -0.02169685
v 0.01598101 0.01840000 -0.01835156
v 0.01838575 0.01840000 -0.01990989
v 0.01875000 0.01840000 -0.02134265
v 0.00982573 0.01840000 -0.02145706
v 0.01865751 0.01840000 -0.02060348
v 0.00949043 0.01840000 -0.02129488
v 0.00912550 0.01840000 -0.02122031
v 0.00875346 0.01840000 -0.02123796
v 0.01046376 0.02060000 -0.02234627
v 0.01032788 0.02060000 -0.02199948
v 0.01011074 0.02060000 -0.02169685
v 0.00982573 0.02060000 -0.02145706
v 0.00949043 0.02060000 -0.02129488
v 0.00912550 0.02060000 -0.02122031
v 0.00875346 0.02060000 -0.02123796
v 0.00951000 0.02160000 -0.02271586
v 0.00949459 0.02160000 -0.02259266
v 0.00944929 0.02160000 -0.02247707
v 0.00937691 0.02160000 -0.02237619
v 0.00928191 0.02160000 -0.02229626
v 0.00917014 0.02160000 -0.02224220
v 0.00904850 0.02160000 -0.02221734
v 0.00892449 0.02160000 -0.02222323
v 0.00880574 0.02160000 -0.02225948
v 0.01875000 0.01360000 -0.03080423
v 0.01875000 0.01360000 -0.02134265
v 0.01869101 0.01360000 -0.03134409
v 0.01851684 0.01360000 -0.03185847
v 0.01823570 0.01360000 -0.03232311
v 0.01786086 0.01360000 -0.03271607
v 0.01755435 0.01460000 -0.03293699
v 0.01755435 0.01360000 -0.03293699
v 0.01795148 0.01360000 -0.01930464
v 0.01838575 0.01360000 -0.01990989
v 0.01865751 0.01360000 -0.02060348
v 0.01757143 0.01460000 -0.01895887
v 0.01738147 0.01460000 -0.01882505
v 0.01757143 0.01360000 -0.01895887
v 0.01738412 0.01460000 -0.01892895
v 0.01743230 0.01460000 -0.01891858
v 0.01730245 0.01460000 -0.01898278
v 0.01733995 0.01460000 -0.01895079
v 0.01748155 0.01460000 -0.01892030
v 0.01752888 0.01460000 -0.01893401
v 0.01727392 0.01460000 -0.01902295
v 0.01725000 0.01460000 -0.01911779
v 0.01725607 0.01460000 -0.01906889
v 0.01755000 0.01360000 -0.01894459
v 0.01755000 0.01360000 -0.03293958
v 0.01725000 0.01390000 -0.01911779
v 0.01725152 0.01389848 -0.01909315
v 0.01725607 0.01389393 -0.01906889
v 0.01726357 0.01388643 -0.01904537
v 0.01727392 0.01387608 -0.01902295
v 0.01728694 0.01386306 -0.01900198
v 0.01730245 0.01384755 -0.01898278
v 0.01733995 0.01381005 -0.01895079
v 0.01738412 0.01376588 -0.01892895
v 0.01743230 0.01371770 -0.01891858
v 0.01748155 0.01366845 -0.01892030
v 0.01752888 0.01362112 -0.01893401
v 0.01751165 0.01460000 -0.03295663
v 0.01751165 0.01363835 -0.03295663
v 0.01746555 0.01368445 -0.03296577
v 0.01746555 0.01460000 -0.03296577
v 0.01741860 0.01373140 -0.03296389
v 0.01741860 0.01460000 -0.03296389
v 0.01737337 0.01377663 -0.03295111
v 0.01737337 0.01460000 -0.03295111
v 0.01733238 0.01381762 -0.03292813
v 0.01733238 0.01460000 -0.03292813
v 0.01729788 0.01385212 -0.03289622
v 0.01729788 0.01460000 -0.03289622
v 0.01727178 0.01387822 -0.03285713
v 0.01725552 0.01460000 -0.03281304
v 0.01727178 0.01460000 -0.03285713
v 0.01726235 0.01388765 -0.03283557
v 0.01725000 0.01460000 -0.03276637
v 0.01725139 0.01389861 -0.03278987
v 0.01725552 0.01389448 -0.03281304
v 0.01725000 0.01390000 -0.03276637
v 0.01725000 0.01390000 -0.03176232
v 0.01610859 0.01460000 -0.03356865
v 0.01705017 0.01460000 -0.03263376
v 0.01649061 0.01460000 -0.03333105
v 0.01719940 0.01460000 -0.03220935
v 0.01680985 0.01460000 -0.03301407
v 0.01725000 0.01460000 -0.03176232
v 0.01725000 0.00910000 -0.03176232
v 0.01725000 0.00910000 0.00517414
v 0.01719940 0.00910000 -0.03220935
v 0.01705017 0.00910000 -0.03263376
v 0.01680985 0.00910000 -0.03301407
v 0.01649061 0.00910000 -0.03333105
v 0.01610859 0.00910000 -0.03356865
v 0.02095000 0.00910000 0.00019454
v 0.01997564 0.00910000 0.00316006
v 0.02050875 0.00910000 0.00224827
v 0.01840231 0.00910000 0.00455186
v 0.01926289 0.00910000 0.00393951
v 0.02083844 0.00910000 -0.02907284
v 0.02050875 0.00910000 -0.03007627
v 0.02095000 0.00910000 -0.02802254
v 0.01997564 0.00910000 -0.03098805
v 0.02083844 0.00910000 0.00124484
v 0.01926289 0.00910000 -0.03176751
v 0.01840231 0.00910000 -0.03237986
v 0.02095000 0.00110000 0.00019454
v 0.02095000 0.00110000 -0.02802254
v 0.02083844 0.00110000 -0.02907284
v 0.02050875 0.00110000 -0.03007627
v 0.01997564 0.00110000 -0.03098805
v 0.01926289 0.00110000 -0.03176751
v 0.01840231 0.00110000 -0.03237986
v 0.01840231 0.00110000 0.00455186
v 0.01926289 0.00110000 0.00393951
v 0.01997564 0.00110000 0.00316006
v 0.02050875 0.00110000 0.00224827
v 0.02083844 0.00110000 0.00124484
v 0.01725000 0.00110000 0.00517414
v 0.01725000 0.00110000 -0.03300214
v 0.01725000 -0.00180000 0.00517414
v 0.01725000 -0.00180000 -0.03300214
v 0.01294242 -0.00180000 0.00707147
v 0.01294242 -0.00180000 -0.03489947
v 0.01125000 -0.00180000 0.00764787
v 0.01125000 -0.00180000 -0.03547587
v 0.01125000 0.00110000 0.00764787
v 0.01125000 0.00110000 -0.03547587
v 0.00915000 0.00110000 0.00824109
v 0.00915000 0.00110000 -0.03606909
v 0.00715000 0.00892502 -0.03651400
v 0.00715000 0.00127498 -0.03651400
v 0.00715000 0.00127498 0.00868600
v 0.00715000 0.00892502 0.00868600
v 0.00715000 0.00127498 -0.03246665
v 0.00715000 0.00892502 -0.03246665
v 0.00715000 0.00892502 0.00465281
v 0.00715000 0.00127498 0.00465281
v 0.00883159 0.00907214 0.00404076
v 0.00883159 0.00112786 0.00404076
v 0.00883159 0.00907214 0.00333124
v 0.00883159 0.00112786 0.00333124
v 0.00891358 0.00112068 0.00337301
v 0.00891358 0.00907932 0.00337301
v 0.00898303 0.00111461 0.00343338
v 0.00898303 0.00908539 0.00343338
v 0.00903581 0.00110999 0.00350876
v 0.00903581 0.00909001 0.00350876
v 0.00906879 0.00110711 0.00359467
v 0.00906879 0.00909289 0.00359467
v 0.00908000 0.00110612 0.00368600
v 0.00908000 0.00909388 0.00368600
v 0.00906879 0.00110711 0.00377733
v 0.00906879 0.00909289 0.00377733
v 0.00903581 0.00110999 0.00386324
v 0.00903581 0.00909001 0.00386324
v 0.00898303 0.00111461 0.00393862
v 0.00898303 0.00908539 0.00393862
v 0.00891358 0.00112068 0.00399899
v 0.00891358 0.00907932 0.00399899
v 0.00715000 0.00892502 0.00271919
v 0.00715000 0.00127498 0.00271919
v 0.00715000 0.00892502 0.00213954
v 0.00715000 0.00127498 0.00213954
v 0.00883159 0.00112786 -0.03185460
v 0.00883159 0.00907214 -0.03185460
v 0.00891358 0.00112068 -0.03181282
v 0.00891358 0.00907932 -0.03181282
v 0.00898303 0.00111461 -0.03175245
v 0.00898303 0.00908539 -0.03175245
v 0.00903581 0.00110999 -0.03167708
v 0.00903581 0.00909001 -0.03167708
v 0.00906879 0.00110711 -0.03159117
v 0.00906879 0.00909289 -0.03159117
v 0.00908000 0.00110612 -0.03149984
v 0.00908000 0.00909388 -0.03149984
v 0.00906879 0.00110711 -0.03140850
v 0.00906879 0.00909289 -0.03140850
v 0.00903581 0.00110999 -0.03132260
v 0.00903581 0.00909001 -0.03132260
v 0.00898303 0.00111461 -0.03124722
v 0.00898303 0.00908539 -0.03124722
v 0.00891358 0.00112068 -0.03118685
v 0.00891358 0.00907932 -0.03118685
v 0.00883159 0.00112786 -0.03114508
v 0.00883159 0.00907214 -0.03114508
v 0.00715000 0.00127498 -0.03053303
v 0.00715000 0.00892502 -0.03053303
v 0.00715000 0.00127498 -0.02995337
v 0.00715000 0.00892502 -0.02995337
v 0.00883159 0.00112786 -0.02934133
v 0.00883159 0.00907214 -0.02934133
v 0.00891358 0.00112068 -0.02929955
v 0.00891358 0.00907932 -0.02929955
v 0.00898303 0.00111461 -0.02923918
v 0.00898303 0.00908539 -0.02923918
v 0.00903581 0.00110999 -0.02916380
v 0.00903581 0.00909001 -0.02916380
v 0.00906879 0.00110711 -0.02907790
v 0.00906879 0.00909289 -0.02907790
v 0.00908000 0.00110612 -0.02898656
v 0.00908000 0.00909388 -0.02898656
v 0.00906879 0.00110711 -0.02889523
v 0.00906879 0.00909289 -0.02889523
v 0.00903581 0.00110999 -0.02880932
v 0.00903581 0.00909001 -0.02880932
v 0.00898303 0.00111461 -0.02873395
v 0.00898303 0.00908539 -0.02873395
v 0.00891358 0.00112068 -0.02867358
v 0.00891358 0.00907932 -0.02867358
v 0.00883159 0.00112786 -0.02863180
v 0.00883159 0.00907214 -0.02863180
v 0.00715000 0.00127498 -0.02801975
v 0.00715000 0.00892502 -0.02801975
v 0.00715000 0.00127498 -0.02744010
v 0.00715000 0.00892502 -0.02744010
v 0.00883159 0.00112786 -0.02682805
v 0.00883159 0.00907214 -0.02682805
v 0.00891358 0.00112068 -0.02678628
v 0.00891358 0.00907932 -0.02678628
v 0.00898303 0.00111461 -0.02672591
v 0.00898303 0.00908539 -0.02672591
v 0.00903581 0.00110999 -0.02665053
v 0.00903581 0.00909001 -0.02665053
v 0.00906879 0.00110711 -0.02656462
v 0.00906879 0.00909289 -0.02656462
v 0.00908000 0.00110612 -0.02647329
v 0.00908000 0.00909388 -0.02647329
v 0.00906879 0.00110711 -0.02638196
v 0.00906879 0.00909289 -0.02638196
v 0.00903581 0.00110999 -0.02629605
v 0.00903581 0.00909001 -0.02629605
v 0.00898303 0.00111461 -0.02622067
v 0.00898303 0.00908539 -0.02622067
v 0.00891358 0.00112068 -0.02616030
v 0.00891358 0.00907932 -0.02616030
v 0.00883159 0.00112786 -0.02611853
v 0.00883159 0.00907214 -0.02611853
v 0.00715000 0.00127498 -0.02550648
v 0.00715000 0.00892502 -0.02550648
v 0.00715000 0.00127498 -0.02492683
v 0.00715000 0.00892502 -0.02492683
v 0.00883159 0.00112786 -0.02431478
v 0.00883159 0.00907214 -0.02431478
v 0.00891358 0.00112068 -0.02427300
v 0.00891358 0.00907932 -0.02427300
v 0.00898303 0.00111461 -0.02421263
v 0.00898303 0.00908539 -0.02421263
v 0.00903581 0.00110999 -0.02413725
v 0.00903581 0.00909001 -0.02413725
v 0.00906879 0.00110711 -0.02405135
v 0.00906879 0.00909289 -0.02405135
v 0.00908000 0.00110612 -0.02396001
v 0.00908000 0.00909388 -0.02396001
v 0.00906879 0.00110711 -0.02386868
v 0.00906879 0.00909289 -0.02386868
v 0.00903581 0.00110999 -0.02378278
v 0.00903581 0.00909001 -0.02378278
v 0.00898303 0.00111461 -0.02370740
v 0.00898303 0.00908539 -0.02370740
v 0.00891358 0.00112068 -0.02364703
v 0.00891358 0.00907932 -0.02364703
v 0.00883159 0.00112786 -0.02360526
v 0.00883159 0.00907214 -0.02360526
v 0.00715000 0.00127498 -0.02299321
v 0.00715000 0.00892502 -0.02299321
v 0.00715000 0.00127498 -0.02241355
v 0.00715000 0.00892502 -0.02241355
v 0.00883159 0.00112786 -0.02180150
v 0.00883159 0.00907214 -0.02180150
v 0.00891358 0.00112068 -0.02175973
v 0.00891358 0.00907932 -0.02175973
v 0.00898303 0.00111461 -0.02169936
v 0.00898303 0.00908539 -0.02169936
v 0.00903581 0.00110999 -0.02162398
v 0.00903581 0.00909001 -0.02162398
v 0.00906879 0.00110711 -0.02153807
v 0.00906879 0.00909289 -0.02153807
v 0.00908000 0.00110612 -0.02144674
v 0.00908000 0.00909388 -0.02144674
v 0.00906879 0.00110711 -0.02135541
v 0.00906879 0.00909289 -0.02135541
v 0.00903581 0.00110999 -0.02126950
v 0.00903581 0.00909001 -0.02126950
v 0.00898303 0.00111461 -0.02119412
v 0.00898303 0.00908539 -0.02119412
v 0.00891358 0.00112068 -0.02113376
v 0.00891358 0.00907932 -0.02113376
v 0.00883159 0.00112786 -0.02109198
v 0.00883159 0.00907214 -0.02109198
v 0.00715000 0.00127498 -0.02047993
v 0.00715000 0.00892502 -0.02047993
v 0.00715000 0.00127498 -0.01990028
v 0.00715000 0.00892502 -0.01990028
v 0.00883159 0.00112786 -0.01928823
v 0.00883159 0.00907214 -0.01928823
v 0.00891358 0.00112068 -0.01924645
v 0.00891358 0.00907932 -0.01924645
v 0.00898303 0.00111461 -0.01918608
v 0.00898303 0.00908539 -0.01918608
v 0.00903581 0.00110999 -0.01911071
v 0.00903581 0.00909001 -0.01911071
v 0.00906879 0.00110711 -0.01902480
v 0.00906879 0.00909289 -0.01902480
v 0.00908000 0.00110612 -0.01893347
v 0.00908000 0.00909388 -0.01893347
v 0.00906879 0.00110711 -0.01884213
v 0.00906879 0.00909289 -0.01884213
v 0.00903581 0.00110999 -0.01875623
v 0.00903581 0.00909001 -0.01875623
v 0.00898303 0.00111461 -0.01868085
v 0.00898303 0.00908539 -0.01868085
v 0.00891358 0.00112068 -0.01862048
v 0.00891358 0.00907932 -0.01862048
v 0.00883159 0.00112786 -0.01857871
v 0.00883159 0.00907214 -0.01857871
v 0.00715000 0.00127498 -0.01796666
v 0.00715000 0.00892502 -0.01796666
v 0.00715000 0.00127498 -0.01738700
v 0.00715000 0.00892502 -0.01738700
v 0.00883159 0.00112786 -0.01677495
v 0.00883159 0.00907214 -0.01677495
v 0.00891358 0.00112068 -0.01673318
v 0.00891358 0.00907932 -0.01673318
v 0.00898303 0.00111461 -0.01667281
v 0.00898303 0.00908539 -0.01667281
v 0.00903581 0.00110999 -0.01659743
v 0.00903581 0.00909001 -0.01659743
v 0.00906879 0.00110711 -0.01651153
v 0.00906879 0.00909289 -0.01651153
v 0.00908000 0.00110612 -0.01642019
v 0.00908000 0.00909388 -0.01642019
v 0.00906879 0.00110711 -0.01632886
v 0.00906879 0.00909289 -0.01632886
v 0.00903581 0.00110999 -0.01624295
v 0.00903581 0.00909001 -0.01624295
v 0.00898303 0.00111461 -0.01616758
v 0.00898303 0.00908539 -0.01616758
v 0.00891358 0.00112068 -0.01610721
v 0.00891358 0.00907932 -0.01610721
v 0.00883159 0.00112786 -0.01606543
v 0.00883159 0.00907214 -0.01606543
v 0.00715000 0.00127498 -0.01545338
v 0.00715000 0.00892502 -0.01545338
v 0.00715000 0.00127498 -0.01487373
v 0.00715000 0.00892502 -0.01487373
v 0.00883159 0.00112786 -0.01426168
v 0.00883159 0.00907214 -0.01426168
v 0.00891358 0.00112068 -0.01421990
v 0.00891358 0.00907932 -0.01421990
v 0.00898303 0.00111461 -0.01415954
v 0.00898303 0.00908539 -0.01415954
v 0.00903581 0.00110999 -0.01408416
v 0.00903581 0.00909001 -0.01408416
v 0.00906879 0.00110711 -0.01399825
v 0.00906879 0.00909289 -0.01399825
v 0.00908000 0.00110612 -0.01390692
v 0.00908000 0.00909388 -0.01390692
v 0.00906879 0.00110711 -0.01381559
v 0.00906879 0.00909289 -0.01381559
v 0.00903581 0.00110999 -0.01372968
v 0.00903581 0.00909001 -0.01372968
v 0.00898303 0.00111461 -0.01365430
v 0.00898303 0.00908539 -0.01365430
v 0.00891358 0.00112068 -0.01359393
v 0.00891358 0.00907932 -0.01359393
v 0.00883159 0.00112786 -0.01355216
v 0.00883159 0.00907214 -0.01355216
v 0.00715000 0.00127498 -0.01294011
v 0.00715000 0.00892502 -0.01294011
v 0.00715000 0.00127498 -0.01236046
v 0.00715000 0.00892502 -0.01236046
v 0.00883159 0.00112786 -0.01174841
v 0.00883159 0.00907214 -0.01174841
v 0.00891358 0.00112068 -0.01170663
v 0.00891358 0.00907932 -0.01170663
v 0.00898303 0.00111461 -0.01164626
v 0.00898303 0.00908539 -0.01164626
v 0.00903581 0.00110999 -0.01157088
v 0.00903581 0.00909001 -0.01157088
v 0.00906879 0.00110711 -0.01148498
v 0.00906879 0.00909289 -0.01148498
v 0.00908000 0.00110612 -0.01139364
v 0.00908000 0.00909388 -0.01139364
v 0.00906879 0.00110711 -0.01130231
v 0.00906879 0.00909289 -0.01130231
v 0.00903581 0.00110999 -0.01121641
v 0.00903581 0.00909001 -0.01121641
v 0.00898303 0.00111461 -0.01114103
v 0.00898303 0.00908539 -0.01114103
v 0.00891358 0.00112068 -0.01108066
v 0.00891358 0.00907932 -0.01108066
v 0.00883159 0.00112786 -0.01103888
v 0.00883159 0.00907214 -0.01103888
v 0.00715000 0.00127498 -0.01042683
v 0.00715000 0.00892502 -0.01042683
v 0.00715000 0.00127498 -0.00984718
v 0.00715000 0.00892502 -0.00984718
v 0.00883159 0.00112786 -0.00923513
v 0.00883159 0.00907214 -0.00923513
v 0.00891358 0.00112068 -0.00919336
v 0.00891358 0.00907932 -0.00919336
v 0.00898303 0.00111461 -0.00913299
v 0.00898303 0.00908539 -0.00913299
v 0.00903581 0.00110999 -0.00905761
v 0.00903581 0.00909001 -0.00905761
v 0.00906879 0.00110711 -0.00897170
v 0.00906879 0.00909289 -0.00897170
v 0.00908000 0.00110612 -0.00888037
v 0.00908000 0.00909388 -0.00888037
v 0.00906879 0.00110711 -0.00878904
v 0.00906879 0.00909289 -0.00878904
v 0.00903581 0.00110999 -0.00870313
v 0.00903581 0.00909001 -0.00870313
v 0.00898303 0.00111461 -0.00862775
v 0.00898303 0.00908539 -0.00862775
v 0.00891358 0.00112068 -0.00856739
v 0.00891358 0.00907932 -0.00856739
v 0.00883159 0.00112786 -0.00852561
v 0.00883159 0.00907214 -0.00852561
v 0.00715000 0.00127498 -0.00791356
v 0.00715000 0.00892502 -0.00791356
v 0.00715000 0.00127498 -0.00733391
v 0.00715000 0.00892502 -0.00733391
v 0.00883159 0.00112786 -0.00672186
v 0.00883159 0.00907214 -0.00672186
v 0.00891358 0.00112068 -0.00668008
v 0.00891358 0.00907932 -0.00668008
v 0.00898303 0.00111461 -0.00661971
v 0.00898303 0.00908539 -0.00661971
v 0.00903581 0.00110999 -0.00654434
v 0.00903581 0.00909001 -0.00654434
v 0.00906879 0.00110711 -0.00645843
v 0.00906879 0.00909289 -0.00645843
v 0.00908000 0.00110612 -0.00636710
v 0.00908000 0.00909388 -0.00636710
v 0.00906879 0.00110711 -0.00627576
v 0.00906879 0.00909289 -0.00627576
v 0.00903581 0.00110999 -0.00618986
v 0.00903581 0.00909001 -0.00618986
v 0.00898303 0.00111461 -0.00611448
v 0.00898303 0.00908539 -0.00611448
v 0.00891358 0.00112068 -0.00605411
v 0.00891358 0.00907932 -0.00605411
v 0.00883159 0.00112786 -0.00601234
v 0.00883159 0.00907214 -0.00601234
v 0.00715000 0.00127498 -0.00540029
v 0.00715000 0.00892502 -0.00540029
v 0.00715000 0.00127498 -0.00482063
v 0.00715000 0.00892502 -0.00482063
v 0.00883159 0.00112786 -0.00420858
v 0.00883159 0.00907214 -0.00420858
v 0.00891358 0.00112068 -0.00416681
v 0.00891358 0.00907932 -0.00416681
v 0.00898303 0.00111461 -0.00410644
v 0.00898303 0.00908539 -0.00410644
v 0.00903581 0.00110999 -0.00403106
v 0.00903581 0.00909001 -0.00403106
v 0.00906879 0.00110711 -0.00394515
v 0.00906879 0.00909289 -0.00394515
v 0.00908000 0.00110612 -0.00385382
v 0.00908000 0.00909388 -0.00385382
v 0.00906879 0.00110711 -0.00376249
v 0.00906879 0.00909289 -0.00376249
v 0.00903581 0.00110999 -0.00367658
v 0.00903581 0.00909001 -0.00367658
v 0.00898303 0.00111461 -0.00360121
v 0.00898303 0.00908539 -0.00360121
v 0.00891358 0.00112068 -0.00354084
v 0.00891358 0.00907932 -0.00354084
v 0.00883159 0.00112786 -0.00349906
v 0.00883159 0.00907214 -0.00349906
v 0.00715000 0.00127498 -0.00288701
v 0.00715000 0.00892502 -0.00288701
v 0.00715000 0.00127498 -0.00230736
v 0.00715000 0.00892502 -0.00230736
v 0.00883159 0.00112786 -0.00169531
v 0.00883159 0.00907214 -0.00169531
v 0.00891358 0.00112068 -0.00165353
v 0.00891358 0.00907932 -0.00165353
v 0.00898303 0.00111461 -0.00159316
v 0.00898303 0.00908539 -0.00159316
v 0.00903581 0.00110999 -0.00151779
v 0.00903581 0.00909001 -0.00151779
v 0.00906879 0.00110711 -0.00143188
v 0.00906879 0.00909289 -0.00143188
v 0.00908000 0.00110612 -0.00134055
v 0.00908000 0.00909388 -0.00134055
v 0.00906879 0.00110711 -0.00124922
v 0.00906879 0.00909289 -0.00124922
v 0.00903581 0.00110999 -0.00116331
v 0.00903581 0.00909001 -0.00116331
v 0.00898303 0.00111461 -0.00108793
v 0.00898303 0.00908539 -0.00108793
v 0.00891358 0.00112068 -0.00102756
v 0.00891358 0.00907932 -0.00102756
v 0.00883159 0.00112786 -0.00098579
v 0.00883159 0.00907214 -0.00098579
v 0.00715000 0.00127498 -0.00037374
v 0.00715000 0.00892502 -0.00037374
v 0.00715000 0.00127498 0.00020592
v 0.00715000 0.00892502 0.00020592
v 0.00883159 0.00907214 0.00152749
v 0.00891358 0.00907932 0.00148571
v 0.00908000 0.00909388 0.00117273
v 0.00906879 0.00909289 0.00126406
v 0.00898303 0.00908539 0.00142534
v 0.00883159 0.00907214 0.00081797
v 0.00891358 0.00907932 0.00085974
v 0.00903581 0.00909001 0.00134996
v 0.00898303 0.00908539 0.00092011
v 0.00903581 0.00909001 0.00099549
v 0.00906879 0.00909289 0.00108139
v 0.00883159 0.00112786 0.00081797
v 0.00891358 0.00112068 0.00085974
v 0.00883159 0.00112786 0.00152749
v 0.00898303 0.00111461 0.00092011
v 0.00908000 0.00110612 0.00117273
v 0.00891358 0.00112068 0.00148571
v 0.00903581 0.00110999 0.00099549
v 0.00898303 0.00111461 0.00142534
v 0.00906879 0.00110711 0.00108139
v 0.00903581 0.00110999 0.00134996
v 0.00906879 0.00110711 0.00126406
vt 0.01789314 0.00571686
vt 11.51917267 -0.00025000
vt 6.70401287 -0.02810516
vt 0.02486774 0.00184003
vt 2.31188178 0.01795720
vt 6.02138615 0.00100000
vt -0.00070711 -0.01500000
vt 0.03256885 0.00008152
vt 5.45924807 0.00100000
vt -0.00000000 0.00567500
vt 1.35985649 -0.00000000
vt -0.00707119 -0.02585295
vt 0.00062715 -0.01522691
vt 0.00168711 0.00474649
vt 0.00778005 0.00016761
vt 1.04719758 -0.00050000
vt -0.00108253 0.00062500
vt 4.71238899 0.00000000
vt 0.00968595 0.00031962
vt 6.20533800 0.01704164
vt 0.02285970 0.00184003
vt 0.00088388 -0.00088388
vt 0.04480165 0.00042015
vt 9.68657780 -0.00025000
vt 0.00254769 0.00413414
vt 0.03743411 0.00016761
vt 2.06485319 0.01795720
vt 0.02996966 0.00011463
vt 0.00404735 -0.00000000
vt 1.00000000 1.02962077
vt 0.00005513 -0.01756143
vt 0.00044491 0.00000000
vt 4.96134186 -0.02810516
vt -0.00070711 -0.01731051
vt 0.03733196 0.00031962
vt 0.02296184 0.00031962
vt 6.54498482 0.00000000
vt 0.03297316 0.00023732
vt 5.75958633 -0.00025000
vt -0.04163711 0.00357663
vt 0.02794662 0.00177032
vt 0.03671991 -0.00000000
vt -0.00062500 0.00108253
vt 5.78175402 -1.38687336
vt 5.93411922 0.00552788
vt 0.00743610 0.00008152
vt 4.71238899 0.02175720
vt 0.00254769 0.04106586
vt 5.97813177 -0.26163155
vt -0.00381354 -0.00000000
vt 0.02650000 0.00000000
vt -0.04154314 0.00367822
vt 3.44600582 0.00000000
vt 0.00017498 0.01100752
vt -0.00357866 -0.00948459
vt 0.01538024 0.00177032
vt -0.00027275 0.04055503
vt 4.97418833 -0.00688378
vt 0.01722577 0.00031962
vt 0.00011156 0.03775884
vt 3.71657705 0.01795720
vt 0.00782502 0.03923319
vt -0.00772436 -0.00000000
vt 0.00160069 0.04411966
vt 0.00465940 0.00168802
vt 0.03923319 0.00200764
vt -0.02620000 0.00795000
vt 0.02480737 0.00177032
vt -0.00244306 -0.00981573
vt 0.01789352 0.00023732
vt 6.28318548 0.02674000
vt 1.23873699 -0.00000000
vt 6.02138615 -0.00000000
vt 0.00732519 -0.01697717
vt 0.02983392 0.00177032
vt 0.02727887 0.00031962
vt 0.01211289 0.04045351
vt -0.00370186 -0.01050000
vt 0.02242984 0.00189301
vt 6.09161568 0.00307498
vt -0.00158948 -0.01864751
vt 5.23598766 -0.00000000
vt 0.02269841 0.00192612
vt 0.00782502 0.02415354
vt -0.02232500 0.00778253
vt -0.02775489 0.00369393
vt 3.33316231 0.01072502
vt 0.00000000 0.02674000
vt 0.26179940 -0.00000000
vt 3.25379229 0.00696714
vt 0.00510549 0.00008152
vt 0.02278432 0.00189301
vt 0.02251575 0.00008152
vt 0.00782502 0.00404735
vt 0.00782502 0.04116681
vt 5.97928572 0.00028163
vt 6.67637920 0.01713383
vt -0.01013657 0.00070711
vt 5.97877216 0.00100000
vt 4.46804285 0.01349292
vt 0.01350000 0.00103813
vt 0.00017498 0.03865354
vt 3.14159274 0.01148600
vt -0.00228088 -0.00948043
vt -0.02682500 0.00778253
vt 2.87979317 -0.00100000
vt 0.00000000 -0.02175720
vt 5.70820093 0.00100000
vt 0.03865354 0.00000000
vt 0.00782502 0.01854734
vt 0.04045261 0.00184003
vt 5.45924807 -0.02590516
vt 0.01542202 0.00031962
vt 0.02543334 0.00023732
vt 0.02294891 0.00458902
vt 10.99557400 0.00000000
vt 0.00501416 0.00193737
vt -0.05733649 0.00141421
vt 0.01282564 0.03967405
vt 0.00532715 0.00023732
vt 3.49065852 0.00552788
vt 4.71238899 -0.02810516
vt -0.01330911 -0.01822570
vt -0.02766877 0.00364755
vt 0.00086603 -0.00050000
vt 0.01497593 0.00192612
vt 0.00782502 0.01410045
vt 3.61928749 0.01440000
vt 0.03266018 0.00007027
vt 5.60998678 0.00050000
vt 0.00788220 0.00168802
vt 1.00000000 0.75903302
vt 5.16322231 0.01090000
vt 0.03301494 0.00168802
vt 2.87979317 -0.00025000
vt 0.02772496 0.00008152
vt 0.02494312 0.00189301
vt 3.92699075 -0.00400000
vt 0.01100752 0.00200764
vt 4.97418833 -0.01148600
vt 0.00974000 -0.01883013
vt 5.75958633 -0.00400000
vt 0.00579242 0.00161453
vt 0.00724000 -0.00093782
vt 0.00498014 0.00221830
vt -0.04266189 0.00918718
vt 0.02547512 0.00031962
vt -0.00772436 -0.00000000
vt 0.02415354 0.00200764
vt 3.71657705 0.02175720
vt 0.00018895 -0.01737146
vt 2.87979317 0.02674000
vt 0.01542202 0.00168802
vt 0.78539819 -0.00400000
vt 0.02989429 0.00184003
vt 0.02537297 0.00016761
vt -0.02760458 0.00351770
vt 0.52359879 0.00000000
vt 5.95715380 0.00100000
vt 3.38780618 0.01090000
vt 6.02138615 -0.00750000
vt 2.35619450 -0.00750000
vt 0.00821400 -0.03741567
vt 0.00293725 0.00000000
vt 5.78402567 -1.30916631
vt 0.00148489 0.04408190
vt 0.00000000 0.00849145
vt 0.03526478 0.00192612
vt -0.04426186 0.00970000
vt 0.26179940 -0.00750000
vt 7.61846113 0.01725168
vt 0.02106062 0.00200764
vt 3.14159274 0.00100000
vt 0.26179940 -0.00000000
vt -0.06033649 0.01800000
vt 0.00058728 0.04354549
vt 0.00097436 0.03967405
vt 0.02377897 0.00419655
vt 5.97644043 -0.52370900
vt -0.02770895 0.00367608
vt 9.94837666 0.00000000
vt -0.00000000 0.00552788
vt -0.00264773 0.00011650
vt 0.00465940 0.00031962
vt -0.02762001 0.00342112
vt 0.02034642 0.00184003
vt 8.37758064 0.00000000
vt -0.01628600 -0.01094000
vt 0.00050000 -0.02063657
vt 0.01475427 0.00023732
vt 4.96134186 -0.02590516
vt 7.59218216 0.00000000
vt 0.01973905 0.00168802
vt 0.01629814 -0.02590516
vt 0.01350000 0.04416187
vt 0.00797223 -0.01809789
vt 0.02732064 0.00177032
vt 0.01039547 0.00168802
vt 4.18879032 -0.00400000
vt 0.00017498 0.00907390
vt 0.01286697 0.00023732
vt 3.86584735 0.01090000
vt 0.00782502 0.02164027
vt 0.02529759 0.00189301
vt 2.61799383 -0.00100000
vt 0.01021795 0.00189301
vt 0.01292881 -0.04695811
vt 0.03291279 0.00184003
vt 0.02235446 0.00016761
vt -0.02081612 0.00581612
vt 0.01767186 0.00192612
vt 0.00000000 0.00774000
vt 0.00724000 -0.01633013
vt 5.16118813 0.00050000
vt 5.93120766 -0.00000000
vt 5.44542742 0.00551463
vt -0.01179023 -0.01874000
vt 9.16297817 0.00000000
vt 0.00656063 -0.00000000
vt -0.05957256 0.02000000
vt 5.34729528 0.00290000
vt 2.35619450 -0.00025000
vt 0.03526478 0.00008152
vt -0.02107500 0.00561747
vt -0.04225465 0.00484141
vt -0.00178951 0.01347217
vt 0.03994738 0.00184003
vt 1.14891672 -0.00000141
vt 0.00025882 -0.00096593
vt 0.00017498 0.02860044
vt 0.00017498 0.02666682
vt 0.00510549 0.00192612
vt 0.03039952 0.00184003
vt 0.17453292 -0.02724000
vt 5.38558722 0.00050000
vt 0.00017498 0.00849425
vt -0.00000000 0.01332505
vt 0.00598502 -0.02063657
vt 5.38863897 0.01090000
vt 5.83438635 0.00000000
vt 0.00045684 -0.00004235
vt 0.94175124 -0.00002656
vt 4.46804285 0.00550713
vt 5.60998678 0.00000000
vt 0.00506954 0.00600000
vt 7.12161016 0.01640000
vt -0.01667886 -0.01086061
vt 1.83259571 -0.00000000
vt -0.00000000 -0.01500000
vt 0.00735020 0.00011463
vt -0.01662507 0.00012720
vt 6.28318548 -0.00400000
vt 0.01335875 0.03876227
vt -0.04312056 0.00656304
vt -0.06033649 0.00300000
vt 5.97362709 -0.79799283
vt 3.61928749 0.01090000
vt 0.00782502 0.03169337
vt 3.36599207 0.00691078
vt 0.00000000 -0.00000000
vt 1.00000000 0.73536825
vt 0.02794662 0.00023732
vt 0.00881689 -0.03035516
vt 3.17516518 0.04072311
vt 4.93004704 0.01695720
vt -0.02137648 0.00790741
vt 5.97581244 -0.60042053
vt 7.38294077 0.01795720
vt 0.03492084 0.00184003
vt -0.00698600 -0.04350000
vt 0.01211289 0.00474649
vt 1.57079637 -0.00025000
vt -0.02745000 0.00670000
vt 3.66519141 0.00100000
vt 0.00782502 0.01352080
vt -0.02708388 0.00758388
vt -0.02202352 0.00790741
vt 6.20610666 -0.02810516
vt 0.00717268 0.00168802
vt -0.00003373 0.03983654
vt 0.00017498 0.03420664
vt -0.00276282 0.00000781
vt 0.01538024 0.00023732
vt 3.36599207 0.01148600
vt 4.92402458 0.00290000
vt 1.57079637 -0.00400000
vt 7.06858349 -0.00025000
vt 5.75958633 0.00000000
vt 0.00881689 -0.03966567
vt 0.00000000 -0.00100000
vt 0.00788220 0.00031962
vt -0.01675907 -0.01050253
vt -0.04131975 0.00389983
vt 3.28850555 0.04170000
vt -0.01508023 -0.02081051
vt 0.03542607 0.00184003
vt 0.01010000 0.00475168
vt -0.04330558 0.00742473
vt 5.98935938 0.00480000
vt 0.26179940 0.00774000
vt -0.02557500 0.00561747
vt 3.05296707 0.01795720
vt 0.00680000 -0.02050000
vt 0.03481869 0.00031962
vt 5.45924807 -0.00000000
vt 5.68977356 0.01347934
vt 0.02040679 0.00023732
vt 0.01748920 0.00008152
vt 1.57079637 -0.00750000
vt -0.02557500 0.00778253
vt 0.00269655 -0.00114575
vt 3.40339208 -0.00400000
vt 5.49778700 -0.00000000
vt 0.00536892 0.00031962
vt 0.78539819 0.00774000
vt 0.01180000 0.00044491
vt 0.03865354 0.00200764
vt 0.00014583 0.04284908
vt 0.00851400 -0.06460515
vt 2.61799383 0.00100000
vt 1.57079637 -0.00000000
vt 10.47197533 -0.00025000
vt 0.02724000 -0.01633013
vt 1.30899692 -0.00000000
vt 0.01035370 0.00023732
vt 0.01973905 0.00031962
vt 5.36536360 0.02175720
vt 5.93109083 -0.00000000
vt 0.00017498 0.01410045
vt 1.83259571 -0.00400000
vt 0.02781087 0.00189301
vt 6.02138615 -0.01148600
vt 0.00032419 0.04320855
vt -0.01392299 -0.01754435
vt 0.00070000 0.00387538
vt 0.04037724 0.00011463
vt 0.75197589 0.02475086
vt 0.00371400 -0.03741567
vt 0.02312916 0.00451887
vt 3.28748274 0.04115530
vt 0.03804149 0.00168802
vt 0.01984119 0.00016761
vt 5.49778700 -0.00400000
vt 5.97877216 0.00030000
vt -0.00000000 0.01644407
vt 0.00017498 0.02106062
vt 5.75958633 0.00050000
vt 1.00000143 0.64254284
vt 0.00066244 -0.01597101
vt 3.92699075 -0.00025000
vt 0.01273122 0.00189301
vt 0.00476155 0.00184003
vt 0.00000000 -0.00724000
vt -0.00086603 -0.00050000
vt 5.75958633 0.00100000
vt 0.00965985 0.00349993
vt 5.80027676 -0.62099171
vt 0.00370000 0.00351186
vt 1.83259571 -0.00050000
vt -0.02556757 0.78962690
vt 6.63336229 0.01090000
vt 0.02860044 -0.00000000
vt 4.95673513 0.00550713
vt 2.61799383 0.02674000
vt 0.00000000 0.00774000
vt 0.52359879 0.00774000
vt 0.02415354 -0.00000000
vt 0.00782502 -0.00000000
vt 0.01050000 -0.00000000
vt -0.04164263 0.00343835
vt -0.04170482 0.00354000
vt -0.00000000 0.00552788
vt 0.02754230 0.00192612
vt -0.00333228 -0.01045376
vt 0.00000000 0.00849145
vt -0.00481051 0.00774000
vt 6.28318548 -0.00598600
vt 0.00017498 0.02415354
vt -0.00032352 -0.00120741
vt -0.00000000 0.01347217
vt -0.00732094 -0.02525000
vt 0.02018514 0.00008152
vt 0.02537297 0.00184003
vt 5.79656124 -0.81919372
vt 0.00492283 0.00008152
vt -0.00000000 0.00141421
vt 0.01237675 0.00189301
vt 0.04520000 0.00200764
vt 0.00006941 -0.01754000
vt -0.00772436 0.00774000
vt 1.83259571 -0.00025000
vt 0.00433369 0.00293722
vt 0.01793529 0.00168802
vt 5.73429680 0.01795720
vt 0.04020000 0.00193737
vt -0.00125000 0.00000000
vt 0.04573607 0.00141421
vt 0.01352080 0.00200764
vt 5.75958633 0.00774000
vt 0.00782502 0.01661372
vt 2.87979317 0.00000000
vt 0.01524450 0.00011463
vt 0.00017498 0.02918009
vt -0.00029064 -0.01794148
vt -0.00000000 -0.00100000
vt 1.83259571 -0.00750000
vt -0.00000000 0.03670854
vt 0.03759539 0.00008152
vt -0.00000000 0.00552788
vt 0.00000437 0.49490064
vt 0.01255398 0.00007027
vt -0.00000000 0.00093814
vt 3.66519141 0.01695720
vt 0.00972772 0.00023732
vt 8.90117931 -0.00025000
vt 6.05878592 0.00000000
vt 0.00371400 -0.02790515
vt 0.00770468 0.00189301
vt -0.01657388 0.00005224
vt -0.00296653 -0.00539567
vt 0.00000664 0.75903302
vt 5.55893040 0.00290000
vt 0.00044491 0.00200764
vt -0.02499259 0.00702352
vt 6.44085836 0.01708860
vt 0.00027457 0.04310855
vt -0.01284447 -0.01850684
vt 10.73377514 -0.00025000
vt 2.18836761 0.01722025
vt 0.01380000 0.00849145
vt 0.00721445 0.00023732
vt 0.00070000 0.00093814
vt 0.03230542 0.00168802
vt -0.02729040 0.00642555
vt 3.66519141 -0.00000000
vt 0.00044125 0.00643773
vt 3.96553016 0.02175720
vt 0.00125000 -0.00000000
vt 5.45924807 -0.02810516
vt -0.04226278 0.00946631
vt 0.00986347 0.00011463
vt -0.01086061 0.00055558
vt -0.00336219 -0.00936691
vt 0.17486712 -0.00724000
vt -0.01122163 0.00039828
vt -0.00481051 0.00141421
vt 0.01740329 0.00189301
vt 0.00727482 0.00184003
vt -0.04158222 0.00365212
vt 5.98935938 0.00039286
vt 5.36688757 -0.00636606
vt -0.00070711 -0.00070711
vt -0.00000000 0.01347217
vt 0.03248294 0.00189301
vt 0.02260708 0.00007027
vt 3.46762419 0.02175720
vt -0.05993456 0.00150000
vt -0.04149904 0.00369448
vt 4.28911829 0.01090000
vt 2.96971822 0.02175720
vt -0.01154677 -0.02741310
vt 4.97418833 -0.00025000
vt 1.57079637 -0.00050000
vt -0.00158116 0.04163819
vt 11.25737381 -0.00025000
vt 6.02138615 0.00050000
vt 0.01264532 0.00192612
vt 9.42477798 -0.00025000
vt 3.29999566 0.01702565
vt -0.02511747 0.00607500
vt 0.00017498 0.01352080
vt 0.00752744 0.00007027
vt 6.28318548 0.00774000
vt 0.03266018 0.00193737
vt 0.00461282 0.00253811
vt 0.01368844 0.00744116
vt 0.01224100 0.00177032
vt -0.02107500 0.00778253
vt 0.01631051 -0.00050000
vt 6.02138615 0.00000000
vt -0.00089589 -0.01837575
vt -0.00000000 0.00724000
vt -0.01148600 -0.02810770
vt 0.00011156 0.00744116
vt 0.01496026 0.00600000
vt 0.00611666 0.02724000
vt 3.61928749 0.00290000
vt -0.02137648 0.00549259
vt -0.00598600 -0.00750000
vt 4.18879032 -0.00000000
vt 0.01010000 0.04168814
vt 0.00752744 0.00193737
vt -0.00351186 0.00370000
vt 1.57079637 0.01725720
vt 0.00088388 0.00088388
vt 4.22369671 0.01349003
vt 0.52359879 -0.00000000
vt -0.04170007 0.00414015
vt 5.38558722 0.00000000
vt -0.01628600 0.01050000
vt 0.00070711 -0.00070711
vt 5.73429680 0.01695720
vt 5.75958633 0.01695720
vt 10.21017647 -0.00025000
vt 0.02650000 0.00141421
vt 0.01775777 0.00011463
vt 6.05878592 0.00050000
vt -0.00997583 0.00868983
vt 0.00096593 0.00025882
vt 0.02377897 0.01300000
vt 0.02529759 0.00011463
vt 6.02138615 -0.00598600
vt 3.14159274 -0.00750000
vt 0.01246265 0.00008152
vt 0.03786397 0.00011463
vt -0.05848454 0.00109126
vt 6.38923836 0.01640000
vt 1.57079637 0.00000000
vt 2.09439516 0.00100000
vt 5.96791697 -1.18655586
vt 6.28318548 0.00100000
vt 5.75958633 -0.00000000
vt -0.00728600 0.00023203
vt 0.03923319 0.00000000
vt 0.02260708 0.00193737
vt 5.34729528 0.01090000
vt 3.97935081 0.00551463
vt 0.01758053 0.00007027
vt 5.70820093 -0.02590516
vt -0.00278599 0.00000196
vt 0.00727482 0.00016761
vt 2.09439516 -0.00025000
vt 0.01029333 0.00184003
vt 3.92699075 -0.00750000
vt 0.01180000 0.04475509
vt 3.44600582 0.01090000
vt 3.14159274 0.00774000
vt -0.00119020 -0.01094000
vt 0.02229410 0.00023732
vt -0.00000000 0.01332505
vt 6.28318548 0.02724000
vt 0.00040960 -0.01451445
vt 0.00000000 -0.00025000
vt 6.91189957 0.01717482
vt 0.00849425 0.00200764
vt 0.00121767 0.04399479
vt 0.00070711 0.00000000
vt 0.00017498 0.03362699
vt -0.00298548 -0.01031788
vt 4.45058966 -0.00025000
vt 4.71238899 -0.00025000
vt 0.01506726 0.00007027
vt 3.46762419 0.01795720
vt 6.38923836 0.01090000
vt 5.80487728 -0.21098274
vt 0.01125231 0.00413414
vt 0.00519140 0.00011463
vt 6.28318548 -0.00000000
vt 3.65421200 0.00290000
vt 0.00735020 0.00189301
vt 0.01506726 0.00193737
vt 0.00598097 0.00000000
vt 4.97418833 -0.00750000
vt 0.01039547 0.00031962
vt 4.71238899 0.00100000
vt 1.30899692 -0.00050000
vt 7.60985756 0.01640000
vt 6.28318548 0.00000000
vt 0.02018514 0.00192612
vt 0.02763363 0.00007027
vt 0.00129286 -0.00035007
vt 0.03486047 0.00177032
vt 0.00168711 0.04045351
vt -0.05968198 0.01987047
vt -0.00268285 -0.01010074
vt 0.02666682 0.00200764
vt 0.01471250 0.00031962
vt -0.01653050 0.00001920
vt -0.01172723 -0.02673961
vt 0.00821400 -0.03260516
vt 5.21029472 -0.02810516
vt 5.21029472 -0.02590516
vt 6.54498482 -0.00025000
vt 0.02717732 -0.01688643
vt 0.00404735 0.00200764
vt -0.01629814 0.00141421
vt -0.02652352 0.00549259
vt 3.40339208 0.00100000
vt 0.00541387 0.00199676
vt 0.03733196 0.00168802
vt 3.14159274 -0.00400000
vt 0.02781087 0.00011463
vt 4.53785610 -0.00000000
vt 6.02138615 0.02674000
vt 4.07748270 0.01090000
vt 0.03023824 0.00008152
vt 0.00044125 0.03876227
vt -0.00370186 -0.00950000
vt 0.00717268 0.00031962
vt -0.01178600 -0.00000000
vt 0.00000000 0.00475168
vt 4.97418833 0.00000000
vt -0.02760630 0.00346845
vt 4.71238899 -0.02590516
vt 0.00070000 0.01644407
vt 6.45505953 -0.00000000
vt 0.02798839 0.00031962
vt 5.97743130 -0.40189698
vt 3.66519141 -0.00750000
vt 0.03988701 0.00177032
vt 0.26179940 0.02662074
vt 0.00637527 0.00189442
vt 6.02138615 -0.00025000
vt 0.00782502 0.00656063
vt -0.00263628 0.00042426
vt 4.71238899 0.00000000
vt 0.00994938 0.00192612
vt 0.01497593 0.00008152
vt -0.00000000 -0.00750000
vt 0.01991657 0.00011463
vt -0.00000000 0.00552788
vt 2.61799383 0.00000000
vt -0.02495000 0.00670000
vt 4.93780565 0.01090000
vt 0.02582471 -0.01858255
vt 3.14159274 -0.00000000
vt 6.45505953 -0.02590516
vt 0.00200000 0.04475509
vt -0.01628600 -0.01631051
vt 0.00627655 -0.02055541
vt 0.00784042 0.00023732
vt 5.83438635 0.00050000
vt 0.04010867 0.00192612
vt 0.00782502 0.03671991
vt 3.28850555 0.04602693
vt -0.02761495 0.00356588
vt 5.75958633 0.00000000
vt 4.71238899 0.00598600
vt 0.03005557 0.00192612
vt 0.00851400 -0.04921285
vt 5.75958633 0.00000000
vt 5.96981764 0.01795720
vt 3.59039164 0.00668891
vt 2.35619450 0.00100000
vt -0.00578123 0.00370000
vt -0.05957256 0.00100000
vt 0.34873167 -0.00724000
vt 2.09439516 -0.00400000
vt -0.00946158 -0.01695720
vt 0.03614026 0.00200764
vt 5.55345774 -0.00598600
vt 4.71238899 -0.01148600
vt 11.78097248 0.00000000
vt 0.00778005 0.00184003
vt 5.20108128 0.00551002
vt 3.61928749 0.00000000
vt 0.00032352 0.00120741
vt 0.00970000 0.04416187
vt 0.01150000 -0.00114575
vt 0.01515859 0.00192612
vt 0.04520000 0.00000000
vt 3.73500466 0.01347934
vt 2.87979317 -0.00400000
vt 0.03234719 0.00023732
vt 0.01524450 0.00189301
vt 3.14159274 -0.00000000
vt 0.00953202 -0.02942318
vt 2.35619450 0.00000000
vt 0.01290875 0.00031962
vt 5.75958633 0.02724000
vt 5.68977356 0.00552071
vt -0.00025882 0.00096593
vt -0.02763679 0.00361005
vt 0.00506954 0.00820000
vt 10.99557400 -0.00025000
vt 2.09439516 0.00000000
vt 1.30899692 -0.00400000
vt 0.00000000 0.01332505
vt 1.81782484 0.01725113
vt 5.61405563 0.01090000
vt -0.02743058 0.00370000
vt -0.00070000 0.01739621
vt 5.23598766 -0.00000000
vt -0.04298170 0.00881986
vt 2.87979317 -0.00000000
vt 0.00770468 0.00011463
vt -0.02682500 0.00561747
vt 0.00743610 0.00192612
vt 6.02305269 0.01640000
vt 0.02918009 0.00200764
vt 0.00978810 0.00184003
vt 2.61799383 0.00774000
vt 0.03492084 0.00016761
vt 1.29794192 0.02015788
vt 4.71238899 0.01695720
vt -0.06891111 1.05739546
vt 7.85398149 0.01640000
vt 0.00990017 0.00388025
vt 0.01286697 0.00177032
vt 0.00000000 0.01347217
vt -0.02764487 0.00337857
vt 0.01158717 0.00200764
vt -0.00000000 0.02674000
vt 7.85398149 0.01795720
vt -0.00222396 -0.00874346
vt 6.14511442 0.01090000
vt 0.00492283 0.00192612
vt 0.01273122 0.00011463
vt 1.57079637 0.00000000
vt -0.06003939 0.01930165
vt -0.01659309 0.00007418
vt 5.58302164 0.01695720
vt 0.00056809 0.04352855
vt 5.93109083 0.01090000
vt 0.00782502 0.03362699
vt 4.71238899 -0.00000000
vt 1.01835561 0.02263572
vt 0.01046400 -0.02870804
vt 0.03248294 0.00011463
vt 6.87748623 0.01090000
vt 0.02292007 0.00177032
vt 0.02979214 0.00031962
vt -0.04416187 0.00970000
vt 5.79213667 -1.01207530
vt 3.54702401 0.01795720
vt 0.03768672 0.00007027
vt -0.01640000 0.04168814
vt -0.02049259 0.00702352
vt 1.30899692 -0.00025000
vt 5.49778700 -0.01148600
vt 0.02000248 0.00008152
vt 0.02521169 0.00192612
vt -0.04358547 0.00800758
vt 0.00895859 0.00294535
vt -0.01148600 -0.04350000
vt 0.04002276 0.00189301
vt 0.03301494 0.00031962
vt -0.00000000 -0.00125000
vt 0.02357389 -0.00000000
vt 0.00782502 0.02357389
vt 4.93678856 0.00000000
vt 0.00017498 0.03614026
vt -0.02258388 0.00758388
vt -0.02587648 0.00549259
vt 0.03552821 0.00168802
vt 0.00003661 0.04246096
vt 1.04590881 -0.00000862
vt 8.90117931 0.00000000
vt 10.47197533 0.00000000
vt 3.33316231 0.00307498
vt 0.01989125 0.00552395
vt 0.04475509 0.00000000
vt 3.44600582 0.00290000
vt 5.80067968 0.01795720
vt 0.00065465 0.00026726
vt -0.04145237 0.00370000
vt 0.52359879 -0.00400000
vt 0.00721445 0.00177032
vt -0.04165177 0.00348445
vt 0.00000000 -0.02724000
vt 4.45058966 -0.00000000
vt 4.50075340 0.00290000
vt 3.66519141 0.00000000
vt -0.01650698 0.00000859
vt -0.00346307 -0.00943929
vt 0.00366866 -0.02747690
vt 4.48798943 0.01148600
vt 0.02529630 -0.01876745
vt 3.66519141 0.01795720
vt -0.00231188 0.00566293
vt 0.13089970 0.02671006
vt 6.28318548 0.00000000
vt -0.00161453 0.00800758
vt -0.02587648 0.00790741
vt -0.04325733 0.00718558
vt 0.00000000 -0.00000000
vt 0.03786397 0.00189301
vt -0.00000000 0.00552788
vt 0.02235446 0.00184003
vt -0.01628600 -0.00000000
vt 0.03750949 0.00011463
vt 0.01219922 0.00168802
vt -0.01597933 -0.01863988
vt 2.55891013 0.01716725
vt -0.00261197 0.00023843
vt 0.01230137 0.00184003
vt 0.00017498 0.01603407
vt 8.11578083 0.00000000
vt -0.02499259 0.00637648
vt 4.18879032 -0.00750000
vt 0.03486047 0.00023732
vt 0.52359879 -0.02724000
vt 0.03793934 0.00184003
vt -0.00000000 -0.00150000
vt -0.00231188 -0.00566293
vt 3.97935081 0.01348542
vt 1.04719758 0.00774000
vt 0.02474000 -0.01883013
vt -0.02751105 0.00356853
vt 5.95715380 -0.02590516
vt -0.02278253 0.00732500
vt 0.03499621 0.00011463
vt 0.00782502 0.03614026
vt -0.00103813 0.00970000
vt 4.71238899 -0.00000000
vt 0.01640000 0.04416187
vt -0.01163267 -0.01747520
vt 2.61799383 -0.00750000
vt 0.00017498 -0.00000000
vt -0.00481051 0.02674000
vt -0.01233009 -0.01868101
vt 0.00402067 -0.03974504
vt 0.01740329 0.00011463
vt -0.00000000 -0.01539230
vt -0.00032352 0.00120741
vt 0.00000000 0.00552788
vt -0.00164338 0.01200000
vt 0.01267906 -0.04635515
vt 6.63336229 0.01640000
vt 3.81479096 0.00633149
vt 0.01100752 -0.00000000
vt -0.00320923 -0.00891449
vt 3.44600582 0.01440000
vt -0.00013515 0.04024301
vt 3.47819185 0.00681765
vt -0.00007620 0.04000676
vt 0.02745639 0.00011463
vt 0.01661372 -0.00000000
vt 5.21029472 -0.00000000
vt 0.01471250 0.00168802
vt 4.03919077 0.01148600
vt 0.02772496 0.00192612
vt 6.80678415 -0.00025000
vt 0.01271400 -0.02810516
vt 0.00550000 0.00387538
vt 0.02009381 0.00007027
vt 0.37835023 0.02649246
vt 5.75958633 -0.00598600
vt 0.52317315 0.02614479
vt 0.00000000 0.00000000
vt 5.38863897 0.01640000
vt 0.04055476 0.00168802
vt 3.14159274 0.04600000
vt 1.23417413 0.02079301
vt 0.00470118 0.00177032
vt -0.00000000 0.00000000
vt 1.30899692 0.00000000
vt 0.04051299 0.00177032
vt 0.00000000 0.01347217
vt 0.00782502 0.01603407
vt 0.03535069 0.00189301
vt 0.02629872 -0.01828471
vt -0.01178600 0.01050000
vt -0.01178600 -0.01631051
vt -0.01675944 -0.01050000
vt 0.03050166 0.00168802
vt 0.03988701 0.00023732
vt 0.01758053 0.00193737
vt 7.33038282 -0.00025000
vt 0.03283742 0.00011463
vt -0.00050000 -0.00086603
vt 0.01013204 0.00008152
vt 4.92402458 0.01090000
vt 3.79405260 0.01695720
vt 6.28318548 -0.00025000
vt 0.02225232 0.00031962
vt -0.02290741 0.00702352
vt 5.44542742 0.01348542
vt -0.00000000 0.01347217
vt 4.50075340 0.01090000
vt 1.83259571 -0.00000000
vt 0.00070711 0.00070711
vt 1.00000000 1.30020857
vt 2.09439516 -0.00050000
vt 4.71238899 0.01148600
vt 0.01550593 0.00000000
vt 4.71238899 0.01640000
vt 0.00800000 0.03670854
vt 0.00978810 0.00016761
vt 0.03759539 0.00192612
vt -0.00481051 0.00000000
vt 2.80593872 0.01712308
vt 5.93411922 0.01347217
vt -0.02170000 0.00545000
vt 0.00907390 0.00200764
vt 0.00836733 -0.03858035
vt -0.02709498 0.00582736
vt 3.73500466 0.00552071
vt -0.02531612 0.00758388
vt -0.01148600 -0.00750000
vt 6.14511442 0.01640000
vt -0.00000000 0.00567500
vt 7.14741993 0.01720932
vt 5.23598766 -0.00400000
vt 0.02979214 0.00168802
vt 0.00000717 0.82000679
vt 4.46343613 0.02175720
vt 5.77609730 -1.57079637
vt 5.36536360 0.01695720
vt 7.85398149 0.01090000
vt 9.16297817 -0.00025000
vt 0.03984524 0.00168802
vt 0.03508212 0.00008152
vt 0.00837770 -0.04817757
vt 0.00907390 -0.00000000
vt 0.00000000 0.00141421
vt -0.00262475 0.00017447
vt 4.07748270 0.00290000
vt 0.00000000 0.00567500
vt 0.01301400 -0.04760516
vt 0.03111371 -0.00000000
vt 0.00000000 0.00774000
vt 3.66519141 -0.00400000
vt 2.61799383 -0.00000000
vt 2.87979317 -0.00750000
vt 0.00415930 0.00339197
vt -0.00000000 0.04205962
vt 5.61405563 0.01640000
vt 0.49490115 0.02632006
vt 5.79719734 -0.78559750
vt 0.00972772 0.00177032
vt 0.01603407 0.00200764
vt 5.80444288 -0.26159444
vt 5.58302164 0.02175720
vt 0.00519140 0.00189301
vt 0.01984119 0.00184003
vt -0.04033649 -0.00000000
vt 3.14159274 -0.00025000
vt 0.01290875 0.00168802
vt 1.04719758 -0.00000000
vt 3.14159274 -0.00000000
vt 1.00000000 1.10666955
vt 0.03799971 0.00177032
vt 10.73377514 0.00000000
vt -0.02290741 0.00637648
vt -0.00261010 0.00030484
vt 0.02983392 0.00023732
vt -0.04168814 0.00370000
vt 0.03032414 0.00011463
vt 0.03737374 0.00023732
vt 0.01224100 0.00023732
vt -0.00232865 -0.01874000
vt 6.02138615 0.00000000
vt 0.02034642 0.00016761
vt 0.00000000 -0.01695720
vt 0.00166231 -0.00059389
vt 3.98266125 0.00598600
vt 0.03045989 0.00177032
vt 11.25737381 0.00000000
vt 2.09439516 -0.00000000
vt 0.00000368 1.23417354
vt 5.20108128 0.01349003
vt 4.97418833 -0.00400000
vt 5.77056599 0.01090000
vt -0.00148481 0.04160288
vt 6.80678415 0.00000000
vt -0.04320324 0.00838613
vt 5.95715380 -0.02810516
vt 0.00782502 0.02860044
vt 0.03291279 0.00016761
vt 0.00032352 -0.00120741
vt -0.04033649 0.02000000
vt 5.23598766 -0.01148600
vt 0.02798839 0.00168802
vt 0.04475509 0.00200764
vt 0.02194572 0.00497945
vt 6.02138615 0.02724000
vt 0.02292007 0.00023732
vt 3.66519141 -0.00025000
vt 0.78539819 -0.00025000
vt 3.49357009 0.01440000
vt 8.63937950 -0.00025000
vt 0.04116681 0.00000000
vt 0.02027105 0.00189301
vt 0.02666682 -0.00000000
vt 0.02040679 0.00177032
vt -0.00481051 -0.00000000
vt 5.90099049 0.01090000
vt -0.05883649 0.00084581
vt 0.01991657 0.00189301
vt 2.72076535 0.01795720
vt 0.03050166 0.00031962
vt 5.75958633 0.02674000
vt 0.02918009 -0.00000000
vt -0.02170000 0.00795000
vt 0.02044857 0.00031962
vt 0.03743411 0.00184003
vt 0.02476559 0.00031962
vt -0.00550000 0.00475168
vt 0.01603407 0.00000000
vt 4.71238899 0.00550615
vt 0.04002276 0.00011463
vt 4.48798943 0.00598600
vt -0.00000000 0.01347217
vt 0.00017498 0.03923319
vt 0.04055476 0.00031962
vt 0.03420664 -0.00000000
vt 0.00782502 0.04520000
vt -0.04033649 0.00141421
vt -0.01148600 0.00750000
vt 0.00757494 -0.01758013
vt -0.01496026 0.00141421
vt 3.28748274 0.04170000
vt 3.40339208 -0.00000000
vt 4.71238899 -0.00000000
vt -0.02718669 0.00423914
vt 2.09439516 -0.00750000
vt -0.00267965 0.00006771
vt -0.00000000 -0.00400000
vt 0.00000000 0.00200764
vt -0.02740741 0.00637648
vt 0.03777806 0.00008152
vt 0.03362699 -0.00000000
vt 2.55891013 0.01795720
vt 0.01352080 0.00000000
vt 0.01722577 0.00168802
vt 3.54702401 0.01697831
vt -0.01496026 0.00000000
vt 0.02164027 0.00200764
vt -0.02780379 0.00370000
vt 0.02269841 0.00008152
vt 1.04719758 -0.00400000
vt 7.60985756 0.01090000
vt -0.00178951 0.00552788
vt 2.87979317 0.00000000
vt 0.01035370 0.00177032
vt 0.00536892 0.00168802
vt 0.00598097 0.00200764
vt -0.00000000 0.00552788
vt 6.70401287 0.00100000
vt 10.21017647 0.00000000
vt -0.01640000 0.00351186
vt 5.13565969 0.00290000
vt -0.02295000 0.00670000
vt 0.01000000 0.00070711
vt 7.85398149 -0.00025000
vt 4.88725615 -0.00001329
vt -0.06023426 0.00222354
vt 0.00761877 0.00192612
vt 0.03234719 0.00177032
vt 0.00000000 -0.01731051
vt -0.00261923 0.00037003
vt -0.01094000 0.00000000
vt 4.18879032 -0.00000000
vt 0.00491977 -0.04191567
vt 1.00000000 0.88388878
vt 0.03039952 0.00016761
vt 0.00000000 0.02674000
vt 0.03481869 0.00168802
vt 0.03737374 0.00177032
vt 0.00000000 0.03941876
vt -0.02232500 0.00561747
vt 1.00000000 1.57079637
vt 4.03919077 0.00598600
vt -0.00070711 -0.01539230
vt 0.04037724 0.00189301
vt 0.00017498 0.00598097
vt 0.02521169 0.00008152
vt 0.02000248 0.00192612
vt 3.14159274 0.02674000
vt 0.00849425 -0.00000000
vt 0.00051331 -0.01670086
vt 11.79360771 0.00000000
vt 0.01531987 0.00184003
vt 0.00025882 0.00096593
vt 0.02732064 0.00023732
vt 3.49368715 0.00000000
vt -0.01050253 0.00066902
vt 4.97418833 -0.00000000
vt 0.01489002 0.00011463
vt 0.03169337 0.00200764
vt 0.01912700 0.00000000
vt -0.01271400 0.00141421
vt 0.00090587 -0.00016866
vt -0.04201705 0.00445939
vt -0.00233273 -0.00838723
vt 0.01481464 0.00184003
vt 5.13565969 0.01090000
vt 2.09439516 0.00000000
vt 2.87979317 0.00100000
vt 9.68657780 0.00000000
vt 5.49778700 0.00000000
vt 0.03750949 0.00189301
vt 0.01783315 0.00016761
vt 0.01380000 0.03670854
vt 0.01158717 0.00000000
vt 7.85398149 0.00000000
vt 5.83947229 0.01640000
vt -0.00274029 0.00001747
vt 6.20533800 0.01795720
vt 0.00200000 0.04416187
vt -0.02061747 0.00607500
vt -0.00120741 -0.00032352
vt 5.16118813 0.00000000
vt 0.01154931 -0.02825849
vt 0.04116681 0.00200764
vt -0.02258388 0.00581612
vt 0.01537166 0.00042426
vt 0.00017498 0.01912700
vt -0.00025882 -0.00096593
vt 8.37758064 -0.00025000
vt 0.00017498 0.01854734
vt 3.21867108 0.01795720
vt 0.00476155 0.00016761
vt 0.02164027 -0.00000000
vt 0.03499621 0.00189301
vt 6.03697205 0.01090000
vt 1.83259571 0.00000000
vt 0.00000000 0.03670854
vt 4.53785610 0.00050000
vt 0.03614026 -0.00000000
vt 1.30899692 0.00774000
vt -0.00053881 0.04097214
vt 4.93004704 0.02175720
vt 5.75958633 -0.01148600
vt -0.02045000 0.00670000
vt 0.01237675 0.00011463
vt 0.02699242 -0.01741484
vt 0.02009381 0.00193737
vt 0.03552821 0.00031962
vt -0.00200000 0.04168814
vt -0.02740741 0.00702352
vt -0.01664186 0.00039440
vt 4.93780565 0.01640000
vt 0.03283742 0.00189301
vt 2.06485319 0.01723328
vt 4.84328890 -0.00696033
vt 5.78714800 -1.20106149
vt -0.00772436 0.02674000
vt -0.02708388 0.00581612
vt 2.87979317 0.00774000
vt 0.00836733 -0.03144047
vt 0.02745639 0.00189301
vt 5.10508823 -0.00675764
vt 0.03793934 0.00016761
vt 0.00017498 0.02608717
vt 0.02229410 0.00177032
vt 7.73622131 0.01725581
vt 0.04010867 0.00008152
vt 0.01912700 0.00200764
vt 0.00782502 0.02918009
vt 0.00684592 0.00201968
vt 4.18879032 0.00050000
vt -0.03805494 0.52763677
vt 0.03256885 0.00192612
vt 7.59218216 -0.00025000
vt -0.01202190 -0.02610769
vt 0.02044857 0.00168802
vt 0.00782502 0.00849425
vt 0.02788625 0.00184003
vt 6.09161568 0.01072502
vt 0.00909295 -0.01874494
vt 5.80067968 0.02175720
vt 4.96134186 -0.00000000
vt 0.00970000 0.00103813
vt 3.81479096 0.01148600
vt 5.70820093 -0.00000000
vt 5.23598766 0.00000000
vt 5.70820093 -0.02810516
vt 0.03804149 0.00031962
vt 9.42477798 0.00000000
vt -0.00062500 -0.00108253
vt -0.00320334 -0.00903850
vt 2.80593872 0.01795720
vt 0.01767186 0.00008152
vt 0.02476559 0.00168802
vt -0.02652352 0.00790741
vt 5.14770555 0.02175720
vt -0.02707285 0.00571309
vt 0.02285970 0.00016761
vt 3.14159274 -0.00100000
vt 0.01515859 0.00008152
vt 3.29999566 0.01795720
vt -0.00096593 0.00025882
vt 0.00000000 0.01776942
vt 0.52359879 -0.00750000
vt 5.80067968 0.00100000
vt 7.85398149 0.01570000
vt 4.93678856 0.00050000
vt 1.57079637 0.01747203
vt -0.02875593 0.00970000
vt -0.02061747 0.00732500
vt 6.28318548 -0.00750000
vt -0.02202352 0.00549259
vt -0.00164338 0.00820000
vt 0.04051299 0.00023732
vt 0.01793529 0.00031962
vt -0.00728600 -0.00950000
vt 0.00324056 -0.02590516
vt 0.78539819 -0.00000000
vt 1.04719758 -0.00025000
vt -0.04318032 0.00695408
vt 5.96456289 -1.37916815
vt 4.45058966 -0.00400000
vt 0.04045261 0.00016761
vt 0.03240756 0.00016761
vt 4.71238899 0.01349390
vt 2.31188178 0.01720474
vt 6.28318548 0.00724000
vt 3.43541861 0.04610714
vt 5.23598766 -0.00750000
vt -0.00000000 0.01332505
vt 5.97096300 -0.99343318
vt 0.00017498 0.04116681
vt -0.02620000 0.00545000
vt -0.06026127 0.01866756
vt 0.00070711 0.01539230
vt 6.02138615 -0.00400000
vt 0.00782502 0.03865354
vt 0.01230137 0.00016761
vt -0.04161413 0.00361762
vt -0.00000000 0.01539230
vt 0.00761877 0.00008152
vt -0.01665729 0.00025781
vt 0.03777806 0.00192612
vt 3.65421200 0.01090000
vt -0.00506954 0.00000000
vt -0.00083632 0.04126711
vt 4.36332321 -0.00000000
vt 0.00656063 0.00200764
vt 4.21448326 0.02175720
vt 0.01125231 0.04106586
vt 5.23598766 -0.00658408
vt 3.40339208 -0.00000000
vt 0.03014690 0.00007027
vt 0.03535069 0.00011463
vt 2.72076535 0.02175720
vt 0.02480737 0.00023732
vt 0.01004071 0.00007027
vt 0.00097436 0.00552595
vt 0.03548644 0.00177032
vt 0.02989429 0.00016761
vt 6.02138615 0.00000000
vt 5.96579218 -1.30914974
vt -0.05945035 0.00016029
vt 4.71238899 -0.00750000
vt 0.02106062 -0.00000000
vt -0.02511747 0.00732500
vt 0.01280660 0.00184003
vt -0.01655291 0.00003382
vt 0.00108253 0.00062500
vt 0.03508212 0.00192612
vt 0.01854734 -0.00000000
vt 0.01978082 0.00177032
vt 4.46343613 0.01695720
vt -0.04044832 0.00370000
vt 4.26358986 0.01148600
vt 5.83947229 0.01090000
vt 5.77056599 0.00290000
vt 5.51042271 0.00000000
vt 0.26179940 -0.00724000
vt 0.03023824 0.00192612
vt 0.01775777 0.00189301
vt -0.00058944 0.04102234
vt 0.03517345 0.00193737
vt 0.00849000 -0.01849519
vt 7.14741993 0.01795720
vt -0.01392558 -0.01754000
vt 0.00017498 0.04520000
vt -0.02081612 0.00758388
vt 0.03032414 0.00189301
vt 0.03230542 0.00031962
vt 0.01004071 0.00193737
vt -0.00598600 0.00750000
vt -0.04089535 0.00375060
vt 0.01335875 0.00643773
vt -0.00070711 0.00000000
vt 5.23598766 -0.00025000
vt 0.01726755 0.00023732
vt 0.00782502 0.00598097
vt 5.49791002 -0.00609934
vt 0.00784042 0.00177032
vt 0.01410045 -0.00000000
vt -0.00000000 0.01332505
vt 0.03169337 -0.00000000
vt 0.00000000 0.02724000
vt 6.70401287 -0.02590516
vt 0.02357389 0.00200764
vt 7.06858349 0.00000000
vt -0.01664691 0.00018968
vt 1.30834877 0.02005517
vt 0.00000000 0.00125000
vt 0.00050000 0.00086603
vt 7.85398149 0.01725720
vt 6.91189957 0.01795720
vt -0.00946158 -0.02175720
vt 6.02138615 0.00774000
vt 0.00062500 0.00108253
vt 1.57079637 0.00774000
vt 0.78587949 0.02454269
vt 0.03005557 0.00008152
vt -0.00086603 0.00050000
vt 0.00027586 0.00042426
vt 0.00782502 0.01100752
vt 0.02027105 0.00011463
vt -0.00506954 0.00141421
vt -0.02744764 0.00677686
vt 6.44085836 0.01795720
vt 0.04029133 0.00192612
vt 1.81782484 0.01795720
vt -0.00178951 0.00567500
vt 5.96102142 -1.57079637
vt 0.00100000 -0.00000000
vt 0.03984524 0.00031962
vt 5.90099049 0.01640000
vt 0.01246265 0.00192612
vt -0.00772436 0.00141421
vt 5.80310106 -0.41796038
vt 0.03297316 0.00177032
vt 0.00994938 0.00008152
vt 0.02727887 0.00168802
vt 0.00611666 0.00724000
vt 8.11578083 -0.00025000
vt 0.00782502 0.02608717
vt 0.02296184 0.00168802
vt 0.00017498 0.02357389
vt -0.00280949 0.00000000
vt 7.38294077 0.01723542
vt 0.00352179 -0.02700750
vt 0.01661372 0.00200764
vt 0.26179940 -0.00025000
vt 3.86584735 0.00290000
vt 0.00483692 0.00011463
vt 0.00410000 0.00387538
vt 1.30899692 -0.00750000
vt 1.04750776 0.02239021
vt 0.00782502 0.01912700
vt 0.00000000 0.00141421
vt 0.00100448 0.04387230
vt 0.02543334 0.00177032
vt 1.57079637 0.00100000
vt 5.97843456 -0.20100711
vt 3.79405260 0.01795720
vt 0.00120741 -0.00032352
vt 0.02225232 0.00168802
vt 0.02788625 0.00016761
vt 4.97418833 0.00050000
vt -0.04331338 0.00791171
vt 0.01631051 -0.02050000
vt 0.00000540 1.02962077
vt 8.63937950 0.00000000
vt 0.03548644 0.00023732
vt 0.00017498 0.03111371
vt -0.01645807 -0.00000000
vt 0.01748920 0.00192612
vt 5.55893040 0.01090000
vt 0.52359879 -0.00100000
vt 6.45505953 0.00100000
vt 0.00588829 0.00188662
vt 0.52359879 -0.00724000
vt 2.61799383 -0.00025000
vt -0.00096593 -0.00025882
vt 0.02502902 0.00008152
vt 0.04383589 0.00002668
vt 0.00532715 0.00177032
vt 4.36332321 0.00050000
vt 6.28318548 -0.00000000
vt 0.00000296 1.30020857
vt 5.80067968 0.00480000
vt -0.00324548 -0.00879574
vt 0.01282564 0.00552595
vt 0.01264532 0.00008152
vt 3.96553016 0.01695720
vt 2.93091941 0.01795720
vt 0.00017498 0.03169337
vt -0.00070000 0.00374763
vt 0.03671991 0.00200764
vt 0.00526678 0.00184003
vt 0.00017498 0.00404735
vt 0.02242984 0.00011463
vt 0.01726755 0.00177032
vt 0.00526678 0.00016761
vt -0.05957256 -0.00000000
vt -0.04164989 0.00353140
vt 0.00986347 0.00189301
vt 4.71238899 0.01570000
vt 0.52359879 -0.00025000
vt -0.00314038 0.00970000
vt 5.97877216 -0.00000000
vt 1.14891672 -0.00030779
vt 11.51917267 0.00000000
vt -0.00000577 0.00002598
vt 3.14159274 0.00698600
vt 1.57079637 0.01795720
vt -0.05811295 0.00126965
vt 6.28318548 0.00000000
vt -0.01271400 0.00000000
vt 0.01978082 0.00023732
vt 5.49778700 0.00050000
vt 0.00096593 -0.00025882
vt 0.01004940 0.00430465
vt 7.61846113 0.01795720
vt 0.03994738 0.00016761
vt 4.71238899 0.01090000
vt 0.03275151 0.00192612
vt 5.80549049 0.00000000
vt 5.97012138 -1.04706919
vt 1.69431055 0.01725567
vt 0.00017498 0.01158717
vt 0.03420664 0.00200764
vt 1.57079637 -0.00000000
vt 0.00017498 0.03671991
vt -0.00178951 0.01332505
vt 0.02996966 0.00189301
vt -0.00070711 0.00070711
vt 11.78097248 -0.00025000
vt 0.01301400 -0.06460515
vt 0.00000000 0.00100000
vt 0.03768672 0.00193737
vt 6.20610666 0.00100000
vt 0.01854734 0.00200764
vt -0.00100000 0.00000000
vt 2.96971822 0.01795720
vt 0.01531987 0.00016761
vt 0.01280660 0.00016761
vt -0.02703756 0.00496899
vt 0.02669458 -0.01788885
vt -0.02049259 0.00637648
vt -0.00125849 0.01200000
vt 6.20610666 -0.02590516
vt 0.01732792 0.00016761
vt 0.00050000 -0.00050000
vt -0.00000000 0.00387538
vt -0.01648271 0.00000215
vt 1.83259571 0.00100000
vt -0.01118311 -0.01856051
vt 3.21867108 0.02175720
vt -0.00000000 0.01347217
vt 4.21448326 0.01695720
vt 0.02608717 0.00200764
vt 0.02251575 0.00192612
vt 5.97877216 0.00290000
vt 5.80549049 -0.00000000
vt 0.04449084 0.00023808
vt 0.01410045 0.00200764
vt 0.00194407 0.01270000
vt 0.04020000 0.00007027
vt 0.00501416 0.00007027
vt 0.02547512 0.00168802
vt 0.00410000 0.04416187
vt -0.00070711 -0.00100000
vt 0.01489002 0.00189301
vt -0.00088388 -0.00088388
vt 0.00087002 0.04379503
vt 0.00108253 -0.00062500
vt -0.00100509 0.04137601
vt 0.01255398 0.00193737
vt -0.04162300 0.00339565
vt 5.97376728 -0.78550071
vt 2.61799383 -0.00400000
vt 0.03240756 0.00184003
vt 6.70401287 -0.00000000
vt 5.95715380 -0.00000000
vt -0.01370207 -0.01785086
vt 0.03517345 0.00007027
vt -0.00050000 0.00086603
vt 0.04537047 0.00092561
vt 0.02062737 0.00532886
vt -0.00108253 -0.00062500
vt -0.00118821 0.04149416
vt 0.01640000 0.00103813
vt 0.00000000 0.00374763
vt -0.00328226 -0.00927191
vt 7.36573410 0.01090000
vt 4.26358986 0.00598600
vt 0.02738101 0.00016761
vt -0.00120741 0.00032352
vt -0.00000000 1.57079637
vt -0.00070711 0.00000000
vt 0.04416756 0.00010637
vt -0.00550000 0.04168814
vt 5.49778700 -0.00025000
vt 0.02738101 0.00184003
vt -0.00070000 0.00475168
vt 4.71238899 -0.00698600
vt 4.71238899 0.00050000
vt 0.01789352 0.00177032
vt 2.35619450 -0.00000000
vt 5.96981764 0.01699555
vt 6.67637920 0.01795720
vt 0.04029133 0.00008152
vt 0.02278432 0.00011463
vt 0.00782502 0.02666682
vt 0.00070711 0.00951051
vt 0.02494312 0.00011463
vt 0.00324056 -0.02644985
vt 7.50070095 0.01724485
vt 2.61799383 0.00000000
vt 0.02860044 0.00200764
vt -0.01350000 0.04168814
vt 6.03697205 0.00290000
vt 3.05296707 0.01707490
vt 4.71238899 0.00290000
vt -0.05916277 0.00053749
vt 0.01732792 0.00184003
vt 0.02724000 -0.00093782
vt 0.00000000 0.01739621
vt 0.01481464 0.00016761
vt 7.12161016 0.01090000
vt 3.40339208 -0.00025000
vt 1.94133902 0.01724362
vt 6.34471416 0.00000000
vt 0.00000000 0.00951051
vt 5.88972616 0.00100000
vt 3.43541861 0.04170000
vt -0.04132462 0.00970000
vt 0.02512036 0.00007027
vt -0.00030413 0.04062621
vt 3.22466516 0.04094847
vt 5.23598766 0.00050000
vt 0.01021795 0.00011463
vt 6.02138615 0.00724000
vt 0.00968595 0.00168802
vt 0.00470118 0.00023732
vt -0.00000000 0.00552788
vt 3.49065852 0.01347217
vt 5.21029472 0.00100000
vt 0.03799971 0.00023732
vt 0.00086603 0.00050000
vt 0.00782502 0.03111371
vt 2.35619450 -0.00400000
vt 0.00017498 0.02164027
vt 0.00782502 0.00907390
vt 3.92699075 -0.00000000
vt 0.26179940 -0.00400000
vt 0.00782502 0.02106062
vt 4.22369671 0.00551002
vt 1.04719758 0.00000000
vt 5.75958633 -0.00750000
vt 1.35985649 -0.00045466
vt 5.75958633 0.00724000
vt 0.78539819 -0.00750000
vt -0.05772807 0.00137792
vt -0.04033649 0.00100000
vt 0.03542607 0.00016761
vt 6.28318548 0.00050000
vt 0.02754230 0.00008152
vt 7.36573410 0.01640000
vt -0.00271873 0.00003080
vt 0.00194407 0.01200000
vt 0.01013204 0.00192612
vt 7.33038282 0.00000000
vt 6.87748623 0.01640000
vt 0.02502902 0.00192612
vt -0.02257606 1.31047761
vt -0.00698600 -0.02650000
vt 0.04350000 0.00000000
vt 0.01150000 0.00141421
vt -0.02278253 0.00607500
vt 0.01029333 0.00016761
vt -0.01629814 0.00000000
vt 0.01368844 0.03775884
vt 0.03275151 0.00008152
vt 0.01219922 0.00031962
vt 3.38780618 0.00290000
vt -0.00088388 0.00088388
vt 0.00050000 -0.00086603
vt 3.59039164 0.01148600
vt 4.18879032 -0.00025000
vt 4.97418833 0.00000000
vt 0.00227275 0.01300000
vt -0.04180803 0.00964070
vt -0.00322820 -0.00916014
vt 0.00550000 0.04416187
vt 0.02763363 0.00193737
vt 4.96134186 0.00100000
vt 0.01629814 -0.02810516
vt 0.00062500 -0.00108253
vt -0.02728253 0.00607500
vt 1.57079637 0.00000000
vt 0.00370000 0.04168814
vt -0.00165723 0.00593019
vt 6.45505953 -0.02810516
vt 0.03111371 0.00200764
vt 0.03014690 0.00193737
vt 0.00007637 0.04260224
vt -0.00065465 0.00026726
vt 4.71238899 -0.00400000
vt 0.00200000 0.00044491
vt -0.01665557 0.00032746
vt 9.94837666 -0.00025000
vt 0.03362699 0.00200764
vt 0.02608717 0.00000000
vt 0.00120741 0.00032352
vt 0.01783315 0.00184003
vt 4.28911829 0.00290000
vt 6.20610666 -0.00000000
vt -0.01350000 0.00351186
vt 5.80549049 0.00290000
vt 0.02512036 0.00193737
vt 0.00017498 0.00656063
vt 6.28318548 -0.01148600
vt 0.00797810 -0.04721285
vt -0.01400482 -0.01740000
vt 4.45058966 -0.00750000
vt 0.34906584 -0.02724000
vt 5.97877216 -0.00000000
vt 3.40339208 -0.00750000
vt 3.14159274 0.04051498
vt 0.00782502 0.03420664
vt 1.04719758 -0.00750000
vt 5.06112051 -0.00001329
vt 0.00782502 0.01158717
vt 0.03045989 0.00023732
vt -0.02531612 0.00581612
vt 4.71238899 -0.00000000
vt 0.01475427 0.00177032
vt 0.00483692 0.00189301
vt 0.00934061 0.00318295
vt 0.26179940 -0.00100000
vt 0.00017498 0.01661372
vt 0.00800000 0.00849145
vt 5.16322231 0.01640000
vt -0.01663128 0.00042426
vt -0.02728253 0.00732500
vt 5.49778700 -0.00750000
vt 0.82000816 0.02433130
vt 5.80163527 -0.52363765
vt 4.95673513 0.01349292
vt 0.02486774 0.00016761
vt 5.14770555 0.01695720
vt -0.00220631 -0.00911550
vt 5.79121685 -1.04710066
usemtl Cadet_Blue
f 135/1 99/2 158/3
f 99/2 79/4 158/3
f 158/3 79/4 157/5
f 79/4 94/6 157/5
f 157/5 94/6 156/7
f 94/6 98/8 156/7
f 156/7 98/8 155/9
f 98/8 103/10 155/9
f 155/9 103/10 154/11
f 103/10 102/12 154/11
f 154/11 102/12 153/13
f 102/12 97/14 153/13
f 153/13 97/14 152/15
f 97/14 104/16 152/15
f 152/15 104/16 151/17
f 104/16 105/18 151/17
f 151/17 105/18 150/19
f 105/18 107/20 150/19
f 150/19 107/20 149/21
f 107/20 106/22 149/21
f 149/21 106/22 148/23
f 106/22 100/24 148/23
f 148/23 100/24 147/25
f 100/24 81/26 147/25
f 147/25 81/26 146/27
f 81/26 80/28 146/27
f 146/27 80/28 145/29
f 80/28 85/30 145/29
f 145/29 85/30 144/31
f 85/30 84/32 144/31
f 144/31 84/32 143/33
f 84/32 87/34 143/33
f 143/33 87/34 142/35
f 87/34 86/36 142/35
f 142/35 86/36 141/37
f 86/36 78/38 141/37
f 141/37 78/38 140/39
f 78/38 77/40 140/39
f 140/39 77/40 139/41
f 77/40 88/42 139/41
f 139/41 88/42 138/43
f 88/42 101/44 138/43
f 138/43 101/44 137/45
f 101/44 90/46 137/45
f 137/45 90/46 136/47
f 90/46 89/48 136/47
f 136/47 89/48 135/49
f 89/48 99/50 135/49
f 1/51 27/52 2/53
f 27/52 49/54 2/53
f 2/53 49/54 3/55
f 49/54 48/56 3/55
f 3/55 48/56 4/57
f 48/56 47/58 4/57
f 4/57 47/58 5/59
f 47/58 46/60 5/59
f 5/59 46/60 6/61
f 46/60 45/62 6/61
f 6/61 45/62 7/63
f 45/62 44/64 7/63
f 7/63 44/64 8/65
f 44/64 43/66 8/65
f 8/65 43/66 9/67
f 43/66 42/68 9/67
f 9/67 42/68 10/69
f 42/68 41/70 10/69
f 10/69 41/70 11/71
f 41/70 40/72 11/71
f 11/71 40/72 12/73
f 40/72 39/74 12/73
f 12/73 39/74 13/75
f 39/74 38/76 13/75
f 13/75 38/76 14/77
f 38/76 37/78 14/77
f 14/77 37/78 15/79
f 37/78 36/80 15/79
f 15/79 36/80 16/81
f 36/80 35/82 16/81
f 16/81 35/82 17/83
f 35/82 34/84 17/83
f 17/83 34/84 18/85
f 34/84 33/86 18/85
f 18/85 33/86 19/87
f 33/86 32/88 19/87
f 19/87 32/88 20/89
f 32/88 31/90 20/89
f 20/89 31/90 21/91
f 31/90 30/92 21/91
f 21/91 30/92 22/93
f 30/92 29/94 22/93
f 22/93 29/94 23/95
f 29/94 28/96 23/95
f 23/95 28/96 24/97
f 28/96 26/98 24/97
f 24/97 26/98 1/99
f 26/98 27/100 1/99
f 29/94 73/101 28/96
f 73/101 74/102 28/96
f 28/96 74/102 26/98
f 74/102 75/103 26/98
f 26/98 75/103 27/100
f 75/103 51/104 27/100
f 51/104 50/105 27/100
f 27/100 50/105 49/106
f 50/105 52/107 49/106
f 49/106 52/107 48/108
f 52/107 53/109 48/108
f 48/108 53/109 47/110
f 53/109 54/111 47/110
f 47/110 54/111 46/112
f 54/111 55/113 46/112
f 46/112 55/113 45/114
f 55/113 56/115 45/114
f 45/114 56/115 44/116
f 56/115 57/117 44/116
f 44/116 57/117 43/118
f 57/117 58/119 43/118
f 43/118 58/119 42/120
f 58/119 59/121 42/120
f 42/120 59/121 41/122
f 59/121 60/123 41/122
f 41/122 60/123 40/124
f 60/123 61/125 40/124
f 40/124 61/125 39/126
f 61/125 62/127 39/126
f 39/126 62/127 38/128
f 62/127 63/129 38/128
f 38/128 63/129 37/130
f 63/129 64/131 37/130
f 37/130 64/131 36/132
f 64/131 65/133 36/132
f 36/132 65/133 35/134
f 65/133 66/135 35/134
f 35/134 66/135 34/136
f 66/135 67/137 34/136
f 34/136 67/137 33/138
f 67/137 68/139 33/138
f 33/138 68/139 32/140
f 68/139 69/141 32/140
f 32/140 69/141 31/142
f 69/141 70/143 31/142
f 31/142 70/143 30/144
f 70/143 71/145 30/144
f 30/144 71/145 29/146
f 71/145 72/147 29/146
f 29/146 72/147 73/148
f 450/149 447/150 448/151
f 447/150 444/152 448/151
f 448/151 444/152 449/153
f 449/153 444/152 446/154
f 444/152 445/155 446/154
f 446/154 445/155 443/156
f 445/155 442/157 443/156
f 443/156 442/157 441/158
f 442/157 440/159 441/158
f 441/158 440/159 439/160
f 440/159 438/161 439/160
f 439/160 438/161 437/162
f 438/161 436/163 437/162
f 437/162 436/163 435/164
f 436/163 434/165 435/164
f 435/164 434/165 433/166
f 434/165 431/167 433/166
f 433/166 431/167 432/168
f 432/168 431/167 418/169
f 431/167 400/170 418/169
f 418/169 400/170 401/171
f 393/172 355/173 384/174
f 393/172 384/174 392/175
f 384/174 383/176 392/175
f 392/175 383/176 391/177
f 383/176 382/178 391/177
f 391/177 382/178 390/179
f 382/178 381/180 390/179
f 390/179 381/180 389/181
f 381/180 380/182 389/181
f 389/181 380/182 388/183
f 380/182 379/184 388/183
f 388/183 379/184 387/185
f 379/184 378/186 387/185
f 387/185 378/186 386/187
f 378/186 347/188 386/187
f 386/187 347/188 385/189
f 355/190 357/191 377/192
f 355/190 377/192 384/193
f 377/192 376/194 384/193
f 384/193 376/194 383/195
f 376/194 375/196 383/195
f 383/195 375/196 382/197
f 375/196 373/198 382/197
f 382/197 373/198 381/199
f 373/198 369/200 381/199
f 381/199 369/200 380/201
f 369/200 363/202 380/201
f 380/201 363/202 379/203
f 363/202 364/204 379/203
f 379/203 364/204 378/205
f 364/204 346/206 378/205
f 378/205 346/206 347/207
f 163/208 183/209 182/210
f 184/211 174/212 175/213
f 174/212 173/214 175/213
f 175/213 173/214 176/215
f 173/214 168/216 176/215
f 176/215 168/216 177/217
f 168/216 167/218 177/217
f 177/217 167/218 178/219
f 167/218 171/220 178/219
f 178/219 171/220 179/221
f 171/220 170/222 179/221
f 179/221 170/222 180/223
f 170/222 172/224 180/223
f 180/223 172/224 181/225
f 172/224 166/226 181/225
f 181/225 166/226 182/210
f 166/226 162/227 182/210
f 182/210 162/227 163/208
f 497/228 499/229 498/230
f 499/229 500/231 498/230
f 482/232 481/233 480/234
f 480/234 479/235 482/232
f 479/235 478/236 482/232
f 482/232 478/236 483/237
f 488/238 484/239 477/240
f 484/239 489/241 477/240
f 477/240 489/241 478/236
f 489/241 490/242 478/236
f 478/236 490/242 483/237
f 488/238 487/243 484/239
f 487/243 486/244 484/239
f 484/239 486/244 485/245
f 462/246 476/247 463/248
f 476/247 464/249 463/248
f 462/246 461/250 476/247
f 461/250 460/251 476/247
f 476/247 460/251 475/252
f 460/251 458/253 475/252
f 465/254 472/255 458/253
f 472/255 470/256 458/253
f 470/256 471/257 458/253
f 471/257 473/258 458/253
f 458/253 473/258 475/252
f 458/253 459/259 465/254
f 459/259 468/260 465/254
f 465/254 468/260 469/261
f 469/261 466/262 465/254
f 466/262 467/263 465/254
f 465/254 467/263 474/264
f 472/265 465/266 478/267
f 465/266 477/268 478/267
f 173/269 174/270 169/271
f 172/272 170/273 164/274
f 172/272 164/274 166/275
f 170/273 171/276 164/274
f 171/276 167/277 164/274
f 164/274 167/277 169/271
f 167/277 168/278 169/271
f 169/271 168/278 173/269
f 165/279 161/280 164/274
f 161/280 162/281 164/274
f 164/274 162/281 166/275
f 881/282 882/283 858/284
f 882/283 883/285 858/284
f 858/284 883/285 875/286
f 518/287 520/288 875/286
f 522/289 524/290 165/291
f 524/290 526/292 165/291
f 165/291 526/292 528/293
f 570/294 572/295 548/296
f 800/297 802/298 780/299
f 802/298 804/300 780/299
f 780/299 804/300 806/301
f 165/291 808/302 832/303
f 808/302 830/304 832/303
f 518/287 875/286 516/305
f 748/306 750/307 728/308
f 774/309 776/310 754/311
f 776/310 778/312 754/311
f 754/311 778/312 780/299
f 750/307 752/313 728/308
f 752/313 754/311 728/308
f 728/308 754/311 164/314
f 754/311 780/299 164/314
f 164/314 780/299 165/291
f 780/299 806/301 165/291
f 165/291 806/301 808/302
f 852/315 854/316 832/303
f 670/317 672/318 650/319
f 830/304 808/302 828/320
f 808/302 810/321 828/320
f 828/320 810/321 812/322
f 881/282 858/284 879/323
f 858/284 860/324 879/323
f 879/323 860/324 878/325
f 860/324 862/326 878/325
f 878/325 862/326 864/327
f 870/328 872/329 868/330
f 872/329 878/325 868/330
f 868/330 878/325 866/331
f 878/325 864/327 866/331
f 507/332 504/333 509/334
f 504/333 165/291 509/334
f 509/334 165/291 530/335
f 165/291 528/293 530/335
f 548/296 572/295 546/336
f 572/295 164/314 546/336
f 546/336 164/314 544/337
f 620/338 622/339 600/340
f 622/339 624/341 600/340
f 600/340 624/341 598/342
f 696/343 698/344 676/345
f 698/344 700/346 676/345
f 676/345 700/346 702/347
f 800/297 780/299 798/348
f 780/299 782/349 798/348
f 798/348 782/349 796/350
f 782/349 784/351 796/350
f 796/350 784/351 786/352
f 516/305 875/286 514/353
f 875/286 876/354 514/353
f 514/353 876/354 511/355
f 876/354 880/356 511/355
f 511/355 880/356 877/357
f 520/288 522/289 875/286
f 522/289 165/291 875/286
f 875/286 165/291 858/284
f 165/291 832/303 858/284
f 858/284 832/303 856/358
f 832/303 854/316 856/358
f 538/359 540/360 164/314
f 540/360 542/361 164/314
f 164/314 542/361 544/337
f 592/362 594/363 572/295
f 594/363 596/364 572/295
f 596/364 598/342 572/295
f 572/295 598/342 164/314
f 598/342 624/341 164/314
f 164/314 624/341 650/319
f 624/341 626/365 650/319
f 650/319 626/365 648/366
f 648/366 626/365 646/367
f 626/365 628/368 646/367
f 646/367 628/368 630/369
f 672/318 674/370 650/319
f 674/370 676/345 650/319
f 650/319 676/345 164/314
f 676/345 702/347 164/314
f 164/314 702/347 728/308
f 702/347 704/371 728/308
f 728/308 704/371 726/372
f 704/371 706/373 726/372
f 726/372 706/373 724/374
f 748/306 728/308 746/375
f 728/308 730/376 746/375
f 746/375 730/376 744/377
f 730/376 732/378 744/377
f 744/377 732/378 734/379
f 774/309 754/311 772/380
f 754/311 756/381 772/380
f 772/380 756/381 770/382
f 756/381 758/383 770/382
f 770/382 758/383 760/384
f 792/385 794/386 790/387
f 794/386 796/350 790/387
f 790/387 796/350 788/388
f 796/350 786/352 788/388
f 533/389 531/390 873/391
f 531/390 511/355 873/391
f 873/391 511/355 874/392
f 511/355 877/357 874/392
f 852/315 832/303 850/393
f 832/303 834/394 850/393
f 850/393 834/394 848/395
f 834/394 836/396 848/395
f 848/395 836/396 838/397
f 670/317 650/319 668/398
f 650/319 652/399 668/398
f 668/398 652/399 666/400
f 652/399 654/401 666/400
f 666/400 654/401 656/402
f 662/403 664/404 660/405
f 664/404 666/400 660/405
f 660/405 666/400 658/406
f 666/400 656/402 658/406
f 740/407 742/408 738/409
f 742/408 744/377 738/409
f 738/409 744/377 736/410
f 744/377 734/379 736/410
f 766/411 768/412 764/413
f 768/412 770/382 764/413
f 764/413 770/382 762/414
f 770/382 760/384 762/414
f 844/415 846/416 842/417
f 846/416 848/395 842/417
f 842/417 848/395 840/418
f 848/395 838/397 840/418
f 696/343 676/345 694/419
f 676/345 678/420 694/419
f 694/419 678/420 692/421
f 678/420 680/422 692/421
f 692/421 680/422 682/423
f 688/424 690/425 686/426
f 690/425 692/421 686/426
f 686/426 692/421 684/427
f 692/421 682/423 684/427
f 501/428 506/429 164/314
f 506/429 536/430 164/314
f 164/314 536/430 538/359
f 592/362 572/295 590/431
f 572/295 574/432 590/431
f 590/431 574/432 588/433
f 574/432 576/434 588/433
f 588/433 576/434 578/435
f 584/436 586/437 582/438
f 586/437 588/433 582/438
f 582/438 588/433 580/439
f 588/433 578/435 580/439
f 724/374 706/373 722/440
f 706/373 708/441 722/440
f 722/440 708/441 710/442
f 570/294 548/296 568/443
f 548/296 550/444 568/443
f 568/443 550/444 566/445
f 550/444 552/446 566/445
f 566/445 552/446 554/447
f 600/340 602/448 620/338
f 602/448 604/449 620/338
f 620/338 604/449 618/450
f 604/449 606/451 618/450
f 818/452 820/453 816/454
f 820/453 822/455 816/454
f 816/454 822/455 814/456
f 822/455 824/457 814/456
f 814/456 824/457 812/322
f 824/457 826/458 812/322
f 812/322 826/458 828/320
f 636/459 638/460 634/461
f 638/460 640/462 634/461
f 634/461 640/462 632/463
f 640/462 642/464 632/463
f 632/463 642/464 630/369
f 642/464 644/465 630/369
f 630/369 644/465 646/367
f 714/466 716/467 712/468
f 716/467 718/469 712/468
f 712/468 718/469 710/442
f 718/469 720/470 710/442
f 710/442 720/470 722/440
f 558/471 560/472 556/473
f 560/472 562/474 556/473
f 556/473 562/474 554/447
f 562/474 564/475 554/447
f 554/447 564/475 566/445
f 610/476 612/477 608/478
f 612/477 614/479 608/478
f 608/478 614/479 606/451
f 614/479 616/480 606/451
f 606/451 616/480 618/450
f 893/481 894/482 519/483
f 894/482 888/484 519/483
f 519/483 888/484 521/485
f 888/484 499/486 521/485
f 521/485 499/486 523/487
f 859/488 857/489 892/490
f 629/491 627/492 649/493
f 500/494 499/486 623/495
f 499/486 649/493 623/495
f 623/495 649/493 625/496
f 649/493 627/492 625/496
f 529/497 527/498 499/486
f 527/498 525/499 499/486
f 499/486 525/499 523/487
f 837/500 835/501 857/489
f 835/501 833/502 857/489
f 857/489 833/502 831/503
f 577/504 575/505 597/506
f 575/505 573/507 597/506
f 597/506 573/507 571/508
f 500/494 541/509 539/510
f 603/511 601/512 623/495
f 681/513 679/514 701/515
f 679/514 677/516 701/515
f 701/515 677/516 675/517
f 707/518 705/519 727/520
f 629/491 649/493 631/521
f 649/493 647/522 631/521
f 631/521 647/522 633/523
f 647/522 645/524 633/523
f 633/523 645/524 643/525
f 549/526 547/527 569/528
f 547/527 545/529 569/528
f 569/528 545/529 500/494
f 545/529 543/530 500/494
f 500/494 543/530 541/509
f 503/531 508/532 499/486
f 508/532 510/533 499/486
f 499/486 510/533 529/497
f 837/500 857/489 839/534
f 857/489 855/535 839/534
f 839/534 855/535 841/536
f 855/535 853/537 841/536
f 841/536 853/537 851/538
f 845/539 843/540 847/541
f 843/540 841/536 847/541
f 847/541 841/536 849/542
f 841/536 851/538 849/542
f 759/543 757/544 779/545
f 757/544 755/546 779/545
f 779/545 755/546 753/547
f 785/548 783/549 805/550
f 637/551 635/552 639/553
f 635/552 633/523 639/553
f 639/553 633/523 641/554
f 633/523 643/525 641/554
f 577/504 597/506 579/555
f 597/506 595/556 579/555
f 579/555 595/556 581/557
f 595/556 593/558 581/557
f 581/557 593/558 591/559
f 601/512 599/560 623/495
f 599/560 597/506 623/495
f 623/495 597/506 500/494
f 597/506 571/508 500/494
f 500/494 571/508 569/528
f 505/561 502/562 535/563
f 502/562 500/494 535/563
f 535/563 500/494 537/564
f 500/494 539/510 537/564
f 519/483 517/565 893/481
f 517/565 515/566 893/481
f 893/481 515/566 891/567
f 515/566 513/568 891/567
f 859/488 892/490 861/569
f 892/490 890/570 861/569
f 861/569 890/570 887/571
f 705/519 703/572 727/520
f 703/572 701/515 727/520
f 727/520 701/515 499/486
f 701/515 675/517 499/486
f 499/486 675/517 649/493
f 675/517 673/573 649/493
f 649/493 673/573 651/574
f 673/573 653/575 651/574
f 585/576 583/577 587/578
f 583/577 581/557 587/578
f 587/578 581/557 589/579
f 581/557 591/559 589/579
f 603/511 623/495 605/580
f 623/495 621/581 605/580
f 605/580 621/581 607/582
f 621/581 619/583 607/582
f 607/582 619/583 617/584
f 809/585 807/586 829/587
f 807/586 805/550 829/587
f 829/587 805/550 831/503
f 805/550 499/486 831/503
f 831/503 499/486 857/489
f 499/486 888/484 857/489
f 857/489 888/484 892/490
f 783/549 781/588 805/550
f 781/588 779/545 805/550
f 805/550 779/545 499/486
f 779/545 753/547 499/486
f 499/486 753/547 727/520
f 753/547 751/589 727/520
f 727/520 751/589 729/590
f 681/513 701/515 683/591
f 701/515 699/592 683/591
f 683/591 699/592 685/593
f 699/592 697/594 685/593
f 685/593 697/594 695/595
f 707/518 727/520 709/596
f 727/520 725/597 709/596
f 709/596 725/597 711/598
f 725/597 723/599 711/598
f 711/598 723/599 721/600
f 611/601 609/602 613/603
f 609/602 607/582 613/603
f 613/603 607/582 615/604
f 607/582 617/584 615/604
f 569/528 567/605 549/526
f 567/605 565/606 549/526
f 549/526 565/606 551/607
f 565/606 553/608 551/607
f 759/543 779/545 761/609
f 779/545 777/610 761/609
f 761/609 777/610 763/611
f 777/610 775/612 763/611
f 763/611 775/612 773/613
f 785/548 805/550 787/614
f 805/550 803/615 787/614
f 787/614 803/615 789/616
f 803/615 801/617 789/616
f 789/616 801/617 799/618
f 689/619 687/620 691/621
f 687/620 685/593 691/621
f 691/621 685/593 693/622
f 685/593 695/595 693/622
f 715/623 713/624 717/625
f 713/624 711/598 717/625
f 717/625 711/598 719/626
f 711/598 721/600 719/626
f 673/573 671/627 653/575
f 671/627 669/628 653/575
f 653/575 669/628 655/629
f 669/628 657/630 655/629
f 829/587 827/631 809/585
f 827/631 825/632 809/585
f 809/585 825/632 811/633
f 825/632 823/634 811/633
f 767/635 765/636 769/637
f 765/636 763/611 769/637
f 769/637 763/611 771/638
f 763/611 773/613 771/638
f 793/639 791/640 795/641
f 791/640 789/616 795/641
f 795/641 789/616 797/642
f 789/616 799/618 797/642
f 532/643 534/644 512/645
f 534/644 886/646 512/645
f 512/645 886/646 513/568
f 886/646 889/647 513/568
f 513/568 889/647 891/567
f 729/590 751/589 731/648
f 751/589 749/649 731/648
f 731/648 749/649 733/650
f 749/649 747/651 733/650
f 733/650 747/651 745/652
f 561/653 559/654 557/655
f 871/656 869/657 884/658
f 869/657 867/659 884/658
f 884/658 867/659 885/660
f 867/659 865/661 885/660
f 885/660 865/661 887/571
f 865/661 863/662 887/571
f 887/571 863/662 861/569
f 665/663 663/664 661/665
f 565/606 563/666 553/608
f 563/666 561/653 553/608
f 553/608 561/653 555/667
f 561/653 557/655 555/667
f 819/668 817/669 821/670
f 817/669 815/671 821/670
f 821/670 815/671 823/634
f 815/671 813/672 823/634
f 823/634 813/672 811/633
f 669/628 667/673 657/630
f 667/673 665/663 657/630
f 657/630 665/663 659/674
f 665/663 661/665 659/674
f 741/675 739/676 743/677
f 739/676 737/678 743/677
f 743/677 737/678 745/652
f 737/678 735/679 745/652
f 745/652 735/679 733/650
f 82/680 93/681 160/682
f 163/683 162/684 160/682
f 162/684 161/685 160/682
f 160/682 161/685 133/686
f 126/687 125/688 160/682
f 125/688 122/689 160/682
f 160/682 122/689 121/690
f 133/686 132/691 160/682
f 132/691 129/692 160/682
f 160/682 129/692 126/687
f 108/693 82/680 111/694
f 82/680 160/682 111/694
f 111/694 160/682 112/695
f 160/682 115/696 112/695
f 121/690 120/697 160/682
f 120/697 119/698 160/682
f 160/682 119/698 115/696
f 459/699 458/700 419/701
f 458/700 451/702 419/701
f 124/703 123/704 419/701
f 123/704 128/705 419/701
f 419/701 128/705 127/706
f 127/706 130/707 419/701
f 130/707 134/708 419/701
f 419/701 134/708 459/699
f 109/709 114/710 419/701
f 114/710 113/711 419/701
f 419/701 113/711 117/712
f 117/712 116/713 419/701
f 116/713 118/714 419/701
f 419/701 118/714 124/703
f 415/715 95/716 419/701
f 95/716 83/717 419/701
f 419/701 83/717 109/709
f 83/717 110/718 109/709
f 100/719 106/720 82/721
f 106/720 107/722 82/721
f 82/721 107/722 105/723
f 105/723 104/724 82/721
f 104/724 97/725 82/721
f 82/721 97/725 93/726
f 61/727 60/728 102/729
f 60/728 97/725 102/729
f 61/727 102/729 62/730
f 102/729 103/731 62/730
f 62/730 103/731 98/732
f 60/728 59/733 97/725
f 59/733 58/734 97/725
f 97/725 58/734 93/726
f 58/734 57/735 93/726
f 93/726 57/735 56/736
f 50/737 93/726 52/738
f 93/726 53/739 52/738
f 56/736 55/740 93/726
f 55/740 54/741 93/726
f 93/726 54/741 53/739
f 95/742 91/743 70/744
f 91/743 92/745 70/744
f 70/744 92/745 71/746
f 92/745 96/747 71/746
f 71/746 96/747 72/748
f 96/747 73/749 72/748
f 90/750 101/751 67/752
f 101/751 88/753 67/752
f 67/752 88/753 77/754
f 78/755 86/756 83/757
f 86/756 87/758 83/757
f 83/757 87/758 84/759
f 84/759 85/760 83/757
f 85/760 80/761 83/757
f 83/757 80/761 82/721
f 80/761 81/762 82/721
f 82/721 81/762 100/719
f 67/752 66/763 90/750
f 66/763 65/764 90/750
f 90/750 65/764 89/765
f 65/764 64/766 89/765
f 89/765 64/766 99/767
f 64/766 63/768 99/767
f 99/767 63/768 79/769
f 63/768 62/730 79/769
f 79/769 62/730 94/770
f 62/730 98/732 94/770
f 70/744 69/771 95/742
f 69/771 68/772 95/742
f 95/742 68/772 83/757
f 68/772 67/752 83/757
f 83/757 67/752 78/755
f 67/752 77/754 78/755
f 489/773 491/774 490/775
f 491/774 492/776 490/775
f 495/777 497/778 496/779
f 497/778 498/780 496/779
f 495/781 496/782 494/783
f 495/781 494/783 493/784
f 494/783 492/785 493/784
f 493/784 492/785 491/786
f 869/787 871/788 870/789
f 871/788 872/790 870/789
f 843/791 845/792 844/793
f 845/792 846/794 844/793
f 817/795 819/796 818/797
f 819/796 820/798 818/797
f 791/799 793/800 792/801
f 793/800 794/802 792/801
f 765/803 767/804 766/805
f 767/804 768/806 766/805
f 739/807 741/808 740/809
f 741/808 742/810 740/809
f 713/811 715/812 714/813
f 715/812 716/814 714/813
f 687/815 689/816 688/817
f 689/816 690/818 688/817
f 661/819 663/820 662/821
f 663/820 664/822 662/821
f 635/823 637/824 636/825
f 637/824 638/826 636/825
f 609/827 611/828 610/829
f 611/828 612/830 610/829
f 583/831 585/832 584/833
f 585/832 586/834 584/833
f 557/835 559/836 558/837
f 559/836 560/838 558/837
f 502/839 505/840 501/841
f 505/840 506/842 501/841
f 534/843 532/844 533/845
f 532/844 531/846 533/845
f 508/847 503/848 507/849
f 503/848 504/850 507/849
f 511/851 531/852 512/853
f 531/852 532/854 512/853
f 507/855 509/856 508/857
f 509/856 510/858 508/857
f 510/859 509/860 530/861
f 510/859 530/861 529/862
f 530/861 528/863 529/862
f 529/862 528/863 527/864
f 528/863 526/865 527/864
f 527/864 526/865 525/866
f 526/865 524/867 525/866
f 525/866 524/867 523/868
f 524/867 522/869 523/868
f 523/868 522/869 521/870
f 522/869 520/871 521/870
f 521/870 520/871 519/872
f 520/871 518/873 519/872
f 519/872 518/873 517/874
f 518/873 516/875 517/874
f 517/874 516/875 515/876
f 516/875 514/877 515/876
f 515/876 514/877 513/878
f 514/877 511/879 513/878
f 513/878 511/879 512/880
f 536/881 506/852 535/882
f 506/852 505/854 535/882
f 558/883 556/856 557/884
f 556/856 555/858 557/884
f 555/859 556/860 554/861
f 555/859 554/861 553/862
f 554/861 552/863 553/862
f 553/862 552/863 551/864
f 552/863 550/865 551/864
f 551/864 550/865 549/866
f 550/865 548/867 549/866
f 549/866 548/867 547/868
f 548/867 546/869 547/868
f 547/868 546/869 545/870
f 546/869 544/871 545/870
f 545/870 544/871 543/872
f 544/871 542/873 543/872
f 543/872 542/873 541/874
f 542/873 540/875 541/874
f 541/874 540/875 539/876
f 540/875 538/877 539/876
f 539/876 538/877 537/878
f 538/877 536/879 537/878
f 537/878 536/879 535/880
f 562/885 560/852 561/886
f 560/852 559/854 561/886
f 584/883 582/856 583/884
f 582/856 581/858 583/884
f 581/859 582/860 580/861
f 581/859 580/861 579/862
f 580/861 578/863 579/862
f 579/862 578/863 577/864
f 578/863 576/865 577/864
f 577/864 576/865 575/866
f 576/865 574/867 575/866
f 575/866 574/867 573/868
f 574/867 572/869 573/868
f 573/868 572/869 571/870
f 572/869 570/871 571/870
f 571/870 570/871 569/872
f 570/871 568/873 569/872
f 569/872 568/873 567/874
f 568/873 566/875 567/874
f 567/874 566/875 565/876
f 566/875 564/877 565/876
f 565/876 564/877 563/878
f 564/877 562/879 563/878
f 563/878 562/879 561/880
f 588/881 586/852 587/882
f 586/852 585/854 587/882
f 610/883 608/856 609/884
f 608/856 607/858 609/884
f 607/859 608/860 606/861
f 607/859 606/861 605/862
f 606/861 604/863 605/862
f 605/862 604/863 603/864
f 604/863 602/865 603/864
f 603/864 602/865 601/866
f 602/865 600/867 601/866
f 601/866 600/867 599/868
f 600/867 598/869 599/868
f 599/868 598/869 597/870
f 598/869 596/871 597/870
f 597/870 596/871 595/872
f 596/871 594/873 595/872
f 595/872 594/873 593/874
f 594/873 592/875 593/874
f 593/874 592/875 591/876
f 592/875 590/877 591/876
f 591/876 590/877 589/878
f 590/877 588/879 589/878
f 589/878 588/879 587/880
f 614/881 612/852 613/882
f 612/852 611/854 613/882
f 636/883 634/856 635/884
f 634/856 633/858 635/884
f 633/859 634/860 632/861
f 633/859 632/861 631/862
f 632/861 630/863 631/862
f 631/862 630/863 629/864
f 630/863 628/865 629/864
f 629/864 628/865 627/866
f 628/865 626/867 627/866
f 627/866 626/867 625/868
f 626/867 624/869 625/868
f 625/868 624/869 623/870
f 624/869 622/871 623/870
f 623/870 622/871 621/872
f 622/871 620/873 621/872
f 621/872 620/873 619/874
f 620/873 618/875 619/874
f 619/874 618/875 617/876
f 618/875 616/877 617/876
f 617/876 616/877 615/878
f 616/877 614/879 615/878
f 615/878 614/879 613/880
f 640/887 638/852 639/888
f 638/852 637/854 639/888
f 662/883 660/856 661/884
f 660/856 659/858 661/884
f 659/859 660/860 658/861
f 659/859 658/861 657/862
f 658/861 656/863 657/862
f 657/862 656/863 655/864
f 656/863 654/865 655/864
f 655/864 654/865 653/866
f 654/865 652/867 653/866
f 653/866 652/867 651/868
f 652/867 650/869 651/868
f 651/868 650/869 649/870
f 650/869 648/871 649/870
f 649/870 648/871 647/872
f 648/871 646/873 647/872
f 647/872 646/873 645/874
f 646/873 644/875 645/874
f 645/874 644/875 643/876
f 644/875 642/877 643/876
f 643/876 642/877 641/878
f 642/877 640/879 641/878
f 641/878 640/879 639/880
f 666/881 664/852 665/882
f 664/852 663/854 665/882
f 688/883 686/856 687/884
f 686/856 685/858 687/884
f 685/859 686/860 684/861
f 685/859 684/861 683/862
f 684/861 682/863 683/862
f 683/862 682/863 681/864
f 682/863 680/865 681/864
f 681/864 680/865 679/866
f 680/865 678/867 679/866
f 679/866 678/867 677/868
f 678/867 676/869 677/868
f 677/868 676/869 675/870
f 676/869 674/871 675/870
f 675/870 674/871 673/872
f 674/871 672/873 673/872
f 673/872 672/873 671/874
f 672/873 670/875 671/874
f 671/874 670/875 669/876
f 670/875 668/877 669/876
f 669/876 668/877 667/878
f 668/877 666/879 667/878
f 667/878 666/879 665/880
f 692/881 690/852 691/882
f 690/852 689/854 691/882
f 714/883 712/856 713/857
f 712/856 711/858 713/857
f 711/859 712/860 710/861
f 711/859 710/861 709/862
f 710/861 708/863 709/862
f 709/862 708/863 707/864
f 708/863 706/865 707/864
f 707/864 706/865 705/866
f 706/865 704/867 705/866
f 705/866 704/867 703/868
f 704/867 702/869 703/868
f 703/868 702/869 701/870
f 702/869 700/871 701/870
f 701/870 700/871 699/872
f 700/871 698/873 699/872
f 699/872 698/873 697/874
f 698/873 696/875 697/874
f 697/874 696/875 695/876
f 696/875 694/877 695/876
f 695/876 694/877 693/878
f 694/877 692/879 693/878
f 693/878 692/879 691/880
f 718/881 716/852 717/882
f 716/852 715/854 717/882
f 740/889 738/856 739/890
f 738/856 737/858 739/890
f 737/859 738/860 736/861
f 737/859 736/861 735/862
f 736/861 734/863 735/862
f 735/862 734/863 733/864
f 734/863 732/865 733/864
f 733/864 732/865 731/866
f 732/865 730/867 731/866
f 731/866 730/867 729/868
f 730/867 728/869 729/868
f 729/868 728/869 727/870
f 728/869 726/871 727/870
f 727/870 726/871 725/872
f 726/871 724/873 725/872
f 725/872 724/873 723/874
f 724/873 722/875 723/874
f 723/874 722/875 721/876
f 722/875 720/877 721/876
f 721/876 720/877 719/878
f 720/877 718/879 719/878
f 719/878 718/879 717/880
f 744/891 742/852 743/892
f 742/852 741/854 743/892
f 766/883 764/856 765/857
f 764/856 763/858 765/857
f 763/859 764/860 762/861
f 763/859 762/861 761/862
f 762/861 760/863 761/862
f 761/862 760/863 759/864
f 760/863 758/865 759/864
f 759/864 758/865 757/866
f 758/865 756/867 757/866
f 757/866 756/867 755/868
f 756/867 754/869 755/868
f 755/868 754/869 753/870
f 754/869 752/871 753/870
f 753/870 752/871 751/872
f 752/871 750/873 751/872
f 751/872 750/873 749/874
f 750/873 748/875 749/874
f 749/874 748/875 747/876
f 748/875 746/877 747/876
f 747/876 746/877 745/878
f 746/877 744/879 745/878
f 745/878 744/879 743/880
f 770/881 768/852 769/882
f 768/852 767/854 769/882
f 792/883 790/856 791/857
f 790/856 789/858 791/857
f 789/859 790/860 788/861
f 789/859 788/861 787/862
f 788/861 786/863 787/862
f 787/862 786/863 785/864
f 786/863 784/865 785/864
f 785/864 784/865 783/866
f 784/865 782/867 783/866
f 783/866 782/867 781/868
f 782/867 780/869 781/868
f 781/868 780/869 779/870
f 780/869 778/871 779/870
f 779/870 778/871 777/872
f 778/871 776/873 777/872
f 777/872 776/873 775/874
f 776/873 774/875 775/874
f 775/874 774/875 773/876
f 774/875 772/877 773/876
f 773/876 772/877 771/878
f 772/877 770/879 771/878
f 771/878 770/879 769/880
f 796/893 794/852 795/894
f 794/852 793/854 795/894
f 818/855 816/856 817/857
f 816/856 815/858 817/857
f 815/859 816/860 814/861
f 815/859 814/861 813/862
f 814/861 812/863 813/862
f 813/862 812/863 811/864
f 812/863 810/865 811/864
f 811/864 810/865 809/866
f 810/865 808/867 809/866
f 809/866 808/867 807/868
f 808/867 806/869 807/868
f 807/868 806/869 805/870
f 806/869 804/871 805/870
f 805/870 804/871 803/872
f 804/871 802/873 803/872
f 803/872 802/873 801/874
f 802/873 800/875 801/874
f 801/874 800/875 799/876
f 800/875 798/877 799/876
f 799/876 798/877 797/878
f 798/877 796/879 797/878
f 797/878 796/879 795/880
f 822/881 820/852 821/882
f 820/852 819/854 821/882
f 844/855 842/856 843/895
f 842/856 841/858 843/895
f 286/896 284/897 293/898
f 293/898 305/899 286/896
f 305/899 291/900 286/896
f 286/896 291/900 285/901
f 291/900 288/902 285/901
f 289/903 290/904 291/900
f 290/904 287/905 291/900
f 291/900 287/905 288/902
f 305/906 293/907 304/908
f 305/906 304/908 310/909
f 304/908 303/910 310/909
f 310/909 303/910 309/911
f 311/912 309/913 308/562
f 309/913 303/914 308/562
f 312/907 314/915 313/916
f 314/915 315/917 313/916
f 313/916 315/917 308/918
f 315/917 311/919 308/918
f 323/920 314/921 317/562
f 314/921 312/922 317/562
f 339/923 340/924 333/925
f 340/924 341/926 333/925
f 333/925 341/926 329/927
f 341/926 342/928 329/927
f 329/927 342/928 326/929
f 342/928 343/930 326/929
f 326/929 343/930 327/931
f 343/930 344/932 327/931
f 327/931 344/932 324/933
f 344/932 345/934 324/933
f 324/933 345/934 317/935
f 345/934 323/915 317/935
f 339/936 385/937 340/938
f 385/937 347/939 340/938
f 405/940 407/941 402/942
f 405/940 366/943 406/944
f 366/943 365/945 406/944
f 406/944 365/945 95/946
f 365/945 367/947 95/946
f 95/946 367/947 91/948
f 367/947 370/949 91/948
f 91/948 370/949 92/950
f 370/949 362/951 92/950
f 92/950 362/951 96/952
f 96/952 362/951 73/953
f 362/951 356/954 73/953
f 73/953 356/954 76/955
f 405/940 402/942 366/943
f 402/942 403/956 366/943
f 366/943 403/956 371/957
f 403/956 404/958 371/957
f 371/957 404/958 374/959
f 404/958 395/960 374/959
f 374/959 395/960 372/961
f 395/962 394/963 372/964
f 394/963 359/965 372/964
f 399/966 401/171 400/170
f 197/967 195/968 400/170
f 195/968 358/969 400/170
f 400/170 358/969 399/966
f 358/969 368/970 399/966
f 399/966 368/970 398/971
f 368/970 361/972 398/971
f 398/971 361/972 397/973
f 361/972 360/974 397/973
f 397/973 360/974 396/975
f 360/974 359/961 396/975
f 396/975 359/961 394/960
f 450/976 451/702 447/977
f 451/702 457/978 447/977
f 177/979 178/980 186/981
f 183/982 186/981 182/983
f 186/981 181/984 182/983
f 178/980 179/985 186/981
f 179/985 180/986 186/981
f 186/981 180/986 181/984
f 197/987 400/988 431/989
f 452/990 442/991 454/992
f 442/991 445/993 454/992
f 454/992 445/993 444/994
f 457/995 455/996 447/997
f 455/996 453/998 447/997
f 447/997 453/998 444/994
f 453/998 456/999 444/994
f 444/994 456/999 454/992
f 452/990 184/1000 196/1001
f 184/1000 175/1002 196/1001
f 196/1001 175/1002 186/981
f 175/1002 176/1003 186/981
f 186/981 176/1003 177/979
f 431/989 434/1004 197/987
f 434/1004 436/1005 197/987
f 197/987 436/1005 196/1001
f 436/1005 438/1006 196/1001
f 196/1001 438/1006 452/990
f 438/1006 440/1007 452/990
f 452/990 440/1007 442/991
f 202/1008 201/1009 190/1010
f 201/1009 200/1011 190/1010
f 212/1012 205/1013 204/1014
f 204/1014 207/1015 212/1012
f 207/1015 206/1016 212/1012
f 212/1012 206/1016 211/1017
f 206/1016 213/1018 211/1017
f 213/1018 209/1019 211/1017
f 211/1017 209/1019 210/1020
f 210/1021 209/1022 215/1023
f 209/1022 214/562 215/1023
f 215/1020 214/1024 218/1025
f 215/1020 218/1025 221/1026
f 218/1025 217/1027 221/1026
f 221/1026 217/1027 220/1028
f 217/1029 222/562 220/1030
f 222/562 223/1031 220/1030
f 222/1032 231/1033 223/1034
f 231/1033 228/1035 223/1034
f 232/1036 227/1037 229/1038
f 227/1037 228/1035 229/1038
f 229/1038 228/1035 230/1039
f 228/1035 231/1033 230/1039
f 227/1040 232/1041 238/1023
f 232/1041 237/562 238/1023
f 247/1042 262/1043 261/1044
f 247/1042 261/1044 248/1045
f 261/1044 260/1046 248/1045
f 248/1045 260/1046 244/1047
f 260/1046 259/1048 244/1047
f 244/1047 259/1048 245/1049
f 259/1048 258/1034 245/1049
f 245/1049 258/1034 246/1050
f 258/1034 257/1035 246/1050
f 246/1050 257/1035 256/1051
f 257/1035 238/1037 256/1051
f 256/1051 238/1037 237/1052
f 160/1053 187/1054 163/1055
f 187/1054 188/1056 163/1055
f 163/1055 188/1056 185/562
f 188/1056 189/1057 185/562
f 190/1058 200/1059 188/1060
f 200/1059 198/1061 188/1060
f 198/1061 199/1062 188/1060
f 199/1062 193/1063 188/1060
f 188/1060 193/1063 189/1064
f 417/1065 407/941 405/940
f 417/1065 405/940 430/1066
f 405/940 413/1067 430/1066
f 413/1067 412/1068 430/1066
f 430/1066 412/1068 429/1069
f 412/1068 409/1070 429/1069
f 429/1069 409/1070 428/1071
f 409/1070 408/1072 428/1071
f 428/1071 408/1072 427/1073
f 408/1072 411/1074 427/1073
f 427/1073 411/1074 426/1075
f 411/1074 410/1076 426/1075
f 426/1075 410/1076 425/1077
f 414/1078 423/1079 410/1076
f 423/1079 424/1080 410/1076
f 410/1076 424/1080 425/1077
f 416/1081 415/1082 419/1083
f 419/1083 420/1084 416/1081
f 420/1084 421/1085 416/1081
f 416/1081 421/1085 414/1078
f 421/1085 422/1086 414/1078
f 414/1078 422/1086 423/1079
f 22/1087 23/1088 25/562
f 23/1088 24/1089 25/562
f 25/562 24/1089 1/1090
f 19/1091 20/1092 25/562
f 20/1092 21/1093 25/562
f 25/562 21/1093 22/1087
f 16/1094 17/1095 25/562
f 17/1095 18/1096 25/562
f 25/562 18/1096 19/1091
f 13/1097 14/1098 25/562
f 14/1098 15/1099 25/562
f 25/562 15/1099 16/1094
f 10/1100 11/1101 25/562
f 11/1101 12/1102 25/562
f 25/562 12/1102 13/1097
f 7/1103 8/1104 25/562
f 8/1104 9/1105 25/562
f 25/562 9/1105 10/1100
f 4/1106 5/1107 25/562
f 5/1107 6/1108 25/562
f 25/562 6/1108 7/1103
f 1/1090 2/1109 25/562
f 2/1109 3/1110 25/562
f 25/562 3/1110 4/1106
f 138/1111 137/1112 159/562
f 137/1112 136/1113 159/562
f 159/562 136/1113 135/1114
f 141/1115 140/1116 159/562
f 140/1116 139/1117 159/562
f 159/562 139/1117 138/1111
f 144/1118 143/1119 159/562
f 143/1119 142/1120 159/562
f 159/562 142/1120 141/1115
f 147/1121 146/1122 159/562
f 146/1122 145/1123 159/562
f 159/562 145/1123 144/1118
f 150/1124 149/1125 159/562
f 149/1125 148/1126 159/562
f 159/562 148/1126 147/1121
f 153/1127 152/1128 159/562
f 152/1128 151/1129 159/562
f 159/562 151/1129 150/1124
f 156/1130 155/1131 159/562
f 155/1131 154/1132 159/562
f 159/562 154/1132 153/1127
f 135/1114 158/1133 159/562
f 158/1133 157/1134 159/562
f 159/562 157/1134 156/1130
f 74/1135 73/749 76/1136
f 50/737 51/1137 76/1136
f 51/1137 75/1138 76/1136
f 76/1136 75/1138 74/1135
f 432/1139 418/1140 446/1141
f 424/1142 417/1143 430/1144
f 450/1145 448/1146 418/1140
f 448/1146 449/1147 418/1140
f 418/1140 449/1147 446/1141
f 424/1142 423/1148 417/1143
f 423/1148 422/1149 417/1143
f 417/1143 422/1149 421/1150
f 437/1151 435/1152 446/1141
f 435/1152 433/1153 446/1141
f 446/1141 433/1153 432/1139
f 430/1144 429/1154 424/1142
f 429/1154 428/1155 424/1142
f 424/1142 428/1155 425/1156
f 428/1155 427/1157 425/1156
f 425/1156 427/1157 426/1158
f 421/1150 420/1159 417/1143
f 420/1159 419/1160 417/1143
f 417/1143 419/1160 418/1140
f 419/1160 451/1161 418/1140
f 418/1140 451/1161 450/1145
f 437/1151 446/1141 439/1162
f 446/1141 443/1163 439/1162
f 439/1162 443/1163 441/1164
f 325/1165 319/1166 318/1167
f 325/1165 318/1167 328/1168
f 318/1167 350/1169 328/1168
f 328/1168 350/1169 349/1170
f 354/1171 334/1172 336/1173
f 354/1171 336/1173 351/1174
f 336/1173 335/1175 351/1174
f 351/1174 335/1175 352/1176
f 335/1175 330/1177 352/1176
f 352/1176 330/1177 348/1178
f 330/1177 332/1179 348/1178
f 348/1178 332/1179 349/1170
f 332/1179 331/1180 349/1170
f 349/1170 331/1180 328/1168
f 334/1172 354/1171 337/1181
f 354/1171 353/1182 337/1181
f 337/1181 353/1182 338/1183
f 393/1184 338/1185 355/1186
f 338/1185 353/1187 355/1186
f 194/1188 193/1189 199/1190
f 198/1191 206/1192 207/1193
f 204/1194 205/1195 203/1196
f 207/1193 204/1194 198/1191
f 204/1194 203/1196 198/1191
f 198/1191 203/1196 199/1190
f 203/1196 208/1197 199/1190
f 199/1190 208/1197 194/1188
f 225/1198 216/1199 219/1200
f 225/1198 219/1200 224/1201
f 219/1200 201/1202 224/1201
f 224/1201 201/1202 202/1020
f 226/1203 216/1204 233/1205
f 216/1204 225/1206 233/1205
f 226/1207 233/1208 234/1209
f 233/1208 239/1210 234/1209
f 234/1209 239/1210 235/1211
f 239/1210 240/1212 235/1211
f 235/1211 240/1212 236/1213
f 240/1212 241/1037 236/1213
f 236/562 241/1214 243/1215
f 241/1214 242/1216 243/1215
f 243/1217 242/1043 269/1218
f 243/1217 269/1218 254/1219
f 269/1218 268/1220 254/1219
f 254/1219 268/1220 251/1221
f 268/1220 267/1222 251/1221
f 251/1221 267/1222 252/1223
f 267/1222 266/1224 252/1223
f 252/1223 266/1224 253/1225
f 266/1224 265/1226 253/1225
f 253/1225 265/1226 249/1227
f 265/1226 264/1228 249/1227
f 249/1227 264/1228 250/1229
f 264/1228 263/1037 250/1229
f 250/1229 263/1037 255/1230
f 255/562 263/1231 247/1232
f 263/1231 262/1233 247/1232
f 321/1234 322/1235 192/1236
f 322/1235 320/1237 192/1236
f 320/1237 316/562 192/1236
f 192/1236 316/562 301/921
f 316/562 307/1238 301/921
f 191/1239 318/1240 192/1236
f 318/1240 319/1241 192/1236
f 192/1236 319/1241 321/1234
f 302/1242 299/1243 306/1244
f 299/1243 300/1245 306/1244
f 306/1244 300/1245 307/1246
f 300/1245 301/1247 307/1246
f 298/1248 297/913 302/562
f 297/913 299/1249 302/562
f 297/1250 298/1251 296/1252
f 297/1250 296/1252 295/1253
f 296/1252 292/1254 295/1253
f 295/1253 292/1254 294/1255
f 280/1256 279/1257 281/1258
f 279/1257 278/1259 281/1258
f 281/1258 278/1259 277/1260
f 294/1261 292/1262 275/1263
f 292/1262 281/1258 275/1263
f 275/1263 281/1258 276/1264
f 281/1258 277/1260 276/1264
f 237/1265 232/1266 236/1267
f 243/1268 254/1269 251/1270
f 248/1271 244/1272 237/1265
f 251/1270 252/1273 243/1268
f 252/1273 253/1274 243/1268
f 243/1268 253/1274 249/1275
f 249/1275 250/1276 243/1268
f 250/1276 255/1277 243/1268
f 243/1268 255/1277 236/1267
f 236/1267 255/1277 237/1265
f 255/1277 247/1278 237/1265
f 237/1265 247/1278 248/1271
f 244/1272 245/1279 237/1265
f 245/1279 246/1280 237/1265
f 237/1265 246/1280 256/1281
f 217/1282 216/1283 222/1284
f 216/1283 226/1285 222/1284
f 293/1286 292/1287 296/1288
f 293/1286 296/1288 304/1289
f 296/1288 298/1290 304/1289
f 304/1289 298/1290 303/1291
f 303/1292 298/1293 308/1294
f 298/1293 302/1295 308/1294
f 308/1296 302/1297 313/1298
f 302/1297 306/1299 313/1298
f 313/1298 306/1299 312/1300
f 306/1299 307/1301 312/1300
f 312/1302 307/1303 317/1304
f 307/1303 316/1305 317/1304
f 338/1306 339/1307 333/1308
f 335/1309 336/1310 329/1311
f 336/1310 334/1312 329/1311
f 329/1311 334/1312 333/1308
f 334/1312 337/1313 333/1308
f 333/1308 337/1313 338/1306
f 335/1309 329/1311 330/1314
f 329/1311 326/1315 330/1314
f 330/1314 326/1315 332/1316
f 321/1317 319/1318 325/1319
f 322/1320 321/1317 324/1321
f 321/1317 325/1319 324/1321
f 324/1321 325/1319 327/1322
f 325/1319 328/1323 327/1322
f 327/1322 328/1323 326/1315
f 328/1323 331/1324 326/1315
f 326/1315 331/1324 332/1316
f 322/1320 324/1321 320/1325
f 324/1321 317/1326 320/1325
f 320/1325 317/1326 316/1327
f 293/1328 284/1329 282/1330
f 282/1330 283/1331 293/1328
f 283/1331 271/1332 293/1328
f 293/1328 271/1332 292/1333
f 271/1332 270/1334 292/1333
f 292/1333 270/1334 274/1335
f 274/1335 273/1336 292/1333
f 273/1336 272/1337 292/1333
f 292/1333 272/1337 281/1338
f 187/1339 160/1340 191/1341
f 160/1340 93/1342 191/1341
f 191/1341 93/1342 357/1343
f 357/1343 93/1342 356/1344
f 93/1342 50/1345 356/1344
f 356/1344 50/1345 76/1346
f 357/1343 355/1347 191/1341
f 355/1347 353/1348 191/1341
f 191/1341 353/1348 354/1349
f 354/1349 351/1350 191/1341
f 351/1350 352/1351 191/1341
f 191/1341 352/1351 348/1352
f 348/1352 349/1353 191/1341
f 349/1353 350/1354 191/1341
f 191/1341 350/1354 318/1355
f 385/1356 339/1357 393/1358
f 339/1357 338/1359 393/1358
f 392/1360 387/1361 393/1358
f 387/1361 386/1362 393/1358
f 393/1358 386/1362 385/1356
f 392/1360 391/1363 387/1361
f 391/1363 390/1364 387/1361
f 387/1361 390/1364 388/1365
f 390/1364 389/1366 388/1365
f 417/1367 418/1368 401/1369
f 394/1370 401/1369 399/1371
f 401/1369 394/1370 417/1367
f 394/1370 395/1372 417/1367
f 417/1367 395/1372 407/1373
f 399/1371 398/1374 394/1370
f 398/1374 397/1375 394/1370
f 394/1370 397/1375 396/1376
f 404/1377 403/1378 395/1372
f 403/1378 402/1379 395/1372
f 395/1372 402/1379 407/1373
f 291/1380 238/1381 289/1382
f 238/1381 257/1383 289/1382
f 289/1382 257/1383 290/1384
f 290/1384 257/1383 287/1385
f 257/1383 258/1386 287/1385
f 287/1385 258/1386 288/1387
f 288/1387 258/1386 285/1388
f 258/1386 259/1389 285/1388
f 285/1388 259/1389 286/1390
f 286/1390 259/1389 284/1391
f 259/1389 260/1392 284/1391
f 284/1391 260/1392 282/1393
f 260/1392 261/1394 282/1393
f 282/1393 261/1394 283/1395
f 261/1394 262/1396 283/1395
f 283/1395 262/1396 271/1397
f 280/1398 281/1399 266/1400
f 266/1400 267/1401 280/1398
f 267/1401 268/1402 280/1398
f 280/1398 268/1402 279/1403
f 269/1404 242/1405 275/1406
f 275/1406 276/1407 269/1404
f 276/1407 277/1408 269/1404
f 269/1404 277/1408 268/1402
f 277/1408 278/1409 268/1402
f 268/1402 278/1409 279/1403
f 281/1399 272/1410 266/1400
f 272/1410 273/1411 266/1400
f 266/1400 273/1411 265/1412
f 273/1411 274/1413 265/1412
f 265/1412 274/1413 264/1414
f 274/1413 270/1415 264/1414
f 264/1414 270/1415 263/1416
f 235/1417 236/1418 232/1419
f 232/1419 229/1420 235/1417
f 229/1420 230/1421 235/1417
f 235/1417 230/1421 234/1422
f 230/1421 231/1423 234/1422
f 234/1422 231/1423 226/1424
f 231/1423 222/1425 226/1424
f 214/1426 201/1427 219/1428
f 214/1426 219/1428 218/1429
f 219/1428 216/1430 218/1429
f 218/1429 216/1430 217/1431
f 294/1432 275/1433 242/1434
f 190/1435 192/1436 202/1437
f 192/1436 301/1438 202/1437
f 202/1437 301/1438 224/1439
f 301/1438 300/1440 224/1439
f 224/1439 300/1440 225/1441
f 300/1440 299/1442 225/1441
f 225/1441 299/1442 233/1443
f 299/1442 297/1444 233/1443
f 233/1443 297/1444 239/1445
f 297/1444 295/1446 239/1445
f 239/1445 295/1446 240/1447
f 295/1446 294/1432 240/1447
f 240/1447 294/1432 241/1448
f 294/1432 242/1434 241/1448
f 262/1449 263/1450 271/1451
f 263/1450 270/1452 271/1451
f 343/1453 342/1454 203/1455
f 342/1454 341/1456 203/1455
f 203/1455 341/1456 346/1457
f 341/1456 340/1458 346/1457
f 346/1457 340/1458 347/1459
f 238/1460 291/1461 227/1462
f 291/1461 305/1463 227/1462
f 227/1462 305/1463 228/1464
f 305/1463 310/1465 228/1464
f 228/1464 310/1465 223/1466
f 310/1465 309/1467 223/1466
f 223/1466 309/1467 220/1468
f 309/1467 311/1469 220/1468
f 220/1468 311/1469 221/1470
f 311/1469 315/1471 221/1470
f 221/1470 315/1471 215/1472
f 315/1471 314/1473 215/1472
f 215/1472 314/1473 210/1474
f 314/1473 323/1475 210/1474
f 323/1475 345/1476 210/1474
f 210/1474 345/1476 211/1477
f 345/1476 344/1478 211/1477
f 211/1477 344/1478 212/1479
f 344/1478 343/1453 212/1479
f 212/1479 343/1453 205/1480
f 343/1453 203/1455 205/1480
f 377/1481 357/1482 356/1483
f 377/1481 356/1483 376/1484
f 208/1485 203/1486 346/1487
f 370/1488 367/1489 363/1490
f 369/1491 373/1492 356/1483
f 373/1492 375/1493 356/1483
f 356/1483 375/1493 376/1484
f 195/1494 194/1495 359/1370
f 194/1495 208/1485 359/1370
f 359/1370 208/1485 372/1372
f 208/1485 346/1487 372/1372
f 372/1372 346/1487 374/1377
f 346/1487 364/1496 374/1377
f 374/1377 364/1496 371/1378
f 364/1496 366/1379 371/1378
f 361/1375 368/1374 358/1371
f 363/1490 367/1489 364/1496
f 367/1489 365/1497 364/1496
f 364/1496 365/1497 366/1379
f 369/1491 356/1483 363/1490
f 356/1483 362/1498 363/1490
f 363/1490 362/1498 370/1488
f 195/1494 359/1370 358/1371
f 359/1370 360/1376 358/1371
f 358/1371 360/1376 361/1375
f 186/1499 185/1500 189/1501
f 189/1501 193/1502 186/1499
f 193/1502 194/1503 186/1499
f 186/1499 194/1503 196/1504
f 194/1503 195/1505 196/1504
f 196/1504 195/1505 197/1506
f 192/1507 190/1508 191/1509
f 190/1508 188/1510 191/1509
f 191/1509 188/1510 187/1511
f 198/1512 200/1513 206/1514
f 200/1513 213/1515 206/1514
f 201/1516 214/1517 200/1513
f 214/1517 209/1518 200/1513
f 200/1513 209/1518 213/1515
f 415/1519 416/1520 95/742
f 416/1520 414/1521 95/742
f 95/742 414/1521 410/1522
f 405/1523 406/1524 413/1525
f 406/1524 412/1526 413/1525
f 410/1522 411/1527 95/742
f 411/1527 408/1528 95/742
f 95/742 408/1528 406/1524
f 408/1528 409/1529 406/1524
f 406/1524 409/1529 412/1526
f 186/1530 183/1531 185/1532
f 183/1531 163/683 185/1532
f 464/1533 452/1534 454/1535
f 455/1536 457/1537 451/1538
f 464/1533 454/1535 463/1539
f 454/1535 456/1540 463/1539
f 463/1539 456/1540 462/1541
f 456/1540 453/1542 462/1541
f 462/1541 453/1542 461/1543
f 453/1542 455/1536 461/1543
f 461/1543 455/1536 460/1544
f 455/1536 451/1538 460/1544
f 460/1544 451/1538 458/1545
f 133/1546 131/1547 132/1548
f 131/1547 129/1549 132/1548
f 116/1550 115/1551 118/1552
f 115/1551 119/1553 118/1552
f 119/1553 120/1554 118/1552
f 120/1554 121/1555 118/1552
f 118/1552 121/1555 124/1556
f 121/1555 122/1557 124/1556
f 124/1556 122/1557 123/1558
f 122/1557 125/1559 123/1558
f 123/1558 125/1559 128/1560
f 125/1559 126/1561 128/1560
f 128/1560 126/1561 127/1562
f 126/1561 129/1549 127/1562
f 127/1562 129/1549 130/1563
f 129/1549 131/1547 130/1563
f 130/1563 131/1547 134/1564
f 116/1550 117/1565 115/1551
f 117/1565 113/1566 115/1551
f 115/1551 113/1566 112/1567
f 113/1566 114/1568 112/1567
f 112/1567 114/1568 111/1569
f 114/1568 109/1570 111/1569
f 111/1569 109/1570 108/1571
f 109/1570 110/1572 108/1571
f 108/1571 110/1572 82/1573
f 110/1572 83/1574 82/1573
f 477/1575 465/1545 474/1576
f 477/1575 474/1576 488/1577
f 474/1576 467/1578 488/1577
f 488/1577 467/1578 487/1579
f 467/1578 466/1580 487/1579
f 487/1579 466/1580 486/1581
f 466/1580 469/1582 486/1581
f 486/1581 469/1582 485/1583
f 469/1582 468/1584 485/1583
f 485/1583 468/1584 484/1585
f 483/1586 476/1587 475/1588
f 483/1586 475/1588 482/1589
f 475/1588 473/1590 482/1589
f 482/1589 473/1590 481/1591
f 473/1590 471/1592 481/1591
f 481/1591 471/1592 480/1593
f 471/1592 470/1594 480/1593
f 480/1593 470/1594 479/1595
f 470/1594 472/1545 479/1595
f 479/1595 472/1545 478/1575
f 459/1596 134/1597 131/1598
f 493/1599 491/1600 489/1601
f 484/1585 468/1584 489/1601
f 468/1584 459/1596 489/1601
f 489/1601 459/1596 493/1599
f 459/1596 131/1598 493/1599
f 493/1599 131/1598 161/1602
f 131/1598 133/1603 161/1602
f 495/1604 493/1599 497/1605
f 493/1599 161/1602 497/1605
f 497/1605 161/1602 499/1606
f 161/1602 165/1607 499/1606
f 499/1606 165/1607 503/1608
f 165/1607 504/1609 503/1608
f 464/1533 476/1587 483/1586
f 494/1610 496/1611 498/1612
f 502/1613 501/1614 500/1615
f 501/1614 164/1616 500/1615
f 500/1615 164/1616 498/1612
f 164/1616 169/1617 498/1612
f 498/1612 169/1617 494/1610
f 174/212 184/211 452/1534
f 452/1534 464/1533 174/212
f 464/1533 483/1586 174/212
f 174/212 483/1586 169/1617
f 483/1586 490/1618 169/1617
f 169/1617 490/1618 494/1610
f 490/1618 492/1619 494/1610
f 886/859 873/860 874/861
f 886/859 874/861 889/862
f 874/861 877/863 889/862
f 889/862 877/863 891/864
f 877/863 880/865 891/864
f 891/864 880/865 893/866
f 880/865 876/867 893/866
f 893/866 876/867 894/868
f 876/867 875/869 894/868
f 894/868 875/869 888/870
f 875/869 883/871 888/870
f 888/870 883/871 892/872
f 883/871 882/873 892/872
f 892/872 882/873 890/874
f 882/873 881/875 890/874
f 890/874 881/875 887/876
f 881/875 879/877 887/876
f 887/876 879/877 885/878
f 879/877 878/879 885/878
f 885/878 878/879 884/880
f 533/855 873/856 534/895
f 873/856 886/858 534/895
f 878/1620 872/852 884/1621
f 872/852 871/854 884/1621
f 867/859 868/860 866/861
f 867/859 866/861 865/862
f 866/861 864/863 865/862
f 865/862 864/863 863/864
f 864/863 862/865 863/864
f 863/864 862/865 861/866
f 862/865 860/867 861/866
f 861/866 860/867 859/868
f 860/867 858/869 859/868
f 859/868 858/869 857/870
f 858/869 856/871 857/870
f 857/870 856/871 855/872
f 856/871 854/873 855/872
f 855/872 854/873 853/874
f 854/873 852/875 853/874
f 853/874 852/875 851/876
f 852/875 850/877 851/876
f 851/876 850/877 849/878
f 850/877 848/879 849/878
f 849/878 848/879 847/880
f 870/855 868/856 869/1622
f 868/856 867/858 869/1622
f 848/1623 846/852 847/853
f 846/852 845/854 847/853
f 841/859 842/860 840/861
f 841/859 840/861 839/862
f 840/861 838/863 839/862
f 839/862 838/863 837/864
f 838/863 836/865 837/864
f 837/864 836/865 835/866
f 836/865 834/867 835/866
f 835/866 834/867 833/868
f 834/867 832/869 833/868
f 833/868 832/869 831/870
f 832/869 830/871 831/870
f 831/870 830/871 829/872
f 830/871 828/873 829/872
f 829/872 828/873 827/874
f 828/873 826/875 827/874
f 827/874 826/875 825/876
f 826/875 824/877 825/876
f 825/876 824/877 823/878
f 824/877 822/879 823/878
f 823/878 822/879 821/880
