# Exported from USD: /World/Robotiq_Hand_E_edit/base_link/Group2ROBOTIQ_HAND_E_DEFEATURE/Group2ROBOTIQ_HAND_E_DEFEATURE
mtllib Group2ROBOTIQ_HAND_E_DEFEATURE.mtl

g Group2ROBOTIQ_HAND_E_DEFEATURE
v -0.00055646 0.00710000 0.03207674
v -0.00000000 0.00710000 0.03215000
v 0.00000000 -0.00390000 0.03215000
v -0.00107500 0.00710000 0.03186195
v -0.00055646 -0.00390000 0.03207674
v -0.00152028 0.00710000 0.03152028
v -0.00107500 -0.00390000 0.03186195
v -0.00186195 0.00710000 0.03107500
v -0.00152028 -0.00390000 0.03152028
v -0.00207674 0.00710000 0.03055646
v -0.00186195 -0.00390000 0.03107500
v -0.00215000 0.00710000 0.03000000
v -0.00207674 -0.00390000 0.03055646
v -0.00207674 0.00710000 0.02944354
v -0.00215000 -0.00390000 0.03000000
v -0.00186195 0.00710000 0.02892500
v -0.00207674 -0.00390000 0.02944354
v -0.00152028 0.00710000 0.02847972
v -0.00186195 -0.00390000 0.02892500
v -0.00107500 0.00710000 0.02813805
v -0.00152028 -0.00390000 0.02847972
v -0.00055646 0.00710000 0.02792326
v -0.00107500 -0.00390000 0.02813805
v 0.00000000 0.00710000 0.02785000
v -0.00055646 -0.00390000 0.02792326
v 0.00055646 0.00710000 0.02792326
v 0.00000000 -0.00390000 0.02785000
v 0.00107500 0.00710000 0.02813805
v 0.00055646 -0.00390000 0.02792326
v 0.00152028 0.00710000 0.02847972
v 0.00107500 -0.00390000 0.02813805
v 0.00186195 0.00710000 0.02892500
v 0.00152028 -0.00390000 0.02847972
v 0.00207674 0.00710000 0.02944354
v 0.00186195 -0.00390000 0.02892500
v 0.00215000 0.00710000 0.03000000
v 0.00207674 -0.00390000 0.02944354
v 0.00207674 0.00710000 0.03055646
v 0.00215000 -0.00390000 0.03000000
v 0.00186195 0.00710000 0.03107500
v 0.00207674 -0.00390000 0.03055646
v 0.00152028 0.00710000 0.03152028
v 0.00186195 -0.00390000 0.03107500
v 0.00107500 0.00710000 0.03186195
v 0.00152028 -0.00390000 0.03152028
v 0.00055646 0.00710000 0.03207674
v 0.00107500 -0.00390000 0.03186195
v 0.00055646 -0.00390000 0.03207674
v -0.00375000 0.00710000 0.03000000
v -0.00362222 0.00710000 0.03097057
v -0.00187500 0.00710000 0.03324759
v -0.00097057 0.00710000 0.03362222
v 0.00265165 0.00710000 0.03265165
v 0.00324760 0.00710000 0.03187500
v 0.00362222 0.00710000 0.03097057
v 0.00375000 0.00710000 0.03000000
v -0.00362222 0.00710000 0.02902943
v -0.00324760 0.00710000 0.03187500
v -0.00265165 0.00710000 0.03265165
v -0.00000000 0.00710000 0.03375000
v 0.00362222 0.00710000 0.02902943
v 0.00324760 0.00710000 0.02812500
v 0.00265165 0.00710000 0.02734835
v -0.00097057 0.00710000 0.02637778
v -0.00187500 0.00710000 0.02675240
v -0.00324760 0.00710000 0.02812500
v 0.00187500 0.00710000 0.02675240
v -0.00265165 0.00710000 0.02734835
v 0.00097057 0.00710000 0.03362222
v 0.00187500 0.00710000 0.03324759
v 0.00097057 0.00710000 0.02637778
v 0.00000000 0.00710000 0.02625000
v -0.00362222 0.01310000 0.02902943
v -0.00375000 0.01310000 0.03000000
v -0.00324760 0.01310000 0.02812500
v -0.00265165 0.01310000 0.02734835
v -0.00187500 0.01310000 0.02675240
v -0.00097057 0.01310000 0.02637778
v 0.00000000 0.01310000 0.02625000
v 0.00097057 0.01310000 0.02637778
v 0.00187500 0.01310000 0.02675240
v 0.00265165 0.01310000 0.02734835
v 0.00324760 0.01310000 0.02812500
v 0.00362222 0.01310000 0.02902943
v 0.00375000 0.01310000 0.03000000
v -0.00363088 0.01310000 0.03093767
v -0.00346391 0.01308207 0.03143660
v -0.00362222 0.01309992 0.03097057
v -0.00283935 0.01293860 0.03243778
v -0.00324760 0.01303732 0.03187500
v -0.00297341 0.01297137 0.03228502
v -0.00265165 0.01289273 0.03265165
v -0.00187500 0.01272480 0.03324759
v -0.00143771 0.01265141 0.03346345
v -0.00049169 0.01255615 0.03371762
v -0.00097057 0.01259304 0.03362222
v -0.00000050 0.01254332 0.03375000
v -0.00000000 0.01254333 0.03374997
v 0.00049097 0.01255611 0.03371772
v 0.00097057 0.01259304 0.03362222
v 0.00143767 0.01265141 0.03346347
v 0.00187500 0.01272480 0.03324759
v 0.00265165 0.01289273 0.03265165
v 0.00283935 0.01293860 0.03243778
v 0.00297334 0.01297135 0.03228511
v 0.00346381 0.01308205 0.03143685
v 0.00324760 0.01303732 0.03187500
v 0.00363088 0.01310000 0.03093767
v 0.00362010 0.01309884 0.03096986
v -0.00000000 0.01310000 -0.02625000
v -0.00097057 0.01310000 -0.02637778
v 0.00324760 0.01310000 -0.02812500
v 0.00265165 0.01310000 -0.02734835
v -0.00187500 0.01310000 -0.02675240
v 0.00097057 0.01310000 -0.02637778
v 0.01075000 0.01310000 -0.02923628
v 0.00375000 0.01310000 -0.03000000
v 0.00369376 0.01310000 -0.03093022
v -0.00265165 0.01310000 -0.02734835
v 0.00187500 0.01310000 -0.02675240
v 0.00362222 0.01310000 -0.02902943
v 0.00363088 0.01310000 -0.03093767
v -0.01075000 0.01310000 0.02923628
v -0.00369376 0.01310000 0.03093022
v 0.00369376 0.01310000 0.03093022
v -0.00375000 0.01310000 -0.03000000
v -0.00363088 0.01310000 -0.03093767
v -0.00369376 0.01310000 -0.03093022
v -0.00324760 0.01310000 -0.02812500
v -0.01075000 0.01310000 -0.02923628
v 0.01075000 0.01310000 0.02923628
v -0.00362222 0.01310000 -0.02902943
v -0.00000000 0.00710000 -0.02625000
v -0.00097057 0.00710000 -0.02637778
v -0.00187500 0.00710000 -0.02675240
v -0.00265165 0.00710000 -0.02734835
v -0.00324760 0.00710000 -0.02812500
v -0.00362222 0.00710000 -0.02902943
v 0.00375000 0.00710000 -0.03000000
v 0.00362222 0.00710000 -0.02902943
v 0.00324760 0.00710000 -0.02812500
v 0.00265165 0.00710000 -0.02734835
v 0.00187500 0.00710000 -0.02675240
v 0.00097057 0.00710000 -0.02637778
v 0.00362222 0.00710000 -0.03097057
v 0.00324760 0.00710000 -0.03187500
v 0.00346391 0.01308207 -0.03143660
v 0.00362222 0.01309992 -0.03097057
v 0.00265165 0.00710000 -0.03265165
v 0.00297341 0.01297137 -0.03228502
v 0.00324760 0.01303732 -0.03187500
v 0.00187500 0.00710000 -0.03324759
v 0.00260323 0.01288226 -0.03268881
v 0.00265165 0.01289273 -0.03265165
v 0.00097057 0.00710000 -0.03362222
v 0.00143771 0.01265141 -0.03346345
v 0.00187500 0.01272480 -0.03324759
v 0.00000000 0.00710000 -0.03375000
v 0.00049169 0.01255615 -0.03371762
v 0.00097057 0.01259304 -0.03362222
v 0.00000050 0.01254332 -0.03375000
v 0.00000000 0.01254333 -0.03374997
v -0.00049097 0.01255611 -0.03371772
v -0.00097057 0.00710000 -0.03362222
v -0.00097057 0.01259304 -0.03362222
v -0.00143767 0.01265141 -0.03346347
v -0.00187500 0.00710000 -0.03324759
v -0.00260323 0.01288226 -0.03268881
v -0.00265165 0.00710000 -0.03265165
v -0.00187500 0.01272480 -0.03324759
v -0.00297334 0.01297135 -0.03228511
v -0.00324760 0.00710000 -0.03187500
v -0.00265165 0.01289273 -0.03265165
v -0.00346381 0.01308205 -0.03143685
v -0.00362222 0.00710000 -0.03097057
v -0.00324760 0.01303732 -0.03187500
v -0.00375000 0.00710000 -0.03000000
v -0.00362010 0.01309884 -0.03096986
v -0.00215000 0.00710000 -0.03000000
v -0.00207674 0.00710000 -0.02944354
v 0.00215000 0.00710000 -0.03000000
v 0.00207674 0.00710000 -0.03055646
v -0.00107500 0.00710000 -0.03186195
v -0.00152028 0.00710000 -0.03152028
v -0.00186195 0.00710000 -0.03107500
v -0.00207674 0.00710000 -0.03055646
v -0.00186195 0.00710000 -0.02892500
v 0.00055646 0.00710000 -0.02792326
v 0.00107500 0.00710000 -0.02813805
v 0.00152028 0.00710000 -0.02847972
v 0.00186195 0.00710000 -0.02892500
v 0.00207674 0.00710000 -0.02944354
v 0.00186195 0.00710000 -0.03107500
v 0.00152028 0.00710000 -0.03152028
v -0.00152028 0.00710000 -0.02847972
v -0.00107500 0.00710000 -0.02813805
v -0.00055646 0.00710000 -0.02792326
v -0.00000000 0.00710000 -0.02785000
v 0.00107500 0.00710000 -0.03186195
v 0.00055646 0.00710000 -0.03207674
v 0.00000000 0.00710000 -0.03215000
v -0.00055646 0.00710000 -0.03207674
v 0.00000000 -0.00390000 -0.02785000
v -0.00055646 -0.00390000 -0.02792326
v -0.00107500 -0.00390000 -0.02813805
v -0.00152028 -0.00390000 -0.02847972
v -0.00186195 -0.00390000 -0.02892500
v -0.00207674 -0.00390000 -0.02944354
v -0.00215000 -0.00390000 -0.03000000
v -0.00207674 -0.00390000 -0.03055646
v -0.00186195 -0.00390000 -0.03107500
v -0.00152028 -0.00390000 -0.03152028
v -0.00107500 -0.00390000 -0.03186195
v -0.00055646 -0.00390000 -0.03207674
v 0.00000000 -0.00390000 -0.03215000
v 0.00055646 -0.00390000 -0.03207674
v 0.00107500 -0.00390000 -0.03186195
v 0.00152028 -0.00390000 -0.03152028
v 0.00186195 -0.00390000 -0.03107500
v 0.00207674 -0.00390000 -0.03055646
v 0.00215000 -0.00390000 -0.03000000
v 0.00207674 -0.00390000 -0.02944354
v 0.00186195 -0.00390000 -0.02892500
v 0.00152028 -0.00390000 -0.02847972
v 0.00107500 -0.00390000 -0.02813805
v 0.00055646 -0.00390000 -0.02792326
v -0.01125000 0.01260000 -0.02923628
v -0.01125000 0.01260000 0.02923628
v -0.01125000 0.01235363 -0.03099257
v -0.01125000 0.01047941 0.03395244
v -0.01125000 0.01231879 0.03098517
v -0.01125000 0.01255313 0.03002253
v -0.01125000 0.01047560 -0.03394998
v -0.01125000 0.00983598 -0.03448303
v -0.01125000 0.01162102 -0.03260300
v -0.01125000 0.01089452 -0.03360087
v -0.01125000 0.01181628 -0.03233480
v -0.01125000 0.01237783 -0.03093211
v -0.01125000 0.01164477 0.03262009
v -0.01125000 0.01166820 0.03259043
v -0.01125000 0.01076653 0.03373168
v -0.01125000 0.01218692 0.03152689
v -0.01125000 0.00960000 -0.03462859
v -0.01125000 0.00960000 0.03462859
v -0.01078677 0.01293583 0.03072247
v -0.01079583 0.01280328 0.03111675
v -0.01078576 0.01295062 0.03067848
v -0.01083423 0.01210500 0.03282071
v -0.01083542 0.01206052 0.03287747
v -0.01082081 0.01243769 0.03220427
v -0.01086556 0.01081386 0.03433765
v -0.01085948 0.01115496 0.03403315
v -0.01084550 0.01168081 0.03336206
v -0.01107264 0.00942264 0.03499082
v -0.01088539 0.00923539 0.03535562
v -0.01088241 0.00949030 0.03520157
v -0.01086952 0.01059180 0.03453589
v -0.01087113 0.01048632 -0.03461761
v -0.01086511 0.01079521 -0.03431899
v -0.01087775 0.00990503 -0.03496055
v -0.01107264 0.00942264 -0.03499082
v -0.01088539 0.00923539 -0.03535562
v -0.01083898 0.01196305 -0.03304353
v -0.01083525 0.01204893 -0.03287340
v -0.01084966 0.01158712 -0.03355343
v -0.01085696 0.01121309 -0.03391501
v -0.01080767 0.01268256 -0.03161822
v -0.01079636 0.01283773 -0.03112837
v -0.01082815 0.01221201 -0.03255035
v -0.01075519 0.01309709 -0.02943913
v -0.01079244 0.01287249 -0.03096438
v -0.01079492 0.01285755 -0.03106581
v -0.01075000 0.00910000 -0.03545528
v -0.01075000 0.00910000 0.03545528
v -0.00705000 0.00910000 -0.03637220
v -0.00705000 0.00910000 0.03637220
v -0.00705000 0.00838597 -0.03658476
v -0.00705000 0.00675000 0.03683134
v -0.00705000 0.00794720 0.03671539
v -0.00705000 0.00110000 0.03683134
v -0.00705000 0.00794720 -0.03671539
v -0.00705000 0.00815823 0.03665257
v -0.00705000 0.00675000 -0.03683134
v -0.00705000 0.00110000 -0.03683134
v -0.01075000 0.00110000 0.03592614
v -0.00842393 0.00110000 0.03654158
v -0.00842393 0.00110000 -0.03654158
v -0.01075000 0.00110000 -0.03592614
v -0.01125000 0.00060000 -0.03577272
v -0.01125000 0.00060000 0.03577272
v -0.01125000 -0.00190000 -0.03577272
v -0.01125000 -0.00190000 0.03577272
v -0.01725000 -0.00190000 0.03329696
v -0.01641727 -0.00190000 0.03371533
v -0.01641727 -0.00190000 -0.03371533
v -0.01725000 -0.00190000 -0.03329696
v -0.01725000 0.00060000 -0.03329696
v -0.01725000 0.00060000 0.03329696
v -0.01775000 0.00110000 -0.03303313
v -0.01775000 0.00110000 0.03303313
v -0.02105000 0.00110000 -0.03103462
v -0.02105000 0.00110000 0.03103462
v -0.02105000 0.00815852 0.03082327
v -0.02105000 0.00675000 -0.03103462
v -0.02105000 0.00795213 -0.03089577
v -0.02105000 0.00795974 0.03089399
v -0.02105000 0.00910000 0.03048831
v -0.02105000 0.00815836 -0.03082257
v -0.02105000 0.00675000 0.03103462
v -0.02105000 0.00910000 -0.03048831
v -0.02270062 0.01070916 0.02808822
v -0.02317615 0.00950516 0.02867661
v -0.01794746 0.01058727 0.03144855
v -0.01795349 0.01033978 0.03165050
v -0.01796005 0.00996789 0.03187424
v -0.01796849 0.00948950 0.03216206
v -0.02206861 0.01171463 0.02730621
v -0.01791084 0.01167368 0.03025600
v -0.01791676 0.01149813 0.03044870
v -0.01794373 0.01069790 0.03132711
v -0.01794077 0.01078581 0.03123062
v -0.02131182 0.01247115 0.02636980
v -0.01788937 0.01208068 0.02958566
v -0.01790894 0.01171248 0.03019600
v -0.01789346 0.01202751 0.02970891
v -0.02046818 0.01294079 0.02532594
v -0.01782238 0.01286989 0.02758783
v -0.01782448 0.01285364 0.02764853
v -0.01786281 0.01242558 0.02878606
v -0.01783772 0.01275135 0.02803082
v -0.01781010 0.01290891 0.02725043
v -0.01775000 0.01310000 0.02559805
v -0.02347136 0.00816301 0.02904187
v -0.02357143 0.00675000 0.02916569
v -0.01797536 0.00910000 0.03239639
v -0.01958000 0.01310000 0.02422697
v -0.01958000 0.01310000 -0.02422697
v -0.01775000 0.01310000 -0.02559805
v -0.01781067 0.01293286 -0.02725797
v -0.01781374 0.01292440 -0.02734198
v -0.02131182 0.01247115 -0.02636980
v -0.02046818 0.01294079 -0.02532594
v -0.01782389 0.01282671 -0.02763963
v -0.02206861 0.01171463 -0.02730621
v -0.01788944 0.01208498 -0.02958651
v -0.01789761 0.01195011 -0.02983828
v -0.01786353 0.01244508 -0.02880245
v -0.01787337 0.01235033 -0.02909117
v -0.02270062 0.01070916 -0.02808822
v -0.01791630 0.01148111 -0.03043791
v -0.01793678 0.01096728 -0.03109485
v -0.01794112 0.01079836 -0.03123968
v -0.01790798 0.01168992 -0.03017094
v -0.01795711 0.01017695 -0.03177250
v -0.02317615 0.00950516 -0.02867661
v -0.01794369 0.01069879 -0.03132506
v -0.01796050 0.00997682 -0.03188844
v -0.02347136 0.00816301 -0.02904187
v -0.01796870 0.00949302 -0.03216871
v -0.01797536 0.00910000 -0.03239639
v -0.02357143 0.00675000 -0.02916569
v -0.01775000 0.00910000 0.03224428
v -0.01775000 0.00910000 -0.03224428
v -0.01725000 0.00960000 0.03161707
v -0.01749440 0.00935560 0.03193959
v -0.01749440 0.00935560 -0.03193959
v -0.01725000 0.00960000 -0.03161707
v -0.01725000 0.00972750 0.03152454
v -0.01725000 0.01014077 0.03122460
v -0.01725000 0.01046920 0.03089789
v -0.01725000 0.01096479 0.03040493
v -0.01725000 0.01111693 0.03016563
v -0.01725000 0.01164169 0.02934021
v -0.01725000 0.01185926 0.02899799
v -0.01725000 0.01236246 0.02758229
v -0.01725000 0.01236841 0.02753263
v -0.01725000 0.01260000 0.02559805
v -0.01725000 0.01259615 -0.02585584
v -0.01725000 0.01234369 -0.02752871
v -0.01725000 0.01260000 -0.02559805
v -0.01725000 0.01229978 -0.02781973
v -0.01725000 0.01166498 -0.02935697
v -0.01725000 0.01163400 -0.02943198
v -0.01725000 0.01110490 -0.03015439
v -0.01725000 0.01071189 -0.03069098
v -0.01725000 0.01046866 -0.03089356
v -0.01725000 0.00972042 -0.03151677
v -0.02332911 0.01310000 0.01765165
v -0.02331746 0.01310000 0.01949307
v -0.02171347 0.01310000 0.02206903
v -0.02465000 0.01310000 0.01149407
v -0.02410576 0.01310000 0.01175240
v -0.02410576 0.01310000 -0.01175240
v -0.02332911 0.01310000 -0.01765165
v -0.02171347 0.01310000 -0.02206903
v -0.02388682 0.01310000 0.01811093
v -0.02332911 0.01310000 -0.01234835
v -0.02235854 0.01310000 0.01402943
v -0.02223076 0.01310000 -0.01500000
v -0.02235854 0.01310000 -0.01402943
v -0.02331746 0.01310000 -0.01949307
v -0.02223076 0.01310000 0.01500000
v -0.02465000 0.01310000 -0.01149407
v -0.02235854 0.01310000 -0.01597057
v -0.02273317 0.01310000 0.01687500
v -0.02273317 0.01310000 0.01312500
v -0.02332911 0.01310000 0.01234835
v -0.02273317 0.01310000 -0.01687500
v -0.02388682 0.01310000 -0.01811093
v -0.02235854 0.01310000 0.01597057
v -0.02273317 0.01310000 -0.01312500
v -0.02961463 0.01070916 0.01361066
v -0.02961463 0.01070916 -0.01361066
v -0.03037115 0.00950516 -0.01361066
v -0.03037115 0.00950516 0.01361066
v -0.03084079 0.00816301 -0.01361066
v -0.03084079 0.00816301 0.01361066
v -0.03100000 0.00675000 -0.01361066
v -0.02863241 0.01169600 0.01234835
v -0.02922836 0.01115013 -0.01312500
v -0.02860916 0.01171463 -0.01232530
v -0.02862906 0.01169649 -0.01235100
v -0.02860793 0.01171287 0.01232957
v -0.02946390 0.01089112 0.01361066
v -0.02922836 0.01115013 0.01312500
v -0.02740516 0.01247115 -0.01153105
v -0.02785576 0.01223139 -0.01175240
v -0.02785576 0.01223139 0.01175240
v -0.02740516 0.01247115 0.01153105
v -0.02651618 0.01281959 0.01128842
v -0.02651663 0.01281945 -0.01128849
v -0.02695133 0.01266831 -0.01137778
v -0.02606222 0.01293778 -0.01125585
v -0.02606301 0.01294079 0.01125090
v -0.02694387 0.01265195 0.01140515
v -0.02549129 0.01304402 0.01128208
v -0.02501019 0.01308978 0.01137778
v -0.02598105 0.01295559 0.01125537
v -0.02549319 0.01304377 -0.01128183
v -0.02598076 0.01295899 -0.01125000
v -0.02501019 0.01308978 -0.01137778
v -0.02946390 0.01089112 -0.01361066
v -0.03100000 0.00675000 0.01361066
v -0.03050578 0.00675000 -0.01802930
v -0.02904756 0.00675000 -0.02222957
v -0.02669739 0.00675000 -0.02600388
v -0.02960298 0.01071784 -0.01402943
v -0.02944268 0.01065331 -0.01644140
v -0.02960298 0.01053039 -0.01597057
v -0.02969861 0.01047477 -0.01548999
v -0.02973076 0.01048936 -0.01500000
v -0.02960877 0.01070909 -0.01405838
v -0.02969781 0.01057444 -0.01450396
v -0.02937428 0.01070874 -0.01657979
v -0.02922836 0.01082698 -0.01687500
v -0.02863241 0.01129015 -0.01765165
v -0.02866338 0.01126608 -0.01761130
v -0.02695133 0.01230852 -0.01862222
v -0.02785576 0.01181348 -0.01824760
v -0.02801058 0.01170916 -0.01812880
v -0.02550639 0.01285984 -0.01871988
v -0.02600281 0.01270352 -0.01874994
v -0.02598084 0.01271044 -0.01874861
v -0.02659602 0.01245649 -0.01867006
v -0.02454612 0.01305679 -0.01846472
v -0.02410576 0.01309500 -0.01824760
v -0.02519099 0.01293611 -0.01865780
v -0.02501019 0.01297982 -0.01862222
v -0.02459252 0.01294079 -0.02010200
v -0.02580365 0.01247115 -0.02068039
v -0.02689012 0.01171463 -0.02119925
v -0.02779743 0.01070916 -0.02163255
v -0.02989247 0.00950516 -0.01789037
v -0.02915465 0.01070916 -0.01772323
v -0.03035051 0.00816301 -0.01799413
v -0.02890389 0.00816301 -0.02216096
v -0.02848010 0.00950516 -0.02195857
v -0.02657243 0.00816301 -0.02590523
v -0.02620382 0.00950516 -0.02561421
v -0.02561005 0.01070916 -0.02514542
v -0.02482089 0.01171463 -0.02452237
v -0.02387591 0.01247115 -0.02377630
v -0.02282249 0.01294079 -0.02294462
v -0.03100000 -0.00390000 -0.01361066
v -0.02956538 -0.00390000 -0.02073803
v -0.02904756 -0.00390000 -0.02222957
v -0.02887917 -0.00390000 -0.02250000
v -0.02669739 -0.00390000 -0.02600388
v -0.02357143 -0.00390000 -0.02916569
v -0.03050578 -0.00390000 -0.01802930
v -0.02669739 0.00675000 0.02600388
v -0.02904756 0.00675000 0.02222957
v -0.03050578 0.00675000 0.01802930
v -0.02454613 0.01305679 0.01846473
v -0.02501019 0.01297982 0.01862222
v -0.02411375 0.01308513 0.01823271
v -0.02549532 0.01286292 0.01871845
v -0.02598076 0.01271121 0.01875000
v -0.02519094 0.01293627 0.01865807
v -0.02647646 0.01252193 0.01871709
v -0.02695133 0.01230852 0.01862222
v -0.02785576 0.01181348 0.01824760
v -0.02863241 0.01129015 0.01765165
v -0.02801058 0.01170916 0.01812880
v -0.02866338 0.01126608 0.01761130
v -0.02922836 0.01082698 0.01687500
v -0.02969787 0.01057433 0.01450444
v -0.02973076 0.01048936 0.01500000
v -0.02969864 0.01047476 0.01548980
v -0.02937426 0.01070874 0.01658000
v -0.02944192 0.01065392 0.01644321
v -0.02960298 0.01053039 0.01597057
v -0.02960877 0.01070909 0.01405838
v -0.02960298 0.01071784 0.01402943
v -0.02580365 0.01247115 0.02068039
v -0.02689012 0.01171463 0.02119925
v -0.02915465 0.01070916 0.01772323
v -0.02989247 0.00950516 0.01789037
v -0.02779743 0.01070916 0.02163255
v -0.02459252 0.01294079 0.02010200
v -0.03035051 0.00816301 0.01799413
v -0.02890389 0.00816301 0.02216096
v -0.02848010 0.00950516 0.02195857
v -0.02657243 0.00816301 0.02590523
v -0.02620382 0.00950516 0.02561421
v -0.02561005 0.01070916 0.02514542
v -0.02482089 0.01171463 0.02452237
v -0.02387591 0.01247115 0.02377630
v -0.02282249 0.01294079 0.02294462
v -0.03100000 -0.00390000 0.00000000
v -0.03100000 -0.00390000 0.01361066
v -0.02357143 -0.00390000 0.02916569
v -0.02887917 -0.00390000 0.02250000
v -0.02904756 -0.00390000 0.02222957
v -0.02956538 -0.00390000 0.02073803
v -0.03050578 -0.00390000 0.01802930
v -0.02669739 -0.00390000 0.02600388
v -0.02332911 0.00710000 -0.01765165
v -0.02273317 0.00710000 -0.01687500
v -0.02235854 0.00710000 -0.01597057
v -0.02223076 0.00710000 -0.01500000
v -0.02235854 0.00710000 -0.01402943
v -0.02273317 0.00710000 -0.01312500
v -0.02332911 0.00710000 -0.01234835
v -0.02922836 0.00710000 -0.01312500
v -0.02785576 0.00710000 -0.01175240
v -0.02863241 0.00710000 -0.01234835
v -0.02695133 0.00710000 -0.01137778
v -0.02598076 0.00710000 -0.01125000
v -0.02501019 0.00710000 -0.01137778
v -0.02410576 0.00710000 -0.01175240
v -0.02410576 0.00710000 -0.01824760
v -0.02501019 0.00710000 -0.01862222
v -0.02598076 0.00710000 -0.01875000
v -0.02695133 0.00710000 -0.01862222
v -0.02863241 0.00710000 -0.01765165
v -0.02785576 0.00710000 -0.01824760
v -0.02922836 0.00710000 -0.01687500
v -0.02960298 0.00710000 -0.01597057
v -0.02973076 0.00710000 -0.01500000
v -0.02960298 0.00710000 -0.01402943
v -0.02410576 0.00710000 0.01175240
v -0.02332911 0.00710000 0.01234835
v -0.02273317 0.00710000 0.01312500
v -0.02235854 0.00710000 0.01402943
v -0.02223076 0.00710000 0.01500000
v -0.02235854 0.00710000 0.01597057
v -0.02273317 0.00710000 0.01687500
v -0.02973076 0.00710000 0.01500000
v -0.02960298 0.00710000 0.01402943
v -0.02960298 0.00710000 0.01597057
v -0.02922836 0.00710000 0.01687500
v -0.02863241 0.00710000 0.01765165
v -0.02785576 0.00710000 0.01824760
v -0.02598076 0.00710000 0.01875000
v -0.02695133 0.00710000 0.01862222
v -0.02501019 0.00710000 0.01862222
v -0.02410576 0.00710000 0.01824760
v -0.02332911 0.00710000 0.01765165
v -0.02501019 0.00710000 0.01137778
v -0.02598076 0.00710000 0.01125000
v -0.02695133 0.00710000 0.01137778
v -0.02785576 0.00710000 0.01175240
v -0.02863241 0.00710000 0.01234835
v -0.02922836 0.00710000 0.01312500
v -0.02446048 0.00710000 0.01652028
v -0.02411881 0.00710000 0.01607500
v -0.02490576 0.00710000 0.01686195
v -0.02446048 0.00710000 0.01347972
v -0.02490576 0.00710000 0.01313805
v -0.02390402 0.00710000 0.01555646
v -0.02383076 0.00710000 0.01500000
v -0.02390402 0.00710000 0.01444354
v -0.02542430 0.00710000 0.01292326
v -0.02598076 0.00710000 0.01285000
v -0.02653722 0.00710000 0.01292326
v -0.02705576 0.00710000 0.01313805
v -0.02750104 0.00710000 0.01347972
v -0.02805750 0.00710000 0.01444354
v -0.02813076 0.00710000 0.01500000
v -0.02411881 0.00710000 0.01392500
v -0.02784272 0.00710000 0.01392500
v -0.02750104 0.00710000 0.01652028
v -0.02705576 0.00710000 0.01686195
v -0.02805750 0.00710000 0.01555646
v -0.02784272 0.00710000 0.01607500
v -0.02653722 0.00710000 0.01707674
v -0.02598076 0.00710000 0.01715000
v -0.02542430 0.00710000 0.01707674
v -0.02598076 -0.00390000 0.01715000
v -0.02653722 -0.00390000 0.01707674
v -0.02705576 -0.00390000 0.01686195
v -0.02750104 -0.00390000 0.01652028
v -0.02784272 -0.00390000 0.01607500
v -0.02805750 -0.00390000 0.01555646
v -0.02813076 -0.00390000 0.01500000
v -0.02805750 -0.00390000 0.01444354
v -0.02784272 -0.00390000 0.01392500
v -0.02750104 -0.00390000 0.01347972
v -0.02705576 -0.00390000 0.01313805
v -0.02653722 -0.00390000 0.01292326
v -0.02598076 -0.00390000 0.01285000
v -0.02542430 -0.00390000 0.01292326
v -0.02490576 -0.00390000 0.01313805
v -0.02446048 -0.00390000 0.01347972
v -0.02411881 -0.00390000 0.01392500
v -0.02390402 -0.00390000 0.01444354
v -0.02383076 -0.00390000 0.01500000
v -0.02390402 -0.00390000 0.01555646
v -0.02411881 -0.00390000 0.01607500
v -0.02446048 -0.00390000 0.01652028
v -0.02490576 -0.00390000 0.01686195
v -0.02542430 -0.00390000 0.01707674
v -0.02446048 0.00710000 -0.01347972
v -0.02411881 0.00710000 -0.01392500
v -0.02598076 0.00710000 -0.01715000
v -0.02653722 0.00710000 -0.01707674
v -0.02705576 0.00710000 -0.01686195
v -0.02750104 0.00710000 -0.01652028
v -0.02490576 0.00710000 -0.01313805
v -0.02446048 0.00710000 -0.01652028
v -0.02490576 0.00710000 -0.01686195
v -0.02390402 0.00710000 -0.01444354
v -0.02383076 0.00710000 -0.01500000
v -0.02390402 0.00710000 -0.01555646
v -0.02411881 0.00710000 -0.01607500
v -0.02542430 0.00710000 -0.01707674
v -0.02542430 0.00710000 -0.01292326
v -0.02784272 0.00710000 -0.01607500
v -0.02805750 0.00710000 -0.01555646
v -0.02813076 0.00710000 -0.01500000
v -0.02805750 0.00710000 -0.01444354
v -0.02784272 0.00710000 -0.01392500
v -0.02750104 0.00710000 -0.01347972
v -0.02705576 0.00710000 -0.01313805
v -0.02653722 0.00710000 -0.01292326
v -0.02598076 0.00710000 -0.01285000
v -0.02598076 -0.00390000 -0.01285000
v -0.02653722 -0.00390000 -0.01292326
v -0.02705576 -0.00390000 -0.01313805
v -0.02750104 -0.00390000 -0.01347972
v -0.02784272 -0.00390000 -0.01392500
v -0.02805750 -0.00390000 -0.01444354
v -0.02813076 -0.00390000 -0.01500000
v -0.02805750 -0.00390000 -0.01555646
v -0.02784272 -0.00390000 -0.01607500
v -0.02750104 -0.00390000 -0.01652028
v -0.02705576 -0.00390000 -0.01686195
v -0.02653722 -0.00390000 -0.01707674
v -0.02598076 -0.00390000 -0.01715000
v -0.02542430 -0.00390000 -0.01707674
v -0.02490576 -0.00390000 -0.01686195
v -0.02446048 -0.00390000 -0.01652028
v -0.02411881 -0.00390000 -0.01607500
v -0.02390402 -0.00390000 -0.01555646
v -0.02383076 -0.00390000 -0.01500000
v -0.02390402 -0.00390000 -0.01444354
v -0.02411881 -0.00390000 -0.01392500
v -0.02446048 -0.00390000 -0.01347972
v -0.02490576 -0.00390000 -0.01313805
v -0.02542430 -0.00390000 -0.01292326
v 0.01125000 0.01260000 0.02923628
v 0.01125000 0.01260000 -0.02923628
v 0.01125000 0.01235363 0.03099257
v 0.01125000 0.00960000 -0.03462859
v 0.01125000 0.01231879 -0.03098517
v 0.01125000 0.01164477 -0.03262009
v 0.01125000 0.01166820 -0.03259043
v 0.01125000 0.01047941 -0.03395244
v 0.01125000 0.01076653 -0.03373168
v 0.01125000 0.01162102 0.03260300
v 0.01125000 0.01089452 0.03360087
v 0.01125000 0.01181628 0.03233480
v 0.01125000 0.01255313 -0.03002253
v 0.01125000 0.01047560 0.03394998
v 0.01125000 0.00983598 0.03448303
v 0.01125000 0.01218692 -0.03152689
v 0.01125000 0.01237783 0.03093211
v 0.01125000 0.00960000 0.03462859
v 0.01079214 0.01285731 -0.03095605
v 0.01079583 0.01280328 -0.03111675
v 0.01078576 0.01295062 -0.03067848
v 0.01083423 0.01210500 -0.03282071
v 0.01083542 0.01206052 -0.03287747
v 0.01082081 0.01243769 -0.03220427
v 0.01086556 0.01081386 -0.03433765
v 0.01085948 0.01115496 -0.03403315
v 0.01085748 0.01123015 -0.03393719
v 0.01087760 0.00990068 -0.03495356
v 0.01107264 0.00942264 -0.03499082
v 0.01086952 0.01059180 -0.03453589
v 0.01088539 0.00923539 -0.03535562
v 0.01086511 0.01079521 0.03431899
v 0.01087113 0.01048632 0.03461761
v 0.01107264 0.00942264 0.03499082
v 0.01088246 0.00949206 0.03520419
v 0.01088539 0.00923539 0.03535562
v 0.01084619 0.01170946 0.03338749
v 0.01083525 0.01204893 0.03287340
v 0.01083898 0.01196305 0.03304353
v 0.01084966 0.01158712 0.03355343
v 0.01080767 0.01268256 0.03161822
v 0.01079636 0.01283773 0.03112837
v 0.01081849 0.01243386 0.03211087
v 0.01075519 0.01309709 0.02943913
v 0.01078642 0.01290877 0.03071795
v 0.01079492 0.01285755 0.03106581
v 0.01075000 0.00910000 0.03545528
v 0.01075000 0.00910000 -0.03545528
v 0.00444674 0.00675000 -0.03723542
v -0.00000000 0.00675000 -0.03723542
v 0.00705000 0.00910000 -0.03637220
v 0.00705000 0.00794720 -0.03671539
v 0.00705000 0.00838597 -0.03658476
v -0.00444674 0.00675000 -0.03723542
v 0.00705000 0.00675000 -0.03683134
v -0.00388864 0.01288363 -0.03256213
v -0.00407025 0.01224926 -0.03408282
v -0.00422620 0.01124013 -0.03538867
v -0.00434586 0.00992500 -0.03639068
v -0.00442108 0.00839350 -0.03702058
v 0.00442108 0.00839350 -0.03702058
v 0.00434586 0.00992500 -0.03639068
v 0.00422620 0.01124013 -0.03538867
v 0.00407025 0.01224926 -0.03408282
v 0.00388864 0.01288363 -0.03256213
v -0.00444674 0.00675000 0.03723542
v -0.00000000 0.00675000 0.03723542
v 0.00705000 0.00675000 0.03683134
v 0.00705000 0.00794720 0.03671539
v 0.00444674 0.00675000 0.03723542
v 0.00705000 0.00910000 0.03637220
v 0.00705000 0.00815823 0.03665257
v -0.00000000 0.01247115 0.03390516
v -0.00402046 0.01247115 0.03366594
v -0.00416323 0.01171463 0.03486145
v 0.00386131 0.01294079 0.03233326
v 0.00402046 0.01247115 0.03366594
v 0.00416323 0.01171463 0.03486145
v 0.00428246 0.01070916 0.03585982
v 0.00437217 0.00950516 0.03661101
v 0.00442786 0.00816301 0.03707733
v -0.00442786 0.00816301 0.03707733
v -0.00437217 0.00950516 0.03661101
v -0.00428246 0.01070916 0.03585982
v -0.00386131 0.01294079 0.03233326
v 0.00705000 0.00110000 -0.03683134
v 0.00705000 0.00110000 0.03683134
v 0.01075000 0.00110000 -0.03592614
v 0.00842393 0.00110000 -0.03654158
v 0.00842393 0.00110000 0.03654158
v 0.01075000 0.00110000 0.03592614
v 0.01125000 0.00060000 0.03577272
v 0.01125000 0.00060000 -0.03577272
v 0.01125000 -0.00190000 0.03577272
v 0.01125000 -0.00190000 -0.03577272
v 0.01641727 -0.00190000 -0.03371533
v 0.01641727 -0.00190000 0.03371533
v 0.01725000 -0.00190000 0.03329696
v 0.01725000 -0.00190000 -0.03329696
v 0.01725000 0.00060000 0.03329696
v 0.01725000 0.00060000 -0.03329696
v 0.01775000 0.00110000 0.03303313
v 0.01775000 0.00110000 -0.03303313
v 0.02105000 0.00110000 0.03103462
v 0.02105000 0.00110000 -0.03103462
v 0.00842393 -0.00390000 -0.03654158
v -0.00000000 -0.00390000 -0.03750000
v 0.01641727 -0.00390000 -0.03371533
v 0.01299038 -0.00390000 -0.03492700
v 0.02357143 0.00675000 -0.02916569
v 0.02357143 -0.00390000 -0.02916569
v -0.01641727 -0.00390000 -0.03371533
v -0.00842393 -0.00390000 -0.03654158
v -0.01299038 -0.00390000 -0.03492700
v 0.02105000 0.00675000 -0.03103462
v -0.00000000 -0.00390000 0.03750000
v 0.00842393 -0.00390000 0.03654158
v -0.00842393 -0.00390000 0.03654158
v -0.01327885 -0.00390000 0.03482500
v -0.01299038 -0.00390000 0.03492700
v -0.01641727 -0.00390000 0.03371533
v 0.01641727 -0.00390000 0.03371533
v 0.02357143 -0.00390000 0.02916569
v 0.02105000 0.00675000 0.03103462
v 0.02357143 0.00675000 0.02916569
v 0.01327885 -0.00390000 0.03482500
v 0.01299038 -0.00390000 0.03492700
v 0.02105000 0.00838609 0.03074173
v 0.02105000 0.00815852 -0.03082327
v 0.02105000 0.00795974 -0.03089399
v 0.02105000 0.00910000 -0.03048831
v 0.02105000 0.00795213 0.03089577
v 0.02105000 0.00910000 0.03048831
v 0.03100000 -0.00390000 0.01361066
v 0.03100000 0.00675000 0.01361066
v 0.03050578 0.00675000 0.01802930
v 0.03050578 -0.00390000 0.01802930
v 0.02904756 0.00675000 0.02222957
v 0.02887917 -0.00390000 0.02250000
v 0.02669739 0.00675000 0.02600388
v 0.02669739 -0.00390000 0.02600388
v 0.02904756 -0.00390000 0.02222957
v 0.03100000 0.00675000 -0.01361066
v 0.03100000 -0.00390000 0.00000000
v 0.03100000 -0.00390000 -0.01361066
v 0.02669739 0.00675000 -0.02600388
v 0.02904756 0.00675000 -0.02222957
v 0.02887917 -0.00390000 -0.02250000
v 0.02904756 -0.00390000 -0.02222957
v 0.03050578 0.00675000 -0.01802930
v 0.03050578 -0.00390000 -0.01802930
v 0.02669739 -0.00390000 -0.02600388
v 0.02813076 -0.00390000 -0.01500000
v 0.02383076 -0.00390000 -0.01500000
v 0.02805750 -0.00390000 -0.01444354
v 0.02750104 -0.00390000 -0.01347972
v 0.02390402 -0.00390000 -0.01444354
v 0.02411881 -0.00390000 -0.01392500
v 0.02390402 -0.00390000 -0.01555646
v 0.02805750 -0.00390000 -0.01555646
v 0.02705576 -0.00390000 -0.01313805
v 0.02446048 -0.00390000 -0.01347972
v 0.02490576 -0.00390000 -0.01313805
v 0.02542430 -0.00390000 -0.01707674
v 0.02490576 -0.00390000 -0.01686195
v 0.02784272 -0.00390000 -0.01392500
v 0.02653722 -0.00390000 -0.01292326
v 0.02542430 -0.00390000 -0.01292326
v 0.02598076 -0.00390000 -0.01285000
v 0.02446048 -0.00390000 -0.01652028
v 0.02411881 -0.00390000 -0.01607500
v 0.02705576 -0.00390000 -0.01686195
v 0.02653722 -0.00390000 -0.01707674
v 0.02750104 -0.00390000 -0.01652028
v 0.02598076 -0.00390000 -0.01715000
v 0.02784272 -0.00390000 -0.01607500
v 0.02805750 -0.00390000 0.01555646
v 0.02813076 -0.00390000 0.01500000
v 0.02784272 -0.00390000 0.01392500
v 0.02750104 -0.00390000 0.01347972
v 0.02805750 -0.00390000 0.01444354
v 0.02705576 -0.00390000 0.01686195
v 0.02750104 -0.00390000 0.01652028
v 0.02784272 -0.00390000 0.01607500
v 0.02653722 -0.00390000 0.01707674
v 0.02542430 -0.00390000 0.01707674
v 0.02598076 -0.00390000 0.01715000
v 0.02390402 -0.00390000 0.01444354
v 0.02383076 -0.00390000 0.01500000
v 0.02705576 -0.00390000 0.01313805
v 0.02490576 -0.00390000 0.01686195
v 0.02390402 -0.00390000 0.01555646
v 0.02411881 -0.00390000 0.01607500
v 0.02653722 -0.00390000 0.01292326
v 0.02446048 -0.00390000 0.01652028
v 0.02542430 -0.00390000 0.01292326
v 0.02490576 -0.00390000 0.01313805
v 0.02598076 -0.00390000 0.01285000
v 0.02446048 -0.00390000 0.01347972
v 0.02411881 -0.00390000 0.01392500
v 0.01299038 -0.00390000 0.02250000
v -0.01299038 -0.00390000 -0.02250000
v -0.02956538 -0.00390000 0.00000000
v -0.01299038 -0.00390000 0.00000000
v -0.01299038 -0.00390000 0.02250000
v -0.01299038 -0.00390000 0.03482500
v 0.01299038 -0.00390000 0.03482500
v 0.01299038 -0.00390000 0.00000000
v 0.01299038 -0.00390000 -0.02250000
v 0.02542430 0.00710000 0.01707674
v 0.02598076 0.00710000 0.01715000
v 0.02490576 0.00710000 0.01686195
v 0.02446048 0.00710000 0.01652028
v 0.02411881 0.00710000 0.01607500
v 0.02390402 0.00710000 0.01555646
v 0.02383076 0.00710000 0.01500000
v 0.02390402 0.00710000 0.01444354
v 0.02411881 0.00710000 0.01392500
v 0.02446048 0.00710000 0.01347972
v 0.02490576 0.00710000 0.01313805
v 0.02542430 0.00710000 0.01292326
v 0.02598076 0.00710000 0.01285000
v 0.02653722 0.00710000 0.01292326
v 0.02705576 0.00710000 0.01313805
v 0.02750104 0.00710000 0.01347972
v 0.02784272 0.00710000 0.01392500
v 0.02805750 0.00710000 0.01444354
v 0.02813076 0.00710000 0.01500000
v 0.02805750 0.00710000 0.01555646
v 0.02784272 0.00710000 0.01607500
v 0.02750104 0.00710000 0.01652028
v 0.02705576 0.00710000 0.01686195
v 0.02653722 0.00710000 0.01707674
v 0.02542430 0.00710000 -0.01292326
v 0.02598076 0.00710000 -0.01285000
v 0.02490576 0.00710000 -0.01313805
v 0.02446048 0.00710000 -0.01347972
v 0.02411881 0.00710000 -0.01392500
v 0.02390402 0.00710000 -0.01444354
v 0.02383076 0.00710000 -0.01500000
v 0.02390402 0.00710000 -0.01555646
v 0.02411881 0.00710000 -0.01607500
v 0.02446048 0.00710000 -0.01652028
v 0.02490576 0.00710000 -0.01686195
v 0.02542430 0.00710000 -0.01707674
v 0.02598076 0.00710000 -0.01715000
v 0.02653722 0.00710000 -0.01707674
v 0.02705576 0.00710000 -0.01686195
v 0.02750104 0.00710000 -0.01652028
v 0.02784272 0.00710000 -0.01607500
v 0.02805750 0.00710000 -0.01555646
v 0.02813076 0.00710000 -0.01500000
v 0.02805750 0.00710000 -0.01444354
v 0.02784272 0.00710000 -0.01392500
v 0.02750104 0.00710000 -0.01347972
v 0.02705576 0.00710000 -0.01313805
v 0.02653722 0.00710000 -0.01292326
v 0.02695133 0.00710000 -0.01862222
v 0.02598076 0.00710000 -0.01875000
v 0.02960298 0.00710000 -0.01402943
v 0.02973076 0.00710000 -0.01500000
v 0.02785576 0.00710000 -0.01824760
v 0.02501019 0.00710000 -0.01862222
v 0.02410576 0.00710000 -0.01824760
v 0.02785576 0.00710000 -0.01175240
v 0.02863241 0.00710000 -0.01234835
v 0.02960298 0.00710000 -0.01597057
v 0.02922836 0.00710000 -0.01687500
v 0.02863241 0.00710000 -0.01765165
v 0.02332911 0.00710000 -0.01765165
v 0.02235854 0.00710000 -0.01597057
v 0.02223076 0.00710000 -0.01500000
v 0.02235854 0.00710000 -0.01402943
v 0.02273317 0.00710000 -0.01312500
v 0.02695133 0.00710000 -0.01137778
v 0.02922836 0.00710000 -0.01312500
v 0.02273317 0.00710000 -0.01687500
v 0.02332911 0.00710000 -0.01234835
v 0.02410576 0.00710000 -0.01175240
v 0.02501019 0.00710000 -0.01137778
v 0.02598076 0.00710000 -0.01125000
v 0.02171347 0.01310000 -0.02206903
v 0.02046599 0.01291443 -0.02532324
v 0.02061306 0.01288363 -0.02550521
v 0.02331746 0.01310000 -0.01949307
v 0.02130115 0.01243019 -0.02635661
v 0.02157571 0.01224926 -0.02669633
v 0.02204825 0.01167241 -0.02728102
v 0.02240237 0.01124013 -0.02771918
v 0.02267409 0.01067676 -0.02805538
v 0.02303668 0.00992500 -0.02850403
v 0.02315041 0.00948820 -0.02864475
v 0.02343542 0.00839350 -0.02899741
v 0.03033019 0.00948820 -0.01361066
v 0.03014926 0.00992500 -0.01361066
v 0.02345479 0.00815954 -0.02902137
v 0.03081443 0.00815954 -0.01361066
v 0.03078363 0.00839350 -0.01361066
v 0.02454613 0.01305679 -0.01846473
v 0.02501019 0.01297982 -0.01862222
v 0.02388682 0.01310000 -0.01811093
v 0.02411375 0.01308513 -0.01823271
v 0.02598083 0.01271057 -0.01874885
v 0.02550439 0.01286040 -0.01871962
v 0.02542002 0.01288079 -0.01870299
v 0.02599891 0.01270489 -0.01874996
v 0.02695133 0.01230852 -0.01862222
v 0.02863241 0.01129015 -0.01765165
v 0.02707033 0.01224339 -0.01857293
v 0.02785576 0.01181348 -0.01824760
v 0.02960298 0.01071784 -0.01402943
v 0.02946390 0.01089112 -0.01361066
v 0.02960023 0.01069894 -0.01361066
v 0.02969787 0.01057433 -0.01450444
v 0.02973076 0.01048936 -0.01500000
v 0.02969864 0.01047476 -0.01548980
v 0.02922836 0.01082698 -0.01687500
v 0.02944192 0.01065392 -0.01644321
v 0.02960298 0.01053039 -0.01597057
v 0.02869905 0.01123836 -0.01756481
v 0.02866338 0.01126608 -0.01761130
v 0.01958000 0.01310000 -0.02422697
v 0.02967607 0.00992500 -0.01784135
v 0.02869187 0.01124013 -0.01761840
v 0.02736925 0.01124013 -0.02142807
v 0.02618251 0.01224926 -0.02086132
v 0.02480052 0.01288363 -0.02020133
v 0.03029476 0.00839350 -0.01798150
v 0.02652756 0.00839350 -0.02586981
v 0.02602967 0.00992500 -0.02547671
v 0.02885231 0.00839350 -0.02213633
v 0.02827987 0.00992500 -0.02186295
v 0.02523763 0.01124013 -0.02485139
v 0.02420543 0.01224926 -0.02403646
v 0.02300340 0.01288363 -0.02308745
v 0.02332911 0.01310000 -0.01234835
v 0.02410576 0.01310000 -0.01175240
v 0.02273317 0.01310000 -0.01312500
v 0.02235854 0.01310000 -0.01402943
v 0.02223076 0.01310000 -0.01500000
v 0.02235854 0.01310000 -0.01597057
v 0.02273317 0.01310000 -0.01687500
v 0.02332911 0.01310000 -0.01765165
v 0.02465000 0.01310000 -0.01149407
v 0.02549129 0.01304402 -0.01128208
v 0.02501019 0.01308978 -0.01137778
v 0.02651618 0.01281959 -0.01128842
v 0.02606301 0.01294079 -0.01125090
v 0.02598105 0.01295559 -0.01125537
v 0.02740516 0.01247115 -0.01153105
v 0.02694387 0.01265195 -0.01140515
v 0.02860793 0.01171287 -0.01232957
v 0.02785576 0.01223139 -0.01175240
v 0.02863241 0.01169600 -0.01234835
v 0.02922836 0.01115013 -0.01312500
v 0.01775000 0.01310000 0.02559805
v 0.01781374 0.01292440 0.02734198
v 0.02046818 0.01294079 0.02532594
v 0.01958000 0.01310000 0.02422697
v 0.01781979 0.01286618 0.02751937
v 0.02060845 0.01286270 0.02549951
v 0.02156385 0.01221921 0.02668165
v 0.01782389 0.01282671 0.02763963
v 0.01787337 0.01235033 0.02909117
v 0.02131182 0.01247115 0.02636980
v 0.02238462 0.01121190 0.02769722
v 0.01788944 0.01208498 0.02958651
v 0.01789761 0.01195011 0.02983828
v 0.01787996 0.01224163 0.02929408
v 0.02206861 0.01171463 0.02730621
v 0.01791630 0.01148111 0.03043791
v 0.02301779 0.00990612 0.02848066
v 0.01794112 0.01079836 0.03123968
v 0.01795711 0.01017695 0.03177250
v 0.01796050 0.00997682 0.03188844
v 0.01793678 0.01096728 0.03109485
v 0.02270062 0.01070916 0.02808822
v 0.01792686 0.01121624 0.03077655
v 0.02317615 0.00950516 0.02867661
v 0.02342227 0.00838618 0.02898114
v 0.01797536 0.00910000 0.03239639
v 0.01796154 0.00991534 0.03192405
v 0.02347136 0.00816301 0.02904187
v 0.01794746 0.01058727 -0.03144855
v 0.01795349 0.01033978 -0.03165050
v 0.01796005 0.00996789 -0.03187424
v 0.01794373 0.01069790 -0.03132711
v 0.01796849 0.00948950 -0.03216206
v 0.01791084 0.01167368 -0.03025600
v 0.01791676 0.01149813 -0.03044870
v 0.01790894 0.01171248 -0.03019600
v 0.01794077 0.01078581 -0.03123062
v 0.01788937 0.01208068 -0.02958566
v 0.01786281 0.01242558 -0.02878606
v 0.01789346 0.01202751 -0.02970891
v 0.01782238 0.01286989 -0.02758783
v 0.01782448 0.01285364 -0.02764853
v 0.01781010 0.01290891 -0.02725043
v 0.01783772 0.01275135 -0.02803082
v 0.01775000 0.01310000 -0.02559805
v 0.01797536 0.00910000 -0.03239639
v 0.02961463 0.01070916 0.01361066
v 0.03037115 0.00950516 0.01361066
v 0.03084079 0.00816301 0.01361066
v 0.02465000 0.01310000 0.01149407
v 0.02598100 0.01295589 0.01125490
v 0.02606301 0.01294079 0.01125090
v 0.02553407 0.01303816 0.01127670
v 0.02501019 0.01308978 0.01137778
v 0.02651663 0.01281945 0.01128849
v 0.02695133 0.01266831 0.01137778
v 0.02740516 0.01247115 0.01153105
v 0.02785576 0.01223139 0.01175240
v 0.02860916 0.01171463 0.01232530
v 0.02922836 0.01115013 0.01312500
v 0.02862906 0.01169649 0.01235100
v 0.02946390 0.01089112 0.01361066
v 0.02331746 0.01310000 0.01949307
v 0.02171347 0.01310000 0.02206903
v 0.02960298 0.01071784 0.01402943
v 0.02944268 0.01065331 0.01644140
v 0.02960298 0.01053039 0.01597057
v 0.02969861 0.01047477 0.01548999
v 0.02973076 0.01048936 0.01500000
v 0.02960877 0.01070909 0.01405838
v 0.02969781 0.01057444 0.01450396
v 0.02937428 0.01070874 0.01657979
v 0.02922836 0.01082698 0.01687500
v 0.02863241 0.01129015 0.01765165
v 0.02866338 0.01126608 0.01761130
v 0.02695133 0.01230852 0.01862222
v 0.02785576 0.01181348 0.01824760
v 0.02801058 0.01170916 0.01812880
v 0.02549536 0.01286291 0.01871845
v 0.02647676 0.01252181 0.01871705
v 0.02598076 0.01271121 0.01875000
v 0.02454612 0.01305679 0.01846472
v 0.02410576 0.01309500 0.01824760
v 0.02519094 0.01293627 0.01865807
v 0.02501019 0.01297982 0.01862222
v 0.02388682 0.01310000 0.01811093
v 0.02459252 0.01294079 0.02010200
v 0.02580365 0.01247115 0.02068039
v 0.02689012 0.01171463 0.02119925
v 0.02779743 0.01070916 0.02163255
v 0.02989247 0.00950516 0.01789037
v 0.02915465 0.01070916 0.01772323
v 0.02657243 0.00816301 0.02590523
v 0.02620382 0.00950516 0.02561421
v 0.03035051 0.00816301 0.01799413
v 0.02561005 0.01070916 0.02514542
v 0.02890389 0.00816301 0.02216096
v 0.02848010 0.00950516 0.02195857
v 0.02482089 0.01171463 0.02452237
v 0.02387591 0.01247115 0.02377630
v 0.02282249 0.01294079 0.02294462
v 0.02273317 0.01310000 0.01687500
v 0.02332911 0.01310000 0.01765165
v 0.02332911 0.00710000 0.01765165
v 0.02235854 0.01310000 0.01597057
v 0.02273317 0.00710000 0.01687500
v 0.02223076 0.01310000 0.01500000
v 0.02235854 0.00710000 0.01597057
v 0.02235854 0.01310000 0.01402943
v 0.02223076 0.00710000 0.01500000
v 0.02273317 0.01310000 0.01312500
v 0.02235854 0.00710000 0.01402943
v 0.02332911 0.01310000 0.01234835
v 0.02273317 0.00710000 0.01312500
v 0.02410576 0.01310000 0.01175240
v 0.02332911 0.00710000 0.01234835
v 0.02410576 0.00710000 0.01824760
v 0.02501019 0.00710000 0.01862222
v 0.02598076 0.00710000 0.01875000
v 0.02695133 0.00710000 0.01862222
v 0.02863241 0.00710000 0.01765165
v 0.02785576 0.00710000 0.01824760
v 0.02922836 0.00710000 0.01687500
v 0.02960298 0.00710000 0.01597057
v 0.02973076 0.00710000 0.01500000
v 0.02960298 0.00710000 0.01402943
v 0.02922836 0.00710000 0.01312500
v 0.02785576 0.00710000 0.01175240
v 0.02863241 0.00710000 0.01234835
v 0.02695133 0.00710000 0.01137778
v 0.02598076 0.00710000 0.01125000
v 0.02501019 0.00710000 0.01137778
v 0.02410576 0.00710000 0.01175240
v 0.01775000 0.00910000 -0.03224428
v 0.01775000 0.00910000 0.03224428
v 0.01725000 0.00972750 -0.03152454
v 0.01749440 0.00935560 -0.03193959
v 0.01725000 0.01014077 -0.03122460
v 0.01725000 0.01046920 -0.03089789
v 0.01725000 0.01096479 -0.03040493
v 0.01725000 0.01111693 -0.03016563
v 0.01725000 0.01164169 -0.02934021
v 0.01725000 0.01185926 -0.02899799
v 0.01725000 0.01236246 -0.02758229
v 0.01725000 0.01236841 -0.02753263
v 0.01725000 0.01260000 -0.02559805
v 0.01725000 0.00960000 -0.03161707
v 0.01725000 0.01259615 0.02585584
v 0.01725000 0.01234369 0.02752871
v 0.01725000 0.01260000 0.02559805
v 0.01725000 0.01229978 0.02781973
v 0.01725000 0.01166498 0.02935697
v 0.01725000 0.01163400 0.02943198
v 0.01725000 0.01110490 0.03015439
v 0.01725000 0.01071189 0.03069098
v 0.01725000 0.01046866 0.03089356
v 0.01725000 0.00972042 0.03151677
v 0.01749440 0.00935560 0.03193959
v 0.01725000 0.00960000 0.03161707
vt 0.03093022 -0.00369376
vt 3.53504491 -0.00044859
vt 3.26045203 -0.44879895
vt -0.02812500 0.00324760
vt -0.02637778 -0.00097057
vt 4.04407787 -1.12199736
vt 3.82130766 0.00000000
vt 2.46187758 0.00000000
vt 0.00097057 -0.05048930
vt 0.99999946 0.00486072
vt 2.80715966 -1.29357171
vt 4.71238899 -0.00600000
vt 0.03186195 -0.00107500
vt 0.69004440 0.00061028
vt 6.40001202 -1.57079637
vt 3.09865665 -1.19266260
vt -0.01686195 0.02490576
vt 2.91502094 0.01700000
vt 6.40204477 0.00635000
vt 0.00204472 -0.00370000
vt 2.03219342 0.01700000
vt 0.02600388 -0.02669739
vt 6.87918139 0.00635000
vt 0.91553873 -0.00012865
vt 6.02138615 -0.00012018
vt 0.01652028 -0.02750104
vt 0.02559805 -0.01775000
vt 0.00000000 0.00615612
vt 1.54828918 -0.67494768
vt 5.23598766 0.00000000
vt -0.07121532 0.03366727
vt 5.76876402 -0.57005405
vt 6.73632860 0.01700000
vt 1.78206921 -0.01125490
vt 6.31204414 -1.16850054
vt -0.02637778 -0.00117943
vt 0.03207674 -0.00055646
vt 6.50975704 0.01200000
vt 4.45058966 -0.00256961
vt 3.30769134 -0.00064351
vt -0.00187500 -0.00539760
vt 0.03215000 0.00000000
vt 5.77024221 -0.53469145
vt 4.86468887 -0.66199905
vt -0.01361066 0.03100000
vt 4.18879032 -0.00227302
vt 0.01707674 -0.02653722
vt 0.01500000 -0.03188076
vt 0.00000000 0.00348420
vt 6.16432571 -0.78539819
vt -0.03654158 -0.00842393
vt -0.01444354 0.02390402
vt 3.94046164 -0.00183392
vt -0.00265165 0.00050165
vt 0.00000000 0.00577618
vt 0.01347972 -0.02965104
vt 0.02923628 0.00070711
vt 6.67663765 -0.00044859
vt -0.13089889 -0.00005598
vt -0.02785000 -0.05411153
vt 0.02813805 -0.00107500
vt 1.34550703 -0.79660130
vt 5.76298952 -0.67332411
vt -0.03482500 0.01299038
vt 0.95600349 0.00307998
vt -0.00646538 0.04210000
vt 0.01361066 -0.03100000
vt 2.84559941 -0.00085661
vt 0.01125000 -0.02813076
vt 0.03093022 0.00369376
vt -0.04444354 -0.03020750
vt 5.74289799 -0.95951819
vt 2.09439516 -0.00227302
vt -0.01949307 0.02331746
vt 3.67345715 -0.84907192
vt 2.37236476 -0.00021774
vt 2.46823764 0.01361066
vt 0.06911707 0.00850000
vt 3.47966909 -1.35345984
vt 4.26684856 -0.44879895
vt 4.97418833 0.00000000
vt 0.00000000 0.03100000
vt 4.40797567 -1.06617510
vt 0.01607500 0.02411881
vt 0.00701169 -0.01400000
vt 0.00588293 0.00070711
vt -0.02792326 0.00055646
vt -0.07145244 0.01237941
vt 5.75958633 0.00000000
vt -0.02813805 -0.00107500
vt -0.01555646 0.02390402
vt -0.02892500 -0.05597348
vt 0.01555646 0.02805750
vt -0.07327272 0.00600000
vt 5.01680231 -1.06617510
vt 5.49778700 -0.00600000
vt 6.28318548 -0.00038879
vt 2.35619450 -0.00600000
vt 0.00362222 -0.00117943
vt 0.99999988 0.00177445
vt 5.15792942 -0.67319840
vt 3.33071804 0.00635000
vt 6.80678415 -0.00037520
vt 0.02813805 0.00107500
vt -0.02812500 -0.05735912
vt 5.60347033 -0.22439948
vt 0.00000000 -0.02956538
vt 5.17378616 0.01700000
vt 2.46187758 -0.22439948
vt 0.01392500 0.02411881
vt -0.01500000 -0.02223076
vt 3.40335822 -0.00044805
vt 0.01686195 -0.02490576
vt 4.76012850 -0.64634693
vt 0.00000000 0.00439365
vt 0.00207674 -0.00159354
vt 0.99999905 0.00620583
vt 0.02923628 0.01075000
vt 2.80389905 -1.34624135
vt 0.00000000 0.00633794
vt 2.46187758 0.01700000
vt 4.37352610 -1.53065240
vt 0.67971504 -0.22479205
vt 2.54559660 0.00000000
vt -0.01607500 0.02411881
vt 4.93767834 -0.79660130
vt -0.01707674 -0.02542430
vt 5.68718910 0.01200000
vt 5.15792942 -0.89759791
vt 4.37360001 -1.29667962
vt -0.00215000 -0.00215000
vt -0.03107500 -0.00401195
vt 0.00000000 0.00583287
vt 1.67096627 -0.62682742
vt 4.61222887 -0.62682587
vt 3.14159274 0.00000000
vt 0.03055646 0.00207674
vt -0.02206903 -0.02171347
vt -0.00826372 0.01450000
vt -0.02625000 0.00000000
vt -0.02637778 0.00097057
vt 0.12981527 -0.00023708
vt 4.05713129 -0.00012865
vt -0.03055646 0.00207674
vt 6.47355509 -0.26170471
vt 0.03186195 0.00107500
vt 0.06798831 -0.01400000
vt 1.30234170 -0.92297107
vt 6.47231054 0.00635000
vt 5.38070011 -1.12199736
vt -0.02892500 0.00186195
vt 5.71042681 -1.29217827
vt 5.89060831 -0.00004321
vt -0.02892500 -0.00401195
vt 3.02273321 -0.67319840
vt 0.00094164 0.00667744
vt 5.60347033 -0.44879895
vt 0.02559805 0.01775000
vt 0.07327272 0.00070711
vt 5.38070011 -1.34639680
vt 6.63926125 0.01700000
vt 2.53731942 -0.37909377
vt 2.87979317 0.00000000
vt -0.03097057 -0.00577222
vt 0.51312304 -0.53449190
vt 0.00375000 -0.05411153
vt -0.07121532 0.00083273
vt 2.63502812 -0.37909377
vt 2.01959538 -0.01153105
vt 0.00204472 0.01780000
vt 4.97418833 -0.00600000
vt 3.73758864 0.01200000
vt 4.96511507 0.00000000
vt 3.04975533 -1.36915863
vt 0.03492700 -0.01299038
vt 4.93512440 -0.79155982
vt 6.20215273 -1.31459415
vt 1.27129972 -1.04754972
vt -0.03107500 -0.00028805
vt 2.46187758 -1.34639680
vt -0.03000000 0.00375000
vt 0.50948751 -0.44863090
vt 5.15792942 -1.34639680
vt 0.01765165 -0.02332911
vt 1.34802604 -0.78539819
vt 0.02734835 0.00265165
vt 1.79356670 -0.44879895
vt -0.00650743 0.01425363
vt -0.03362222 -0.00312057
vt 2.61799383 -0.00000500
vt 6.05661345 0.01700000
vt -0.04607500 -0.02999272
vt 0.99999917 0.00222729
vt 3.82130766 -1.57079637
vt 6.47231054 0.00000000
vt 1.12525570 -1.57079637
vt -0.00107500 -0.05224957
vt 3.14159274 0.00000000
vt 1.00000000 0.00439365
vt -0.00084744 0.00705823
vt -0.04597057 -0.03175298
vt 6.15228653 -0.00005598
vt -0.01234835 -0.02332911
vt -0.01949307 -0.02331746
vt 0.07053313 0.00070711
vt 1.83259571 0.00000000
vt -0.00055646 -0.00422674
vt 4.48961878 -0.44879895
vt -0.00446687 0.00330000
vt 2.23910737 -0.67319840
vt 6.57393074 0.01200000
vt -0.02637778 -0.00312057
vt 4.18879032 0.00000000
vt -0.01402943 -0.02235854
vt 6.16432571 -1.30899692
vt 5.68400002 -0.22424996
vt 1.19125843 -0.00220888
vt 4.31786060 -0.00244669
vt 2.91680050 0.01361066
vt -0.03000000 -0.05196152
vt -0.02812500 0.00109760
vt -0.03187500 -0.05735912
vt 3.66519141 -0.00600000
vt 0.26179940 -0.00079148
vt 0.01313805 -0.02490576
vt 4.71238899 0.00000000
vt 0.01347972 -0.02446048
vt 0.01500000 -0.02383076
vt -0.04500000 -0.02598076
vt 2.35619450 -0.00180985
vt -0.04347972 -0.02661048
vt 0.00265165 0.00050165
vt 4.88959122 -0.69716132
vt 0.00000000 0.00676744
vt 1.78193033 -0.01125000
vt 0.78539819 0.00000000
vt 0.67971504 -0.67335647
vt 1.31807017 0.00000000
vt 1.39359426 -0.69716132
vt -0.01715000 0.02598076
vt 5.49778700 -0.01700000
vt -0.01707674 0.02653722
vt 1.12525570 -0.26179940
vt 3.40339208 0.00000000
vt 0.00000000 -0.05626152
vt 0.99999869 0.00195195
vt 5.97849274 0.01250000
vt -0.00095842 0.02947393
vt 1.12525570 -1.30899692
vt 0.01190195 0.00070711
vt 1.90958488 -1.29667318
vt 0.01597057 0.02235854
vt 2.54559660 0.00635000
vt 6.28305340 -0.00055668
vt 5.94933414 -1.28369081
vt 6.22685003 -1.22531521
vt 1.30899692 -0.01700000
vt -0.03152028 -0.00062972
vt 1.00000000 0.00000000
vt 3.68543410 -0.99987918
vt 1.57079637 -0.67335504
vt 4.18879032 -0.00194987
vt 3.02273321 -0.44879895
vt 0.00800000 0.06853462
vt 4.93515921 -0.67319840
vt 0.00000000 0.00160000
vt -0.00112780 0.00800000
vt 0.01292326 0.02542430
vt 0.03107500 0.00186195
vt 0.59599602 0.00000000
vt 3.14159274 -0.01700000
vt 0.00000000 -0.06798831
vt -0.01555646 -0.02390402
vt 5.15792942 -0.22439948
vt 0.00000000 0.00388858
vt 3.66519141 -0.00128652
vt 4.87259579 -0.67334366
vt -0.01175240 -0.02410576
vt 0.00000000 -0.00000000
vt 4.93515921 0.00000000
vt 5.73225069 -1.07996452
vt 2.99820304 -0.00028055
vt 5.88972092 -0.00044859
vt 1.00000024 0.00532334
vt 1.70346260 -0.00252556
vt 1.95033419 -0.00220888
vt -0.07012009 0.01354477
vt 5.76187325 -0.69302279
vt -0.03482500 -0.01299038
vt 6.20371628 -1.30912399
vt 3.49394250 -1.57079637
vt -0.01285000 -0.02598076
vt 0.67971504 -0.78539819
vt 0.78539819 0.00000000
vt 0.00000000 0.00170923
vt 6.58964920 -0.69583577
vt -0.00091523 0.00728597
vt 0.02923628 0.00000000
vt 5.23598766 -0.01700000
vt 0.99999857 0.00610690
vt 0.93560761 0.00120831
vt 0.02250000 -0.02887917
vt -0.04652028 -0.02661048
vt 2.09999800 -0.01175240
vt -0.00095842 0.01262607
vt 0.00000000 -0.00701169
vt 3.26099515 -0.00006184
vt 0.01347972 0.02750104
vt 2.24868703 0.01234835
vt 5.72803879 -1.12204373
vt -0.03107500 -0.05224957
vt 1.94149089 0.01140515
vt 0.01234835 -0.02547911
vt 5.04836464 -1.57079637
vt -0.04500000 -0.03028076
vt -0.01392500 -0.02411881
vt 4.55998659 -0.66211987
vt 1.12525570 0.00000000
vt 3.14161444 -0.00038956
vt 0.38962322 -0.00062885
vt 0.06508230 0.01126246
vt 0.96972990 0.00593544
vt 2.80774164 -1.28369081
vt 1.74799848 -0.69716132
vt 6.16635847 -1.57079637
vt -0.04392500 -0.02626881
vt 5.96622324 -0.96307695
vt 0.00324760 -0.00402500
vt 6.28318548 0.00635000
vt -0.00362222 -0.05508209
vt 1.00000000 0.00828223
vt 0.02916569 -0.02357143
vt 1.87520957 -1.06617510
vt 5.49778700 -0.00180985
vt 0.01875000 -0.02813076
vt 4.71238899 -0.01700000
vt 0.98694843 0.00232839
vt 4.45966291 0.00000000
vt -0.02902943 -0.05773374
vt 2.83498454 -0.69539028
vt 0.02792326 -0.00055646
vt 5.98879623 -0.37909377
vt 4.97418833 -0.00000008
vt 5.75117683 -0.84842509
vt 0.00814303 0.01056498
vt -0.00235000 -0.06853462
vt 0.00186195 -0.05518652
vt 1.79356670 0.01700000
vt 0.51598436 -0.60082120
vt 5.96479368 -0.99193877
vt 0.01292326 -0.02653722
vt 0.00000000 0.00431239
vt -0.01715000 -0.02598076
vt -0.00749029 -0.00635000
vt 2.23910737 -1.57079637
vt 0.00000000 0.00222729
vt 6.26862526 -1.15389585
vt 2.53530169 -1.57079637
vt 1.43975854 -0.00262523
vt 0.55538338 -1.12274754
vt 0.06974428 -0.01070000
vt 0.01137778 -0.02910133
vt 5.48431635 -0.00183392
vt 7.85398149 -0.00600000
vt 3.47554398 -1.28383899
vt 4.71238899 0.00000000
vt 4.18879032 -0.00006268
vt 3.14146066 -0.00055668
vt 4.71238899 -0.44879895
vt 5.02608109 -1.12227547
vt 3.92699075 0.00000000
vt 2.01633692 -1.12199736
vt -0.03093022 0.00369376
vt 0.00000000 -0.00590000
vt 4.78642797 -0.62966752
vt 2.79132080 -1.54051697
vt 6.40204477 -0.78539819
vt 6.40204477 -1.04719758
vt -0.01652028 0.02446048
vt 6.16432571 -0.52359879
vt 6.09347677 -0.18967026
vt 6.15338087 -0.00023709
vt 1.26638317 -1.06617510
vt 6.02138615 -0.00043169
vt -0.00324760 -0.00402500
vt -0.00207674 -0.00270646
vt -0.01765165 0.02332911
vt 3.27289510 -0.00054389
vt 3.40339208 -0.00079148
vt 0.01292326 -0.02542430
vt -0.03265165 -0.05145987
vt 0.01687500 -0.03137836
vt 0.01652028 -0.02446048
vt -0.00071391 -0.00675827
vt 0.00000000 -0.05036153
vt -0.00066866 0.00565000
vt 7.33038282 0.00000000
vt 6.61713648 -1.28383899
vt -0.01313805 -0.02705576
vt 6.40204477 -1.30899692
vt 2.61799383 -0.00037520
vt 3.06056023 -1.31459415
vt 0.01555646 0.02390402
vt -0.04597057 -0.02450854
vt -0.02785000 -0.00215000
vt 0.01862222 -0.02910133
vt 0.02675240 0.00187500
vt 1.00000000 0.00471849
vt 0.00152028 -0.00062972
vt -0.02902943 0.00147222
vt 0.01392500 -0.02411881
vt 1.17758262 -0.00001795
vt -0.02892500 -0.00028805
vt 2.87979317 -0.00001022
vt 3.26045203 -0.67319840
vt -0.01802930 0.03050578
vt 3.02522945 -1.56595707
vt 0.00598323 0.00862042
vt -0.03482500 0.01327885
vt -0.00265165 -0.00480165
vt 1.12525570 0.00635000
vt 7.59218216 -0.00600000
vt 3.47925019 -1.34651673
vt 1.34802604 0.00000000
vt 0.54210365 -0.98109102
vt -0.02944354 -0.05618826
vt 2.95188403 -0.18967026
vt -0.03324759 -0.05598652
vt 6.16432571 0.00000000
vt 0.99999982 0.00264981
vt 4.04407787 0.01700000
vt 0.01164416 0.01149615
vt 6.60733891 -1.11000192
vt 3.53121591 -0.00062885
vt 4.84505510 -0.00252556
vt 3.26045203 -1.34639680
vt 1.96584880 -0.00244608
vt 0.00000002 0.00643029
vt 0.01607500 -0.02784272
vt 0.06974428 0.02480000
vt 6.09405994 0.01200000
vt 1.00000000 0.00491555
vt 0.00525572 -0.01070000
vt -0.01292326 -0.02653722
vt -0.02847972 -0.05259125
vt -0.00375000 -0.00215000
vt 0.02637778 -0.00097057
vt 0.00000000 0.00194429
vt 3.66519141 -0.00037520
vt 2.56883407 -1.29217827
vt 0.01313805 -0.02705576
vt 6.54498482 -0.00050696
vt 6.28318548 0.00000000
vt 0.01444354 -0.02605402
vt 0.26176545 -0.00044805
vt 0.00000000 0.00477708
vt 0.99255461 0.00671296
vt 0.00000006 0.00680501
vt 0.07387220 0.00000000
vt -0.00114026 -0.06839399
vt 0.00187500 -0.00539760
vt 6.02138615 -0.00001022
vt 4.96632862 -0.00239091
vt 1.04719758 0.00000000
vt 1.17626786 -0.00244669
vt 0.00000000 0.00194429
vt -0.04312500 -0.03137836
vt 1.24038517 -1.21906269
vt 0.00000016 0.00147721
vt 0.01175240 -0.02410576
vt -0.00000000 0.00170923
vt 3.25802064 -1.56580830
vt 2.56415224 -1.33507442
vt 3.11273360 -1.16850054
vt 0.99438238 0.00616308
vt 0.00204472 0.00070711
vt 5.04278517 -1.21906519
vt 0.00055646 -0.00007326
vt -0.00000000 0.00522255
vt 0.01802930 0.03050578
vt 1.64483511 -0.62966752
vt -0.02916569 -0.02357143
vt 0.01715000 0.02598076
vt 1.34802604 0.00635000
vt 2.77881765 0.00000000
vt 6.37502527 -1.36917233
vt -0.01811093 0.02388682
vt 4.45062590 -0.00000116
vt -0.07433134 0.02810000
vt 1.41839409 -0.66211987
vt 0.00250918 0.00025082
vt -0.02734835 0.00265165
vt 3.14159274 -0.00600000
vt 0.33960515 0.00095504
vt 5.15792942 0.00635000
vt 0.00734561 0.01000490
vt -0.02892500 -0.00186195
vt 0.00000000 0.00486072
vt 0.13265577 -0.00057819
vt 3.29188061 -0.00021921
vt 1.83925092 -0.92297107
vt 4.93515921 -0.44879895
vt 6.38472033 -1.43017364
vt 0.00000000 0.00222729
vt -0.03187500 -0.05086393
vt 4.26684856 -0.89759791
vt 5.38070011 0.00635000
vt 4.71238899 -0.22439948
vt -0.00186195 -0.00107500
vt 0.02944354 -0.00207674
vt 0.02892500 -0.00186195
vt 0.99999762 0.00680501
vt 4.48961878 0.00635000
vt -0.00094148 -0.06832327
vt 3.82130766 0.01700000
vt 4.71238899 0.01700000
vt 0.01292326 0.02653722
vt 6.58787775 0.01500000
vt 0.00000000 0.00177445
vt -0.00389913 0.01279452
vt 7.06858349 -0.00600000
vt 1.44461358 -0.63768536
vt -0.00055646 -0.05618826
vt 3.02273321 0.00635000
vt -0.04137778 -0.02910133
vt 1.90677190 -1.57079637
vt -0.02792326 -0.00270646
vt -0.00265165 -0.05145987
vt 5.68718910 -0.00000000
vt 3.92699075 -0.00600000
vt -0.01234835 0.02332911
vt 0.60427320 -0.37909377
vt -0.01347972 -0.02446048
vt 0.48282474 0.00080090
vt 0.00186195 -0.00107500
vt 4.84337759 -0.00262524
vt 1.57079637 -0.71041089
vt -0.00265165 -0.05676318
vt 1.79356670 0.00635000
vt 0.07079696 -0.00050000
vt -0.07404158 0.02947393
vt 3.18453002 -1.19266534
vt 6.29776669 -1.15391040
vt 0.00000000 0.00629555
vt 0.86134917 -0.00016140
vt 1.82352245 0.00000000
vt 0.03654158 0.00842393
vt 0.01402943 -0.03175298
vt 4.26684856 0.01700000
vt 3.14159274 0.01361066
vt -0.01292326 0.02653722
vt 0.98299593 0.00645871
vt 4.34583235 0.01700000
vt 4.97418833 0.00000000
vt -0.00800000 -0.00646538
vt 0.99999875 0.00583287
vt 1.57079637 -0.00261064
vt 1.57079637 -0.44919318
vt -0.02813805 -0.05518652
vt 2.61799383 0.00000000
vt 0.33960512 0.00732719
vt 0.01292326 -0.02868722
vt 5.75958633 -0.00086861
vt 0.02812500 0.00324760
vt 2.62864947 -0.53469145
vt 5.14813757 -0.00239126
vt 0.02902943 -0.00362222
vt 7.85398149 0.00000000
vt -0.03186195 -0.05518652
vt -0.02847972 -0.00062972
vt -0.04875000 -0.02813076
vt 0.78539819 -0.00180985
vt 4.04407787 -1.34639680
vt 5.50651836 -0.00138537
vt 6.96290016 0.01700000
vt 3.74586582 -0.37909377
vt 5.94780827 -1.30887735
vt -0.03265165 -0.00480165
vt 1.04719758 -0.01700000
vt -0.02559805 0.01775000
vt 2.83690000 0.01500000
vt -0.02923628 -0.01075000
vt -0.01444354 0.02805750
vt -0.01347972 -0.02750104
vt 1.00000000 0.00224651
vt 1.22727084 -1.37593448
vt 3.49766874 0.01700000
vt 0.01500000 -0.02223076
vt 0.07249082 0.00025082
vt 0.51859117 -0.64888042
vt -0.01607500 -0.02411881
vt 0.00000000 0.00439365
vt 2.82748938 -0.89759707
vt 5.23598766 0.00000000
vt 0.01555646 -0.03020750
vt 1.57079637 -0.22479205
vt 5.60347033 0.00000000
vt 6.62126160 -1.35345984
vt 5.49791956 -0.00140351
vt 5.97337151 -0.78569818
vt -0.00000000 0.00276477
vt 3.02476597 -1.57079637
vt 0.01824760 -0.02625576
vt -0.03750000 -0.00000000
vt 3.14152956 -0.00014411
vt 0.52359879 -0.00086861
vt -0.02892500 -0.05224957
vt 0.00000000 0.00259109
vt 0.00000000 0.00199459
vt 2.01633692 -0.89759791
vt -0.01500000 -0.02383076
vt 3.66519141 0.00000000
vt 1.83259571 -0.00600000
vt 0.07212859 0.00000000
vt 1.61853576 -0.64634693
vt 4.83857155 -0.63768536
vt 5.05647087 -1.45406544
vt 0.01347972 -0.02661048
vt -0.04347972 -0.02965104
vt 0.90248537 -1.04719758
vt 0.01312500 -0.02273317
vt 4.71238899 0.00000000
vt 0.90248537 -0.78539819
vt 1.83259571 0.00000000
vt 0.00000000 0.00400173
vt 3.14160728 -1.14894652
vt 5.15792942 -0.44879895
vt 6.19134808 -1.36915863
vt 6.40204477 0.00000000
vt 1.79518092 -0.01125585
vt 1.00000000 0.00000000
vt -0.00000000 -0.00038879
vt 0.00000000 0.00802795
vt 5.93083525 -1.57079637
vt 1.71047294 -0.01127670
vt -0.01402943 0.02235854
vt 7.59218216 0.00000000
vt 2.35619450 0.00000000
vt 2.92894244 -0.00016389
vt 1.72309637 -0.66199905
vt 0.03093767 0.00363088
vt -0.03093767 0.00363088
vt 1.83259571 -0.00238216
vt 0.01802930 -0.03050578
vt 0.01190195 0.01150000
vt 2.91502094 0.01200000
vt -0.00378467 0.00083273
vt 6.59282351 -0.78522521
vt -0.01687500 0.02273317
vt 1.57079637 0.00000000
vt -0.03097057 -0.05773374
vt 0.01444354 -0.02805750
vt 3.61958790 0.01500000
vt -0.07327272 0.00250000
vt -0.07342614 0.01030000
vt 1.12525570 0.01700000
vt -0.04607500 -0.02626881
vt 0.67971504 -1.12160313
vt 3.44805646 -0.69583577
vt 5.77378082 -0.44872668
vt 0.26179940 -0.00001022
vt 0.99999958 0.00461892
vt 1.70397556 -0.01128183
vt 3.65471578 -0.53449190
vt -0.04292326 -0.02868722
vt 5.60347033 -1.34639680
vt 6.33952045 -1.22531521
vt 0.07295529 -0.00370000
vt -0.00516520 0.01371628
vt 0.95126885 0.00275463
vt -0.02902943 -0.00577222
vt 0.06309804 0.00070711
vt 0.00094148 0.06832327
vt -0.01707674 0.02542430
vt -0.02813805 -0.05303653
vt 0.00000001 0.00112034
vt 1.90127766 -1.21905160
vt -0.00152028 -0.05259125
vt 2.87979317 -0.01700000
vt 6.28318548 0.00000000
vt 0.01765165 0.02332911
vt 0.01707674 -0.02868722
vt 0.00000000 0.00604280
vt 5.23598766 -0.00194987
vt 0.99999934 0.00244936
vt 0.00000002 0.00643029
vt -0.00207674 -0.05355506
vt -0.04707674 -0.02757430
vt 0.02206903 -0.02171347
vt -0.04313805 -0.02920576
vt -0.03186195 0.00107500
vt 1.47063625 -0.62682587
vt 0.26179940 -0.00600000
vt 0.00510361 -0.01092536
vt 3.40339208 -0.00050696
vt 0.00107500 -0.00401195
vt 5.60347033 -1.12199736
vt -0.00157386 0.03180000
vt 6.05661345 0.01200000
vt -0.02785000 0.00000000
vt 3.82130766 -0.22439948
vt -0.01500000 0.02813076
vt 0.36277491 0.00000000
vt 6.15168905 -0.00054385
vt 6.60202646 -1.00340819
vt 0.01687500 0.02273317
vt -0.03187500 -0.00539760
vt -0.04686195 -0.02920576
vt 0.00000000 -0.01700000
vt 1.00000000 -0.00000000
vt 3.63466358 0.01200000
vt 0.52359879 -0.01700000
vt 0.00265165 -0.00480165
vt -0.01597057 -0.02235854
vt 2.46187758 -0.78539819
vt 1.12525570 -0.78539819
vt 1.57079637 0.00000000
vt -0.03107500 -0.00186195
vt -0.02250000 -0.02887917
vt 0.01392500 0.02784272
vt -0.03324759 -0.05223652
vt -0.03055646 -0.00422674
vt 1.82473588 -0.00239091
vt 5.99243975 0.01200000
vt 0.00000000 0.01299038
vt -0.02250000 0.01299038
vt -0.02222957 -0.02904756
vt -0.00375000 -0.05411153
vt 5.97657728 -0.69539028
vt 1.23132396 -1.30899227
vt 0.67971504 0.00635000
vt -0.04765165 -0.03078241
vt 2.01633692 -0.22439948
vt 3.14159274 0.01700000
vt -0.06853462 0.04210000
vt 0.01402943 -0.02235854
vt -0.07079696 0.03450000
vt 4.71238899 0.00635000
vt -0.02902943 -0.05048930
vt 6.28318453 -0.00055667
vt 0.00187500 -0.05086393
vt 5.38070011 -0.22439948
vt 3.26045203 0.00635000
vt 3.13675332 -0.00039511
vt 4.45058966 0.00000000
vt 3.92699075 -0.00140400
vt 2.09439516 0.00000000
vt 0.00000000 0.00615612
vt 0.99999833 0.00388858
vt 0.98063862 0.00096390
vt -0.03107500 0.00186195
vt 3.53416824 -0.00004321
vt 0.01597057 -0.03175298
vt 4.73489618 -0.67494768
vt -0.01707674 -0.02653722
vt -0.04862222 -0.02716019
vt 1.00000000 0.00412796
vt 3.14159274 -1.12199736
vt 4.26684856 -0.22439948
vt 0.01285000 -0.02598076
vt 5.68718910 0.00635000
vt 1.73100305 -0.67334366
vt 6.58787775 0.01250000
vt 1.79356670 -0.22439948
vt 0.00660644 0.00936866
vt 1.30899692 0.00000000
vt 0.95013940 0.00321380
vt -0.03362222 -0.00117943
vt 5.75958633 0.00000000
vt -0.07053313 0.00330000
vt -0.02944354 -0.00207674
vt 2.82463050 -0.96307695
vt 3.44141865 -0.44845375
vt 0.07079696 0.00000000
vt 1.62754977 0.01137778
vt -0.02110095 -0.01700000
vt 0.01555646 -0.02390402
vt 6.54498482 0.00000000
vt -0.02675240 -0.05223652
vt 0.67971504 -0.44919318
vt -0.00172728 0.00600000
vt 0.02792326 0.00055646
vt 3.14747262 -0.00039648
vt 3.25841928 -1.57079637
vt 4.48961878 0.00000000
vt 2.09439516 0.00000000
vt 0.00000000 0.00629555
vt -0.06848517 0.01421879
vt 5.60347033 -1.57079637
vt -0.03207674 -0.00055646
vt 3.66302180 -0.69230819
vt -0.01444354 -0.02390402
vt -0.00355002 0.01237560
vt 4.93515921 0.01700000
vt -0.03324759 -0.00027500
vt 1.43826008 -0.00252567
vt 1.83259571 -0.01700000
vt 2.60958433 -0.84842509
vt -0.01811093 -0.02388682
vt 0.00000000 -0.05196152
vt -0.07212859 0.01150000
vt 0.00107500 -0.05597348
vt -0.01607500 -0.02784272
vt 1.62754977 -0.01137778
vt -0.00000000 0.00802795
vt -0.00078461 0.00684720
vt 0.00000000 0.00532334
vt 1.13510203 -0.00239126
vt 0.07342614 0.00000000
vt 0.00000000 0.00514168
vt 0.59917450 -0.22425385
vt 0.00997129 0.01124369
vt 3.26045203 -1.12199736
vt -0.01500000 -0.02813076
vt 3.46574640 -1.11000192
vt 2.54559660 0.01200000
vt 0.00152028 -0.05563181
vt 0.99999660 0.00640263
vt 2.91719317 -0.01361066
vt -0.03000000 -0.00000000
vt -0.01500000 0.02383076
vt -0.01313805 0.02490576
vt -0.00055646 -0.00007326
vt 3.44650888 -0.64977515
vt 0.90248537 0.00000000
vt 1.04719758 -0.00194987
vt -0.07408477 0.00728597
vt 0.96525621 0.00138845
vt 0.00114026 0.06839399
vt -0.01292326 0.02542430
vt 4.26684856 -1.34639680
vt 1.83259571 -0.00256961
vt 0.01824760 -0.03000576
vt 5.94875240 -1.29357171
vt 0.57888180 -1.34660947
vt 0.39257562 -0.00004321
vt -0.04402943 -0.02450854
vt 2.46187758 -1.12199736
vt -0.03000000 0.00160000
vt 1.57079637 -0.01149407
vt 5.49778700 0.00000000
vt 6.41300058 -0.00023708
vt -0.00172728 0.00000000
vt 6.57757425 -0.37909377
vt 0.00186195 -0.00322500
vt 1.57079637 -0.00600000
vt 3.08525729 -1.22531521
vt 6.26143169 -0.00016222
vt -0.03265165 0.00050165
vt 6.16432571 0.00635000
vt -0.04715000 -0.02813076
vt 2.87979317 -0.00012018
vt 0.07079696 -0.00300000
vt 2.87979317 -0.00043169
vt 0.00375000 -0.00215000
vt 2.46187758 -1.30925882
vt 3.14159203 -0.00055667
vt 1.79519582 -0.01125090
vt 2.64852166 0.01200000
vt 0.02250000 0.01299038
vt 0.02222957 0.02904756
vt 2.95246720 0.00635000
vt 0.00000000 0.00354889
vt -0.01392500 -0.02784272
vt 2.54915428 0.00000000
vt -0.02944354 -0.00422674
vt -0.03187500 0.00109760
vt 0.00362222 -0.05508209
vt -0.02600388 0.02669739
vt -0.03375000 -0.05411153
vt 6.25432634 -1.16850054
vt 0.03000000 -0.00375000
vt 3.61958790 0.01250000
vt -0.07327272 0.00000000
vt 0.67971504 -1.57079637
vt 6.16432571 -0.26179940
vt 4.38190746 -1.21905160
vt 0.00000000 0.00828223
vt 0.00000000 0.00431239
vt 0.00362222 -0.05314095
vt 6.41448784 -0.00054389
vt -0.01652028 -0.02750104
vt 0.00000000 0.00486072
vt 2.59358978 -1.04733074
vt 4.55217075 -0.67334193
vt -0.04444354 -0.02605402
vt 0.99999982 0.00171381
vt 0.01707674 0.02542430
vt 5.60347033 -0.89759791
vt -0.00000000 0.00259109
vt 3.50436759 0.00000000
vt -0.01500000 0.02223076
vt 2.84720373 -0.37909377
vt -0.02923628 0.00070711
vt 2.09439516 -0.00006268
vt -0.04402943 -0.03175298
vt 0.99999899 0.00663391
vt -0.01347972 0.02750104
vt 0.00000016 0.00147721
vt -0.03152028 -0.00367028
vt 0.02675240 -0.00187500
vt 2.46187758 -0.44879895
vt 1.79356670 -0.67319840
vt 4.04407787 0.00635000
vt 0.00007741 -0.00014441
vt 0.00172728 0.00070711
vt 2.36492538 -0.00138537
vt 5.96204233 -1.04710817
vt 5.60347033 0.00635000
vt -0.03000000 -0.00590000
vt -0.01361066 -0.03100000
vt 2.56695127 -1.30957091
vt 2.82320118 -0.99193877
vt 1.00000167 0.00018648
vt -0.04292326 -0.02757430
vt 0.00000000 -0.00600000
vt 6.09173012 -0.37909377
vt 2.01633692 0.00635000
vt -0.03055646 -0.00207674
vt 0.06974428 0.00000000
vt -0.03000000 -0.00375000
vt 5.15792942 -1.57079637
vt 1.00000000 0.00705545
vt 0.01687500 -0.02273317
vt 3.26045203 -0.89759791
vt 0.00207674 -0.05466799
vt 0.67971504 -1.30899692
vt 0.02847972 0.00152028
vt -0.04392500 -0.02999272
vt 1.69697905 -0.63768536
vt 6.61863708 -1.30947244
vt -0.03375000 -0.00215000
vt 2.62028050 -0.69302279
vt 0.00107500 -0.00028805
vt 3.26896834 -0.00023960
vt -0.00362222 -0.05314095
vt 5.69074678 0.00000000
vt 1.00000000 0.00755063
vt 4.04407787 -0.67319840
vt -0.06752253 0.01445313
vt -0.02792326 -0.05355506
vt 2.83731031 -0.62907463
vt -0.04125000 -0.02813076
vt 0.06309804 0.00000000
vt -0.04285000 -0.02813076
vt 3.03185225 -1.49559212
vt 1.70178473 -0.00262524
vt 0.02625000 -0.00000000
vt -0.02902943 0.00362222
vt -0.00097057 -0.05773374
vt 6.47289371 -0.18967026
vt 0.01500000 0.02383076
vt 0.50656456 -0.37909377
vt -0.02734835 -0.05145987
vt 0.03000000 0.00215000
vt 0.00055646 -0.05618826
vt 1.30899692 0.00000000
vt 2.61799383 0.01361066
vt -0.00152028 -0.00367028
vt 2.24399471 -0.01232530
vt 0.21264696 -0.00016373
vt -0.02944354 -0.05203478
vt 1.94165373 -0.01137778
vt 0.01500000 -0.02813076
vt 5.75958633 -0.00000500
vt 1.88948929 -1.14074826
vt 4.45845079 -0.00239091
vt -0.02675240 -0.00027500
vt -0.00172728 0.02850000
vt -0.02812500 -0.05086393
vt 3.26045203 -0.22439948
vt 2.23910737 -0.22439948
vt 4.45058966 -0.00238216
vt -0.02734835 -0.00265165
vt -0.07433134 0.00565000
vt -0.06902689 0.01408692
vt 1.57079637 0.01700000
vt 1.22671437 -1.45406473
vt 0.67971504 0.00000000
vt 4.45058966 -0.01700000
vt 6.58185816 -0.40215227
vt 3.66519141 -0.01700000
vt 3.92699075 -0.00180985
vt 0.03000000 -0.00215000
vt 0.00265165 -0.05145987
vt 0.00000018 0.00132050
vt 0.01597057 -0.02235854
vt 0.01607500 -0.02999272
vt 0.00000000 -0.05786153
vt 2.61837602 -0.72634131
vt 4.71238899 -0.71041089
vt 0.00214438 0.00051564
vt 4.97200251 -0.89814174
vt 6.40204477 -1.57079637
vt 3.44628525 0.01500000
vt 0.02944354 0.00207674
vt 6.87918139 0.01200000
vt 4.26684856 0.00635000
vt 4.18879032 -0.00600000
vt 0.06309804 0.00000000
vt -0.02250000 -0.01299038
vt 1.34806085 -0.79155982
vt -0.02944354 -0.00007326
vt 4.66462374 -0.64632410
vt -0.01607500 0.02784272
vt -0.01686195 -0.02490576
vt 0.01175240 -0.02625576
vt 4.18879032 0.00000000
vt 0.01292326 -0.02757430
vt 0.01500000 -0.03028076
vt 3.36816430 0.01200000
vt 0.94616354 0.00343371
vt 0.06943959 0.00036148
vt 3.40339208 -0.01700000
vt 0.99244916 0.00470201
vt 2.34272361 -0.00183392
vt -0.04687500 -0.02488317
vt 3.69697595 -1.12274754
vt 1.34802604 -0.26179940
vt 6.28318548 -0.00014101
vt -0.02734835 -0.00480165
vt 0.01707674 -0.02757430
vt 0.99999601 0.00406894
vt -0.00107500 -0.05597348
vt -0.03097057 0.00147222
vt 6.28318548 -0.01700000
vt 5.77662086 -0.37909377
vt 6.96290016 0.00635000
vt 0.99999923 0.00372617
vt 1.57079637 -0.26179940
vt 0.00000008 0.00696173
vt 0.00000000 0.00177445
vt 0.67971504 -0.52359879
vt 0.99999934 0.00577618
vt 2.23910737 -0.89759791
vt 0.01402943 0.02235854
vt 0.52016878 -0.67303699
vt 2.62910175 -0.52379292
vt 5.15792942 -1.12199736
vt 0.01715000 -0.02598076
vt 0.99999917 0.00633794
vt 6.39961338 -1.56580830
vt 4.33285093 -0.00220888
vt -0.00287141 0.01150000
vt 0.02847972 -0.00152028
vt 5.10553122 -0.00001793
vt 0.53532290 -0.89760518
vt 2.87979317 -0.00050696
vt -0.01686195 0.02705576
vt -0.02792326 -0.00159354
vt 0.00588293 0.00850000
vt 3.05428290 -1.34650421
vt 5.05245304 -1.53112018
vt -0.03207674 0.00055646
vt 3.44628525 0.01250000
vt -0.00656789 0.01427783
vt 0.00556041 0.00036148
vt 3.73970032 -0.19168118
vt -0.03215000 -0.05411153
vt -0.04824759 -0.03000576
vt 0.01137778 -0.02716019
vt 0.01686195 -0.02705576
vt -0.00420304 0.00000000
vt 4.18879032 -0.01700000
vt 0.99999928 0.00049518
vt 3.22890234 -1.34650433
vt -0.02625000 -0.05411153
vt -0.02916569 0.02357143
vt 0.99783105 0.00455286
vt 0.00968027 0.01119978
vt -0.03362222 -0.05314095
vt 0.01285000 0.02598076
vt 5.60347033 0.01700000
vt 4.57985258 -0.00252567
vt 3.68369627 -0.98109102
vt 2.75196934 -0.00062885
vt 0.00000000 0.00403979
vt 3.45995212 -0.99242151
vt -0.02812500 -0.00324760
vt 0.52142906 -0.69230819
vt 0.07212859 0.00000000
vt 2.01633692 0.01700000
vt -0.01765165 -0.02332911
vt 4.45058966 0.00000000
vt 4.73644400 -0.67323655
vt 0.00287141 0.00000000
vt 2.87979317 0.01361066
vt 6.40204477 -0.52359879
vt 3.71709156 -0.00139084
vt 3.33161855 -0.22423893
vt 0.06902453 0.00862750
vt -0.03207674 -0.00159354
vt 2.09439516 -0.00194987
vt 5.75958633 -0.01700000
vt -0.03492700 -0.01299038
vt 4.97418833 -0.01700000
vt 5.36761570 -0.00012863
vt 0.07387220 0.01410000
vt 0.02250000 -0.01299038
vt 2.78551650 0.01700000
vt -0.00324760 -0.05598652
vt 6.28319979 -1.14894652
vt 0.06503263 0.01126841
vt 0.07295529 0.00070711
vt 2.59065819 -1.07996452
vt 0.03152028 -0.00152028
vt 0.00000000 0.00532334
vt 0.06766563 0.01001693
vt 0.01500000 0.02813076
vt -0.02206903 0.02171347
vt -0.07404158 0.01262607
vt 4.04407787 -0.22439948
vt 2.43118167 -0.01361066
vt 4.26684856 -1.12199736
vt 0.02193398 -0.00015921
vt 4.68833351 -0.67323661
vt 0.01686195 -0.02920576
vt 5.75958633 -0.00128652
vt 2.95156670 -0.22423893
vt 0.00806801 0.01053400
vt 0.00000001 0.00112034
vt 0.06684021 0.01054169
vt 6.40204477 -0.26179940
vt 0.00000004 0.00244936
vt 0.01687500 -0.02488317
vt -0.01444354 -0.02805750
vt 0.06989639 -0.01092536
vt 5.15792942 0.00000000
vt 4.48961878 0.01700000
vt 0.02250000 0.02887917
vt -0.02813805 -0.00322500
vt 6.47464037 -0.37909377
vt 3.01475382 -0.00024016
vt 3.72047448 -1.34660947
vt 0.06649799 0.01075926
vt 0.01312500 -0.03137836
vt 0.00215000 -0.00215000
vt -0.01597057 0.02235854
vt 4.26684856 0.00000000
vt 2.87979317 -0.00600000
vt 0.00362222 -0.00312057
vt -0.03482500 -0.01327885
vt 0.90248537 0.01700000
vt 1.59485126 -0.67323655
vt 2.85084701 0.01200000
vt 0.67971504 -0.89743990
vt 1.24068892 -1.21617281
vt 5.92041063 0.00000000
vt 4.44393444 -0.92297107
vt 0.01862222 -0.02716019
vt 2.61799383 -0.00086861
vt 2.95246720 0.01200000
vt 1.96393847 -0.00001793
vt 2.22602296 -0.00012863
vt 0.03107500 -0.00186195
vt 0.00000000 0.00514168
vt 3.04005766 -1.43017364
vt -0.01149407 -0.02465000
vt 3.14157438 -0.00038943
vt 3.11965871 -0.00015921
vt 2.61799383 -0.01700000
vt -0.03152028 -0.05259125
vt 0.57357448 -1.30076194
vt 0.00000000 0.00522255
vt 2.87979317 -0.00079148
vt 1.30899692 -0.00238216
vt 6.58810139 -0.64977515
vt 2.69239950 0.01361066
vt 0.02637778 0.00097057
vt 2.35619450 0.00000000
vt 1.57079637 0.01149407
vt 0.96433663 0.00678212
vt 0.48282474 0.00674973
vt 0.77723140 -0.00138713
vt 4.39368773 -1.14079678
vt 0.01444354 -0.03020750
vt 0.01652028 -0.02965104
vt -0.06853462 0.00000000
vt 1.57079637 0.00000000
vt 5.70574474 -1.33507442
vt -0.03215000 0.00000000
vt 2.23910737 -1.12199736
vt 2.35619450 -0.01700000
vt -0.03055646 -0.00007326
vt 1.00000000 0.00055145
vt 5.97044230 -0.86601180
vt 0.02206903 0.02171347
vt -0.01392500 0.02784272
vt 0.00446687 0.00070711
vt 0.14326684 -0.00028041
vt -0.02902943 -0.00362222
vt -0.02250000 0.02887917
vt 3.66176152 -0.67303699
vt 3.73758864 0.00635000
vt 3.92699075 0.00000000
vt 2.37604237 -0.01312500
vt 4.48709965 -0.79660130
vt 0.59810758 -0.19168118
vt -0.03186195 -0.00107500
vt 5.79011440 0.01200000
vt 0.01444354 0.02805750
vt -0.02923628 0.01075000
vt -0.03097057 -0.05048930
vt 0.00000000 0.00354889
vt 6.59205818 -0.76660627
vt 3.33130121 -0.18967026
vt -0.03093767 -0.00363088
vt 2.23910737 0.00000000
vt 6.09281588 -0.26170471
vt 8.10670757 0.00000000
vt 3.33071804 0.00000000
vt 0.98756945 0.00595572
vt 6.77625656 0.01200000
vt 0.03371533 0.01641727
vt 0.97342670 0.00373620
vt 0.00420304 -0.00300000
vt 0.00107500 -0.05224957
vt 0.01312500 0.02273317
vt 0.53449905 -0.88731998
vt 4.26684856 -1.57079637
vt 3.43233824 0.01200000
vt 0.52359879 -0.00600000
vt -0.03207674 -0.00270646
vt 0.90248537 -1.57079637
vt -0.01555646 0.02805750
vt 3.28485942 -0.00028041
vt -0.04555646 -0.02605402
vt 0.00112780 0.00000000
vt 3.82130766 -1.34639680
vt 0.90248537 -0.52359879
vt -0.04824759 -0.02625576
vt 3.23343229 -1.36917233
vt 0.01313805 -0.02920576
vt -0.03265165 -0.05676318
vt 0.99999934 0.00354889
vt 2.46187758 -0.26153755
vt 0.00000000 0.00583287
vt -0.02792326 -0.05466799
vt 1.23213136 -1.29521561
vt 0.01313805 0.02705576
vt 1.35099554 -0.78573108
vt 3.01009631 -0.00054385
vt -0.03324759 -0.00402500
vt -0.00187500 -0.05735912
vt -0.06673628 0.01450000
vt 5.49778700 0.00000000
vt 2.23910737 -0.44879895
vt 5.80519009 0.01500000
vt 0.96028000 0.00076815
vt -0.04175241 -0.03000576
vt 5.75958633 -0.00600000
vt -0.00235000 -0.00646538
vt -0.02812500 -0.00539760
vt 0.98778558 0.00161938
vt -0.03093022 -0.00369376
vt 2.35632706 -0.00140351
vt 2.09439516 -0.00600000
vt 4.68988180 -0.67494768
vt 4.97418833 -0.00238216
vt 5.60347033 -0.67319840
vt -0.01652028 0.02750104
vt 3.82130766 -1.12199736
vt -0.02847972 -0.05563181
vt 6.39293003 -1.49562931
vt 0.01175240 0.02410576
vt 0.00701169 0.02810000
vt 3.01069379 -0.00005598
vt 0.01234835 -0.02332911
vt 3.71421957 -1.29216278
vt 0.00000000 0.00321514
vt 1.91252112 -1.34641635
vt 2.01633692 -0.67319840
vt 0.00235000 0.06853462
vt -0.02813805 0.00107500
vt -0.02675240 0.00187500
vt 2.61415195 -0.78531629
vt 0.01500000 -0.02438076
vt 2.01633692 -1.34639680
vt 2.69279361 -0.01361066
vt 6.28318548 0.01700000
vt 0.90248537 -0.26179940
vt 6.50975704 0.01700000
vt 0.03492700 0.01299038
vt 1.91432178 -1.37593448
vt 0.00207674 -0.00270646
vt -0.00362222 -0.00117943
vt 3.70832014 -1.23788404
vt 5.04241514 -1.21555388
vt 0.99999988 0.00265503
vt 2.95246720 0.00000000
vt -0.00097057 0.00147222
vt -0.02675240 -0.00187500
vt 0.00097057 -0.05773374
vt -0.01312500 -0.02273317
vt -0.00152028 -0.00062972
vt 0.01285000 -0.02813076
vt 5.38070011 -0.67319840
vt 2.09439516 0.00000000
vt 0.03750000 -0.00000000
vt 5.89356232 -0.00062885
vt -0.03207674 -0.05466799
vt 3.59473610 0.01700000
vt 1.34802604 -0.52359879
vt -0.07123169 0.01266653
vt -0.04500000 -0.02438076
vt 3.02273321 -1.12199736
vt -0.03471161 -0.00635000
vt -0.07421539 0.00684720
vt 0.02902943 0.00362222
vt 4.71238899 0.00000000
vt 0.00097057 0.00147222
vt 6.36265421 -1.30912399
vt -0.03000000 -0.05036153
vt -0.00107500 -0.00401195
vt 5.98451233 -0.40215227
vt 0.67971504 -0.26179940
vt 5.98153639 -0.52367240
vt 0.01234835 -0.03078241
vt 3.36816430 0.01700000
vt 0.01361066 0.03100000
vt 3.02273321 -0.22439948
vt 2.46187758 -0.89759791
vt 1.91086054 -1.53112018
vt 2.46187758 -1.57079637
vt 2.60130525 -0.95951819
vt 3.40339208 -0.00600000
vt 2.43118167 0.01361066
vt 0.00000000 -0.01299038
vt 0.03152028 0.00152028
vt 0.01607500 0.02784272
vt 0.01607500 -0.02626881
vt 1.12525570 -0.52359879
vt 0.01313805 0.02490576
vt -0.01285000 0.02598076
vt -0.02222957 0.02904756
vt 0.01686195 0.02490576
vt -0.03471161 -0.01700000
vt 3.25133729 -1.49562931
vt 3.74788356 -1.57079637
vt 1.04719758 -0.00006268
vt 4.98084354 -0.92297107
vt 5.15792942 0.01700000
vt -0.01292326 -0.02542430
vt -0.00420304 0.03450000
vt 0.01234835 0.02332911
vt -0.04862222 -0.02910133
vt 4.36830711 -1.45406473
vt 0.03055646 -0.00207674
vt 0.99999619 0.00400173
vt 0.00525572 0.02480000
vt -0.04234835 -0.02547911
vt 0.07285562 0.00051564
vt 0.00055646 -0.05203478
vt -0.03371533 -0.01641727
vt 0.00000000 0.06798831
vt 1.30899692 -0.00256961
vt 0.01765165 -0.02547911
vt -0.00066866 0.01400000
vt 1.79353178 -0.79155982
vt -0.03362222 -0.05508209
vt 0.01392500 -0.02626881
vt 0.01607500 -0.02411881
vt 2.82884932 -0.86601180
vt 0.97478586 0.00302521
vt 4.63835001 -0.62966752
vt 0.99999988 0.00572186
vt 5.75996876 -0.72634131
vt 1.04719758 -0.00227302
vt 6.36421776 -1.31459415
vt 0.01597057 -0.02450854
vt 0.00324760 -0.05598652
vt 0.00157386 0.00000000
vt 1.79519582 0.01125090
vt 5.83004189 0.01700000
vt -0.03654158 0.00842393
vt 0.00215000 -0.05411153
vt 4.97418833 0.00000000
vt 4.58135128 -0.00262523
vt -0.00207674 -0.00159354
vt 3.67609167 -0.88731998
vt 6.60154486 -0.99242151
vt 6.47231054 0.01200000
vt -0.07433134 0.01400000
vt 0.00000000 0.00276477
vt -0.01652028 -0.02446048
vt 1.00000119 0.00430852
vt 0.00000000 -0.00000000
vt 4.45058966 0.00000000
vt -0.03152028 0.00152028
vt 4.58620644 -0.63768536
vt 0.00055646 -0.00422674
vt 2.23910737 0.00635000
vt 1.34802604 0.01700000
vt 0.99999785 0.00147721
vt -0.00489700 0.01352101
vt 2.54351187 -0.19046175
vt -0.02625000 -0.00215000
vt -0.02734835 -0.05676318
vt -0.00187500 -0.05086393
vt 3.66533208 -0.00001487
vt 2.68844938 0.01500000
vt -0.07433134 0.00000000
vt 0.01555646 -0.02605402
vt 2.61799383 -0.00600000
vt 3.33304787 -0.37909377
vt 6.80678415 0.00000000
vt -0.02675240 -0.05598652
vt 1.49675751 -0.62966752
vt 5.38070011 -0.89759791
vt 0.03000000 0.00375000
vt 2.01633692 -1.57079637
vt 3.74076724 -0.22425385
vt 0.07295529 0.01780000
vt 0.00800000 0.00646538
vt 3.91082048 -0.00021774
vt 3.91882396 -0.00138713
vt 4.27669477 -0.00239126
vt 3.02273321 -1.34639680
vt 2.62717128 -0.57005405
vt 0.01347972 0.02446048
vt 0.00187500 0.00109760
vt 2.35619450 -0.00020727
vt -0.02792326 -0.00055646
vt 0.69004440 0.00767195
vt 6.13979578 -0.00028055
vt 0.78539819 -0.00140400
vt 2.46187758 -0.67319840
vt 6.09405994 0.00000000
vt 0.02222957 -0.02904756
vt 2.74812818 -0.00044859
vt 2.46187758 -1.04740763
vt 1.57079637 -0.44879895
vt -0.01802930 -0.03050578
vt 2.59776211 -1.00014412
vt -0.01347972 0.02446048
vt -0.00378467 0.03366727
vt 3.33071804 0.01200000
vt 0.01652028 0.02750104
vt 6.76118040 0.01500000
vt -0.00097057 -0.00577222
vt 3.92699075 0.00000000
vt 1.12525570 -1.04719758
vt -0.00055646 -0.05203478
vt -0.02847972 -0.00152028
vt -0.03186195 -0.05303653
vt 0.02923628 -0.01075000
vt 5.42183685 -0.00016140
vt -0.01175240 0.02410576
vt 0.02073803 -0.02956538
vt 0.52359879 -0.00037520
vt 0.99999785 0.00194429
vt 0.00000000 -0.00014101
vt 0.00000018 0.00132050
vt -0.04312500 -0.02488317
vt -0.00800000 -0.06853462
vt 2.61799383 -0.00128652
vt 3.14166999 -0.00014441
vt 3.82130766 -0.44879895
vt -0.01555646 -0.02805750
vt 3.43598151 -0.37909377
vt 0.01652028 0.02446048
vt 0.00000000 0.00388858
vt 0.02422697 0.01958000
vt -0.07327272 0.02850000
vt 2.66359735 0.01250000
vt 0.01811093 -0.02388682
vt -0.01313805 0.02705576
vt 0.00000000 0.00348420
vt 3.02273321 -0.89759791
vt -0.00187500 0.00109760
vt -0.04313805 -0.02705576
vt 0.57549900 -0.00139084
vt -0.00324760 -0.00027500
vt 0.78539819 -0.01700000
vt -0.00172728 0.00250000
vt 5.23598766 0.00000000
vt 0.06872460 0.00904077
vt 0.00235000 0.00646538
vt 0.00420304 0.00000000
vt 1.79608560 -0.79660130
vt 5.75958633 -0.00037520
vt 0.01312500 -0.02488317
vt 0.26179940 -0.01700000
vt 3.82130766 -0.89759791
vt 0.00152028 -0.00367028
vt -0.03215000 -0.00215000
vt -0.02944354 0.00207674
vt -0.04686195 -0.02705576
vt 4.04407787 0.00000000
vt 3.16352654 -0.00015921
vt 0.02785000 0.00000000
vt 0.99999750 0.00188522
vt 6.16682243 -1.56595707
vt 0.01347972 -0.02750104
vt 3.14159274 -1.14895201
vt -0.00107500 -0.00028805
vt 3.26045203 0.00000000
vt -0.00066866 0.00000000
vt 3.82130766 0.00635000
vt 1.79356670 0.00000000
vt 4.53518677 -0.69716132
vt -0.04137778 -0.02716019
vt 3.59473610 0.01500000
vt 7.33038282 -0.00600000
vt 2.01959538 0.01153105
vt 3.73403096 0.00000000
vt 2.46187758 -0.52338862
vt 0.99999738 0.00169141
vt 0.96998906 0.00156695
vt -0.03055646 -0.05203478
vt 0.52359879 -0.00128652
vt 2.01633692 0.00000000
vt -0.00362222 -0.00312057
vt -0.03186195 -0.00322500
vt 0.99999994 0.00342150
vt 1.30903339 -0.00000116
vt 1.57079637 0.00635000
vt 5.38070011 -1.57079637
vt -0.02073803 -0.02956538
vt 4.81255913 -0.62682742
vt 2.77730823 0.01700000
vt 0.00152028 -0.05259125
vt 0.67971504 -1.04719758
vt 2.66359735 0.01500000
vt 0.00000000 0.00577618
vt 0.00525572 0.00000000
vt 0.02812500 -0.00324760
vt 3.45590138 -0.89778858
vt 2.61799383 0.00000000
vt 0.01444354 0.02390402
vt 2.23910737 -1.34639680
vt 2.54118395 -0.26171756
vt 0.00187500 -0.05735912
vt 5.70768642 -0.00139084
vt 4.48965359 -0.79155982
vt 0.02734835 -0.00265165
vt 0.01811093 0.02388682
vt 0.03371533 -0.01641727
vt -0.07053313 0.03880000
vt 3.17045164 -1.16850054
vt -0.01686195 -0.02705576
vt 5.74752140 -0.89810729
vt -0.03000000 -0.05786153
vt 3.02273321 0.00000000
vt 0.01707674 0.02653722
vt 0.00000000 0.00755063
vt 1.57079637 -0.67319840
vt 2.46839428 0.01361066
vt 2.23910737 0.01700000
vt 0.00000000 -0.00430000
vt 0.97572798 0.00731828
vt 0.52373934 -0.00001487
vt 0.00000000 0.00403979
vt 2.09439516 -0.01700000
vt 0.01555646 -0.02805750
vt -0.02637778 -0.05314095
vt 6.02138615 -0.00079148
vt 4.36886358 -1.37593448
vt -0.00324760 -0.05223652
vt -0.03152028 -0.05563181
vt 0.94616735 0.00634225
vt 0.00207674 -0.05355506
vt 0.01402943 -0.02450854
vt 2.81662607 -1.12240744
vt 3.44026566 -0.40215227
vt -0.02637778 -0.05508209
vt 3.66519141 -0.00086861
vt 0.01175240 -0.03000576
vt -0.04687500 -0.03137836
vt 0.57262683 -1.29216278
vt 6.02138615 -0.00600000
vt 4.93515921 -0.22439948
vt 0.03093767 -0.00363088
vt -0.02422697 0.01958000
vt 0.00000000 0.00676744
vt 0.00510361 0.02502536
vt -0.00207674 -0.05466799
vt 1.57079637 -0.22439948
vt 1.30899692 -0.00600000
vt 0.01392500 -0.02999272
vt 6.80678415 -0.00600000
vt -0.07415257 0.00705823
vt 4.04407787 -1.57079637
vt 0.00114787 0.00660423
vt 0.00420304 -0.00050000
vt 2.68844938 0.01700000
vt 6.24024916 -1.19266260
vt 5.67891216 -0.37909377
vt 0.00680902 0.00961189
vt -0.02847972 0.00152028
vt 2.74901581 -0.00004321
vt 0.00000000 0.00701169
vt -0.01312500 0.02273317
vt -0.02422697 -0.01958000
vt 5.38070011 0.00000000
vt -0.00749029 -0.01700000
vt 0.00097057 -0.00577222
vt 1.23482072 -1.57079637
vt 6.63553524 -1.57079637
vt 2.84291959 -0.40215227
vt 5.73935461 -1.00014412
vt -0.00000000 0.00342150
vt 3.64815712 -0.37909377
vt 5.92710924 0.01700000
vt 0.00324760 -0.05223652
vt -0.03000000 0.00215000
vt 0.78539819 -0.00600000
vt 0.90248537 0.00635000
vt -0.04652028 -0.02965104
vt 3.40339208 -0.00012018
vt 1.00000000 0.00231524
vt 4.37066412 -1.34641635
vt 1.00000000 0.00773077
vt 5.80519009 0.01250000
vt 2.81222558 -1.20618415
vt 3.26045203 -1.57079637
vt 4.04407787 -0.89759791
vt 0.00000000 0.00000000
vt 0.01500000 0.02223076
vt -0.00000000 0.00755063
vt 6.02138615 0.00000000
vt 5.95381832 -1.20618415
vt -0.03152028 -0.00152028
vt -0.07009043 0.01356820
vt 0.90248537 -1.30899692
vt 2.24822736 -0.01235100
vt 1.83259571 -0.00000008
vt 0.06839789 0.00936920
vt -0.00186195 -0.05303653
vt 7.06858349 0.00000000
vt 3.19792795 -1.22531521
vt -0.00186195 -0.05518652
vt 0.01949307 0.02331746
vt 2.32715130 -0.00186164
vt 0.00186195 -0.05303653
vt 1.10939932 0.01700000
vt 0.00000000 0.00342150
vt 2.09999800 0.01175240
vt 4.48961878 -0.67319840
vt 6.76118040 0.01250000
vt 6.28318548 -1.14895201
vt 1.52303123 -0.64632410
vt 1.57079637 -0.52359879
vt 0.02600388 0.02669739
vt 6.73632860 0.01500000
vt 2.84178638 -0.44853202
vt 1.83259571 0.00000000
vt -0.00215000 -0.05411153
vt -0.04765165 -0.02547911
vt 6.02138615 -0.00050696
vt 4.04407787 -0.44879895
vt 6.15061235 -0.00057807
vt -0.01313805 -0.02490576
vt -0.03000000 -0.00215000
vt 0.01707674 -0.02542430
vt 0.01686195 0.02705576
vt 0.06989639 0.02502536
vt 1.70367396 0.01128208
vt -0.04555646 -0.03020750
vt 0.06309804 0.01150000
vt -0.00157386 0.01030000
vt -0.01687500 -0.02273317
vt -0.00000000 0.00477708
vt 0.00000000 0.00633794
vt -0.00152028 -0.05563181
vt 3.92699075 -0.00020727
vt -0.07387220 0.00800000
vt 0.02422697 -0.01958000
vt -0.00646538 0.00000000
vt 0.01190195 0.00000000
vt 3.71516705 -1.30076194
vt 2.35619450 0.00000000
vt 5.05102634 -1.29489338
vt -0.02847972 -0.00367028
vt 5.09192705 -0.00220888
vt 3.46043372 -1.00340819
vt 2.37604237 0.01312500
vt 6.32612276 -1.19266534
vt -0.07342614 0.03180000
vt -0.03371533 0.01641727
vt 0.01149407 0.02465000
vt 6.58488703 -0.52360868
vt -0.00000000 0.00000000
vt 5.68510437 -0.19046175
vt 3.67691565 -0.89760518
vt 4.45058966 -0.00600000
vt 3.65108013 -0.44863090
vt 6.09405994 0.00635000
vt 3.73758864 0.00000000
vt -0.07079696 0.00000000
vt 0.02892500 0.00186195
vt 1.04719758 -0.00600000
vt 0.67971504 0.01700000
vt 1.57079637 -0.01700000
vt 5.05591440 -1.37593448
vt 3.14159274 0.00635000
vt 3.65757704 -0.60082120
vt 2.83690000 0.01250000
vt -0.03207674 -0.05355506
vt 0.01392500 -0.02784272
vt 2.01633692 -0.44879895
vt 4.18879032 0.00000000
vt 0.26179940 -0.00012018
vt 4.37641335 -1.57079637
vt 1.83040965 -0.89814174
vt 0.06790493 0.00986479
vt 0.00000000 0.00604280
vt 5.49778700 0.00000000
vt 0.00000000 -0.03100000
vt 0.01715000 -0.02813076
vt 0.01444354 -0.02390402
vt 2.95013738 -0.37909377
vt -0.04707674 -0.02868722
vt 2.46187758 0.00635000
vt 5.97849274 0.01500000
vt 0.00324760 -0.00027500
vt 0.60629100 -1.57079637
vt 6.54498482 -0.00600000
vt 6.07053852 -0.00016373
vt -0.03000000 -0.05626152
vt -0.03107500 -0.05597348
vt -0.02734835 0.00050165
vt 5.97890282 -0.62907463
vt -0.00066866 0.02810000
vt 0.78539819 -0.00020727
vt 0.06911707 0.00070711
vt 0.01949307 -0.02331746
vt 0.98371267 0.00276166
vt 5.93291330 -1.54051697
vt 0.00000000 0.00321514
vt 4.25099182 0.01700000
vt -0.01149407 0.02465000
vt 0.00000000 0.00400173
vt 3.22262502 -1.31459415
vt 6.17344475 -1.49559212
vt 5.07894516 0.01700000
vt 1.78208721 0.01125537
vt -0.02923628 0.00000000
vt -0.03055646 -0.05618826
vt 0.01652028 -0.02661048
vt 3.50587702 0.01700000
vt 6.16432571 -1.04719758
vt 4.45277548 -0.89814174
vt 3.66519141 0.00000000
vt 0.98450708 0.00141271
vt 5.05409575 -1.34641790
vt 2.24401593 0.01232957
vt 2.78924274 -1.57079637
vt 0.06798831 0.02810000
vt 5.49778700 -0.00020727
vt -0.03000000 -0.00430000
vt 6.16432571 -1.57079637
vt -0.04175241 -0.02625576
vt 5.70441532 -1.34643161
vt 1.59330344 -0.67494768
vt 3.14159274 -0.01361066
vt 0.54384148 -0.99987918
vt 1.86908627 0.01128842
vt 0.97577906 0.00519541
vt -0.00446687 0.03880000
vt -0.04234835 -0.03078241
vt 3.24312758 -1.43017364
vt 0.02916569 0.02357143
vt 1.23193324 -1.53065240
vt -0.00186195 -0.00322500
vt 0.79886901 -0.00183392
vt -0.04500000 -0.03188076
vt 5.23598766 -0.00006268
vt 1.91487825 -1.45406544
vt 1.04719758 0.00000000
vt 0.94974452 0.00478484
vt 5.38070011 -0.44879895
vt 3.15617418 -1.15391040
vt 4.93515921 0.00635000
vt -0.01392500 0.02411881
vt 5.83004189 0.01500000
vt 0.99195653 0.00411986
vt 2.69279361 0.01361066
vt 0.99999821 0.00401415
vt 4.31917524 -0.00001795
vt 2.91719317 0.01361066
vt 2.46839428 -0.01361066
vt 0.59243834 0.00000000
vt 0.00000006 0.00680501
vt 0.67971504 -1.34600425
vt 0.01500000 -0.02598076
vt -0.03492700 0.01299038
vt -0.02675240 -0.00402500
vt 4.97418833 -0.00256961
vt 4.71238899 -0.67319840
vt 3.02273321 -1.57079637
vt 3.12703252 -1.15389585
vt 0.13038826 -0.00005623
vt 4.71238899 -0.00261064
vt 4.71238899 0.00000000
vt 6.28318548 -0.00600000
vt 4.48961878 -0.22439948
vt -0.00000057 -0.00055667
vt 3.66018391 -0.64888042
vt -0.00114787 -0.00660423
vt 6.02138615 -0.01700000
vt 0.03654158 -0.00842393
vt 0.01765165 -0.03078241
vt 0.03207674 0.00055646
vt 5.38070011 0.01700000
vt 0.01149407 -0.02465000
vt 5.23598766 -0.00600000
vt -0.00097057 -0.05048930
vt 0.56672746 -1.23788404
vt 5.23598766 -0.00227302
vt 5.10744143 -0.00244608
vt 6.18165016 -1.43017364
vt 0.00112780 0.01410000
vt 3.40339208 -0.00001022
vt 3.45046568 -0.76660627
vt 4.26684856 -0.67319840
vt 5.67689419 -1.57079637
vt 0.52359879 0.00000000
vt 1.86916137 -0.01128849
vt -0.00301696 0.01173598
vt 0.53186458 -0.84907192
vt 0.00000000 0.00199459
vt 3.82130766 -0.67319840
vt -0.02559805 -0.01775000
vt -0.02600388 -0.02669739
vt 0.00265165 -0.05676318
vt -0.26179940 -0.00600000
vt 3.92699075 -0.01700000
usemtl Celeste
f 3/1 2/2 48/3
f 2/2 46/4 48/3
f 48/3 46/4 47/5
f 46/4 44/6 47/5
f 47/5 44/6 45/7
f 44/6 42/8 45/7
f 45/7 42/8 43/9
f 42/8 40/10 43/9
f 43/9 40/10 41/11
f 40/10 38/12 41/11
f 41/11 38/12 39/13
f 38/12 36/14 39/13
f 39/13 36/14 37/15
f 36/14 34/16 37/15
f 37/15 34/16 35/17
f 34/16 32/18 35/17
f 35/17 32/18 33/19
f 32/18 30/20 33/19
f 33/19 30/20 31/21
f 30/20 28/22 31/21
f 31/21 28/22 29/23
f 28/22 26/24 29/23
f 29/23 26/24 27/25
f 26/24 24/26 27/25
f 27/25 24/26 25/27
f 24/26 22/28 25/27
f 25/27 22/28 23/29
f 22/28 20/30 23/29
f 23/29 20/30 21/31
f 20/30 18/32 21/31
f 21/31 18/32 19/33
f 18/32 16/34 19/33
f 19/33 16/34 17/35
f 16/34 14/36 17/35
f 17/35 14/36 15/37
f 14/36 12/38 15/37
f 15/37 12/38 13/39
f 12/38 10/40 13/39
f 13/39 10/40 11/41
f 10/40 8/42 11/41
f 11/41 8/42 9/43
f 8/42 6/44 9/43
f 9/43 6/44 7/45
f 6/44 4/46 7/45
f 7/45 4/46 5/47
f 4/46 1/48 5/47
f 5/47 1/48 3/49
f 1/48 2/50 3/49
f 97/51 98/52 60/50
f 106/53 55/12 54/10
f 103/54 104/55 54/10
f 104/55 105/56 54/10
f 105/56 107/57 54/10
f 54/10 107/57 106/53
f 54/10 53/8 103/54
f 53/8 70/6 103/54
f 103/54 70/6 102/58
f 60/2 98/59 69/4
f 98/52 99/60 69/61
f 99/60 100/62 69/61
f 69/61 100/62 70/63
f 100/62 101/64 70/63
f 70/63 101/64 102/65
f 97/51 60/50 95/66
f 60/50 52/48 95/66
f 95/66 52/48 96/67
f 96/67 52/48 94/68
f 52/48 51/46 94/68
f 94/68 51/46 93/69
f 51/46 59/44 93/69
f 93/69 59/44 92/70
f 92/70 59/44 89/71
f 59/44 58/42 89/71
f 89/71 58/42 91/72
f 50/40 87/73 58/42
f 87/73 90/74 58/42
f 58/42 90/74 91/72
f 49/38 86/75 50/40
f 86/75 88/76 50/40
f 50/40 88/76 87/73
f 106/53 109/77 55/12
f 109/77 108/78 55/12
f 55/12 108/78 56/14
f 108/78 85/79 56/14
f 56/14 85/79 61/16
f 85/79 84/80 61/16
f 61/16 84/80 62/18
f 84/80 83/81 62/18
f 62/18 83/81 63/20
f 83/81 82/82 63/20
f 63/20 82/82 67/22
f 82/82 81/83 67/22
f 67/22 81/83 71/24
f 81/83 80/84 71/24
f 71/24 80/84 72/26
f 80/84 79/85 72/26
f 72/26 79/85 64/28
f 79/85 78/86 64/28
f 64/28 78/86 65/30
f 78/86 77/87 65/30
f 65/30 77/87 68/32
f 77/87 76/88 68/32
f 68/32 76/88 66/34
f 76/88 75/89 66/34
f 66/34 75/89 57/36
f 75/89 73/90 57/36
f 57/36 73/90 49/38
f 73/90 74/91 49/38
f 49/38 74/91 86/75
f 203/1 198/2 226/3
f 198/2 188/4 226/3
f 226/3 188/4 225/5
f 188/4 189/6 225/5
f 225/5 189/6 224/7
f 189/6 190/8 224/7
f 224/7 190/8 223/9
f 190/8 191/10 223/9
f 223/9 191/10 222/11
f 191/10 192/12 222/11
f 222/11 192/12 221/13
f 192/12 181/14 221/13
f 221/13 181/14 220/15
f 181/14 182/16 220/15
f 220/15 182/16 219/17
f 182/16 193/18 219/17
f 219/17 193/18 218/19
f 193/18 194/20 218/19
f 218/19 194/20 217/21
f 194/20 199/22 217/21
f 217/21 199/22 216/23
f 199/22 200/24 216/23
f 216/23 200/24 215/25
f 200/24 201/26 215/25
f 215/25 201/26 214/27
f 201/26 202/28 214/27
f 214/27 202/28 213/29
f 202/28 183/30 213/29
f 213/29 183/30 212/31
f 183/30 184/32 212/31
f 212/31 184/32 211/33
f 184/32 185/34 211/33
f 211/33 185/34 210/35
f 185/34 186/36 210/35
f 210/35 186/36 209/37
f 186/36 179/38 209/37
f 209/37 179/38 208/39
f 179/38 180/40 208/39
f 208/39 180/40 207/41
f 180/40 187/42 207/41
f 207/41 187/42 206/43
f 187/42 195/44 206/43
f 206/43 195/44 205/45
f 195/44 196/46 205/45
f 205/45 196/46 204/47
f 196/46 197/48 204/47
f 204/47 197/48 203/49
f 197/48 198/50 203/49
f 176/92 174/93 172/34
f 174/93 175/36 172/34
f 176/92 172/34 171/94
f 172/34 169/32 171/94
f 171/94 169/32 173/95
f 173/95 169/32 168/96
f 169/32 167/30 168/96
f 168/96 167/30 170/97
f 164/28 158/26 162/98
f 162/98 163/99 164/28
f 163/99 165/100 164/28
f 164/28 165/100 167/30
f 165/100 166/101 167/30
f 167/30 166/101 170/97
f 155/24 159/102 158/26
f 159/102 161/103 158/26
f 158/26 161/103 162/98
f 152/22 156/104 155/24
f 156/104 160/105 155/24
f 155/24 160/105 159/102
f 149/20 153/106 152/22
f 153/106 157/107 152/22
f 152/22 157/107 156/104
f 146/18 150/108 149/20
f 150/108 154/109 149/20
f 149/20 154/109 153/106
f 145/16 147/110 146/18
f 147/110 151/111 146/18
f 146/18 151/111 150/108
f 139/14 122/112 145/16
f 122/112 148/113 145/16
f 145/16 148/113 147/110
f 174/93 178/114 175/36
f 178/114 127/115 175/36
f 175/36 127/115 177/38
f 127/115 126/116 177/38
f 177/38 126/116 138/40
f 126/116 132/117 138/40
f 138/40 132/117 137/42
f 132/117 129/118 137/42
f 137/42 129/118 136/44
f 129/118 119/119 136/44
f 136/44 119/119 135/46
f 119/119 114/120 135/46
f 135/46 114/120 134/48
f 114/120 111/121 134/48
f 134/48 111/121 133/50
f 111/121 110/122 133/50
f 133/50 110/122 144/61
f 110/122 115/123 144/61
f 144/61 115/123 143/63
f 115/123 120/124 143/63
f 143/63 120/124 142/125
f 120/124 113/126 142/125
f 142/125 113/126 141/127
f 113/126 112/128 141/127
f 141/127 112/128 140/129
f 112/128 121/130 140/129
f 140/129 121/130 139/131
f 121/130 117/132 139/131
f 139/131 117/132 122/133
f 658/1 657/2 681/3
f 657/2 648/4 681/3
f 681/3 648/4 680/5
f 648/4 640/6 680/5
f 680/5 640/6 679/7
f 640/6 634/8 679/7
f 679/7 634/8 678/9
f 634/8 635/10 678/9
f 678/9 635/10 677/11
f 635/10 643/12 677/11
f 677/11 643/12 676/13
f 643/12 644/14 676/13
f 676/13 644/14 675/15
f 644/14 645/16 675/15
f 675/15 645/16 674/17
f 645/16 646/18 674/17
f 674/17 646/18 673/19
f 646/18 641/20 673/19
f 673/19 641/20 672/21
f 641/20 642/22 672/21
f 672/21 642/22 671/23
f 642/22 647/24 671/23
f 671/23 647/24 670/25
f 647/24 636/26 670/25
f 670/25 636/26 669/27
f 636/26 637/28 669/27
f 669/27 637/28 668/29
f 637/28 638/30 668/29
f 668/29 638/30 667/31
f 638/30 639/32 667/31
f 667/31 639/32 666/33
f 639/32 649/34 666/33
f 666/33 649/34 665/35
f 649/34 650/36 665/35
f 665/35 650/36 664/37
f 650/36 651/38 664/37
f 664/37 651/38 663/39
f 651/38 652/40 663/39
f 663/39 652/40 662/41
f 652/40 653/42 662/41
f 662/41 653/42 661/43
f 653/42 654/44 661/43
f 661/43 654/44 660/45
f 654/44 655/46 660/45
f 660/45 655/46 659/47
f 655/46 656/48 659/47
f 659/47 656/48 658/49
f 656/48 657/50 658/49
f 442/134 545/42 447/135
f 545/42 561/40 447/135
f 447/135 561/40 452/136
f 561/40 453/137 452/136
f 453/137 561/40 451/138
f 561/40 560/38 451/138
f 451/138 560/38 450/139
f 560/38 559/36 450/139
f 450/139 559/36 449/140
f 449/140 559/36 448/141
f 559/36 558/34 448/141
f 448/141 558/34 454/142
f 556/32 457/143 558/34
f 457/143 455/144 558/34
f 558/34 455/144 454/142
f 555/28 459/145 557/30
f 459/145 460/146 557/30
f 557/30 460/146 556/32
f 460/146 456/147 556/32
f 556/32 456/147 457/143
f 463/148 462/149 554/26
f 462/149 464/150 554/26
f 554/26 464/150 555/28
f 464/150 458/151 555/28
f 555/28 458/151 459/145
f 463/148 554/26 461/152
f 554/26 553/24 461/152
f 461/152 553/24 467/153
f 552/22 465/154 553/24
f 465/154 468/155 553/24
f 553/24 468/155 467/153
f 538/20 409/156 552/22
f 409/156 466/157 552/22
f 552/22 466/157 465/154
f 440/158 439/159 549/2
f 439/159 550/4 549/2
f 548/48 431/160 549/50
f 431/160 433/161 549/50
f 549/50 433/161 440/162
f 546/46 426/163 548/48
f 426/163 432/164 548/48
f 548/48 432/164 431/160
f 442/134 420/165 545/42
f 420/165 422/166 545/42
f 545/42 422/166 547/44
f 422/166 421/167 547/44
f 547/44 421/167 546/46
f 421/167 427/168 546/46
f 546/46 427/168 426/163
f 439/159 441/169 550/4
f 441/169 403/170 550/4
f 550/4 403/170 551/6
f 403/170 393/171 551/6
f 551/6 393/171 544/8
f 393/171 397/172 544/8
f 544/8 397/172 543/10
f 397/172 411/173 543/10
f 543/10 411/173 542/12
f 411/173 400/174 542/12
f 542/12 400/174 541/14
f 400/174 399/175 541/14
f 541/14 399/175 540/16
f 399/175 404/176 540/16
f 540/16 404/176 539/18
f 404/176 408/177 539/18
f 539/18 408/177 538/20
f 408/177 394/178 538/20
f 538/20 394/178 409/156
f 130/179 227/180 123/181
f 227/180 228/182 123/181
f 274/183 255/184 273/185
f 255/184 254/186 273/185
f 262/187 273/185 261/188
f 273/185 254/186 261/188
f 261/188 254/186 243/189
f 254/186 244/190 243/189
f 271/191 272/192 238/193
f 238/193 272/192 229/194
f 271/191 238/193 270/195
f 238/193 227/196 270/195
f 270/195 227/196 130/197
f 272/192 268/198 229/194
f 268/198 267/199 229/194
f 229/194 267/199 237/200
f 267/199 269/201 237/200
f 237/200 269/201 235/202
f 233/203 236/204 266/205
f 269/201 264/206 235/202
f 264/206 263/207 235/202
f 235/202 263/207 236/204
f 263/207 265/208 236/204
f 236/204 265/208 266/205
f 261/209 243/210 234/211
f 262/212 261/209 260/213
f 261/209 234/211 260/213
f 260/213 234/211 258/214
f 234/211 233/203 258/214
f 258/214 233/203 259/215
f 233/203 266/205 259/215
f 365/216 364/217 368/218
f 377/219 332/220 376/221
f 332/220 331/222 376/221
f 331/222 327/223 376/221
f 327/223 328/224 376/221
f 376/221 328/224 375/225
f 328/224 330/226 375/225
f 375/225 330/226 374/227
f 324/228 372/229 325/230
f 372/229 373/231 325/230
f 325/230 373/231 323/232
f 373/231 374/227 323/232
f 323/232 374/227 329/233
f 374/227 330/226 329/233
f 319/234 321/235 370/236
f 324/228 318/237 372/229
f 318/237 319/234 372/229
f 372/229 319/234 371/238
f 319/234 370/236 371/238
f 335/239 362/240 316/241
f 362/240 365/216 316/241
f 316/241 365/216 315/242
f 365/216 368/218 315/242
f 315/242 368/218 314/243
f 368/218 369/244 314/243
f 314/243 369/244 313/245
f 369/244 370/236 313/245
f 313/245 370/236 320/246
f 370/236 321/235 320/246
f 362/247 363/248 366/249
f 367/250 364/251 366/249
f 364/251 365/252 366/249
f 366/249 365/252 362/247
f 380/253 338/254 377/255
f 338/254 332/256 377/255
f 367/257 366/258 357/259
f 363/260 360/261 366/258
f 360/261 359/262 366/258
f 366/258 359/262 357/259
f 367/257 357/259 387/263
f 357/259 354/264 387/263
f 387/263 354/264 386/265
f 354/264 356/266 386/265
f 356/266 352/267 386/265
f 386/265 352/267 385/268
f 352/267 351/269 385/268
f 385/268 351/269 384/270
f 351/269 350/271 384/270
f 350/271 353/272 384/270
f 353/272 346/273 384/270
f 384/270 346/273 383/274
f 346/273 345/275 383/274
f 383/274 345/275 382/276
f 345/275 348/277 382/276
f 348/277 347/278 382/276
f 382/276 347/278 381/279
f 347/278 343/280 381/279
f 381/279 343/280 379/281
f 343/280 340/282 379/281
f 340/282 339/283 379/281
f 379/281 339/283 378/284
f 339/283 338/285 378/284
f 378/284 338/285 380/286
f 288/287 289/288 285/289
f 289/288 290/290 285/289
f 297/291 299/292 298/293
f 299/292 300/294 298/293
f 776/295 774/296 775/297
f 774/296 773/298 775/297
f 776/299 775/300 778/301
f 776/299 778/301 777/302
f 778/301 779/303 777/302
f 777/302 779/303 780/304
f 779/305 781/306 780/307
f 781/306 782/308 780/307
f 786/309 784/310 785/311
f 784/310 783/312 785/311
f 785/313 805/314 786/315
f 805/314 813/316 786/315
f 786/315 813/316 809/317
f 814/318 812/319 809/317
f 812/319 810/320 809/317
f 810/320 811/321 809/317
f 811/321 796/322 809/317
f 809/317 796/322 786/315
f 732/323 729/324 752/325
f 729/324 728/326 752/325
f 753/327 767/328 736/329
f 753/327 750/330 767/328
f 750/330 749/331 767/328
f 767/328 749/331 768/332
f 732/333 752/334 734/335
f 752/334 753/327 734/335
f 734/335 753/327 733/336
f 753/327 736/329 733/336
f 772/337 769/338 771/339
f 769/338 770/340 771/339
f 771/339 770/340 768/341
f 770/340 767/342 768/341
f 1082/343 812/344 1170/345
f 812/344 814/346 1170/345
f 1170/345 814/346 1171/347
f 814/346 1062/348 1171/347
f 1188/349 1187/350 1185/351
f 1183/352 1195/353 1193/354
f 1191/355 1190/356 1192/357
f 1190/356 1193/354 1192/357
f 1175/358 1174/359 1181/360
f 1174/359 1172/361 1181/360
f 1181/360 1172/361 1183/352
f 1176/362 1175/358 1177/363
f 1175/358 1181/360 1177/363
f 1177/363 1181/360 1178/364
f 1181/360 1180/365 1178/364
f 1178/364 1180/365 1179/366
f 1193/354 1190/356 1183/352
f 1190/356 1189/367 1183/352
f 1183/352 1189/367 1188/349
f 1185/351 1184/368 1188/349
f 1184/368 1186/369 1188/349
f 1188/349 1186/369 1183/352
f 1186/369 1182/370 1183/352
f 1183/352 1182/370 1181/360
f 696/371 699/372 685/373
f 691/374 685/373 693/375
f 685/373 684/376 693/375
f 691/374 692/377 685/373
f 692/377 695/378 685/373
f 685/373 695/378 696/371
f 694/379 685/373 686/380
f 685/373 689/381 686/380
f 686/380 689/381 690/382
f 690/382 687/383 686/380
f 687/383 688/384 686/380
f 686/380 688/384 697/385
f 698/386 684/376 682/387
f 684/376 685/373 682/387
f 682/387 685/373 683/388
f 685/373 694/379 683/388
f 927/389 940/390 926/391
f 940/390 944/392 926/391
f 926/391 944/392 925/393
f 944/392 945/394 925/393
f 925/393 945/394 924/395
f 945/394 951/396 924/395
f 924/395 951/396 923/397
f 951/396 958/398 923/397
f 923/397 958/398 922/399
f 958/398 952/400 922/399
f 922/399 952/400 921/401
f 952/400 953/402 921/401
f 921/401 953/402 920/403
f 953/402 954/404 920/403
f 920/403 954/404 919/405
f 954/404 955/406 919/405
f 919/405 955/406 918/407
f 955/406 959/408 918/407
f 918/407 959/408 917/409
f 959/408 960/410 917/409
f 917/409 960/410 915/411
f 960/410 961/412 915/411
f 915/411 961/412 916/413
f 961/412 962/414 916/413
f 916/413 962/414 938/415
f 962/414 956/416 938/415
f 938/415 956/416 937/417
f 956/416 946/418 937/417
f 937/417 946/418 936/419
f 946/418 947/420 936/419
f 936/419 947/420 935/421
f 947/420 957/422 935/421
f 935/421 957/422 934/423
f 957/422 941/424 934/423
f 934/423 941/424 933/425
f 941/424 942/426 933/425
f 933/425 942/426 932/427
f 942/426 948/428 932/427
f 932/427 948/428 931/429
f 948/428 949/430 931/429
f 931/429 949/430 930/431
f 949/430 950/432 930/431
f 930/431 950/432 929/433
f 950/432 943/434 929/433
f 929/433 943/434 928/435
f 943/434 939/436 928/435
f 928/435 939/436 927/389
f 939/436 940/390 927/389
f 909/437 1161/438 908/439
f 1161/438 1162/440 908/439
f 908/439 1162/440 907/441
f 1162/440 1163/442 907/441
f 907/441 1163/442 906/443
f 1163/442 1165/444 906/443
f 906/443 1165/444 905/445
f 1165/444 1164/446 905/445
f 905/445 1164/446 904/447
f 1164/446 1166/448 904/447
f 904/447 1166/448 903/449
f 1166/448 1167/450 903/449
f 903/449 1167/450 902/451
f 1167/450 1168/452 902/451
f 902/451 1168/452 901/453
f 1168/452 1169/454 901/453
f 901/453 1169/454 900/455
f 1169/454 1152/456 900/455
f 900/455 1152/456 899/457
f 1152/456 1150/458 899/457
f 899/457 1150/458 898/459
f 1150/458 1148/460 898/459
f 898/459 1148/460 897/461
f 1148/460 1146/462 897/461
f 897/461 1146/462 896/463
f 1146/462 1144/464 896/463
f 896/463 1144/464 895/465
f 1144/464 1142/466 895/465
f 895/465 1142/466 894/467
f 1142/466 1140/468 894/467
f 894/467 1140/468 893/469
f 1140/468 1153/470 893/469
f 893/469 1153/470 891/471
f 1153/470 1154/472 891/471
f 891/471 1154/472 892/473
f 1154/472 1155/474 892/473
f 892/473 1155/474 914/475
f 1155/474 1156/476 914/475
f 914/475 1156/476 913/477
f 1156/476 1158/478 913/477
f 913/477 1158/478 912/479
f 1158/478 1157/480 912/479
f 912/479 1157/480 911/481
f 1157/480 1159/482 911/481
f 911/481 1159/482 910/483
f 1159/482 1160/484 910/483
f 910/483 1160/484 909/437
f 1160/484 1161/438 909/437
f 586/485 579/486 587/487
f 579/486 568/488 587/487
f 587/487 568/488 591/489
f 568/488 567/490 591/489
f 591/489 567/490 592/491
f 567/490 566/492 592/491
f 592/491 566/492 593/493
f 566/492 565/494 593/493
f 593/493 565/494 601/495
f 565/494 564/496 601/495
f 601/495 564/496 589/497
f 564/496 563/498 589/497
f 589/497 563/498 590/499
f 563/498 562/500 590/499
f 590/499 562/500 594/501
f 562/500 580/502 594/501
f 594/501 580/502 595/503
f 580/502 581/504 595/503
f 595/503 581/504 596/505
f 581/504 582/506 596/505
f 596/505 582/506 597/507
f 582/506 583/508 597/507
f 597/507 583/508 598/509
f 583/508 584/510 598/509
f 598/509 584/510 602/511
f 584/510 585/512 602/511
f 602/511 585/512 599/513
f 585/512 570/514 599/513
f 599/513 570/514 600/515
f 570/514 569/516 600/515
f 600/515 569/516 605/517
f 569/516 571/518 605/517
f 605/517 571/518 606/519
f 571/518 572/520 606/519
f 606/519 572/520 603/521
f 572/520 573/522 603/521
f 603/521 573/522 604/523
f 573/522 574/524 604/523
f 604/523 574/524 607/525
f 574/524 576/526 607/525
f 607/525 576/526 608/527
f 576/526 575/528 608/527
f 608/527 575/528 609/529
f 575/528 577/530 609/529
f 609/529 577/530 588/531
f 577/530 578/532 588/531
f 588/531 578/532 586/485
f 578/532 579/486 586/485
f 634/533 544/534 635/535
f 544/534 543/536 635/535
f 635/535 543/536 643/537
f 543/536 542/538 643/537
f 643/537 542/538 644/539
f 542/538 541/540 644/539
f 644/539 541/540 645/541
f 541/540 540/542 645/541
f 645/541 540/542 646/543
f 540/542 539/544 646/543
f 646/543 539/544 641/545
f 539/544 538/546 641/545
f 641/545 538/546 642/547
f 538/546 552/548 642/547
f 642/547 552/548 647/549
f 552/548 553/550 647/549
f 647/549 553/550 636/551
f 553/550 554/552 636/551
f 636/551 554/552 637/553
f 554/552 555/554 637/553
f 637/553 555/554 638/555
f 555/554 557/556 638/555
f 638/555 557/556 639/557
f 557/556 556/558 639/557
f 639/557 556/558 649/559
f 556/558 558/560 649/559
f 649/559 558/560 650/561
f 558/560 559/562 650/561
f 650/561 559/562 651/563
f 559/562 560/564 651/563
f 651/563 560/564 652/565
f 560/564 561/566 652/565
f 652/565 561/566 653/567
f 561/566 545/568 653/567
f 653/567 545/568 654/569
f 545/568 547/570 654/569
f 654/569 547/570 655/571
f 547/570 546/572 655/571
f 655/571 546/572 656/573
f 546/572 548/574 656/573
f 656/573 548/574 657/575
f 548/574 549/576 657/575
f 657/575 549/576 648/577
f 549/576 550/578 648/577
f 648/577 550/578 640/579
f 550/578 551/580 640/579
f 640/579 551/580 634/533
f 551/580 544/534 634/533
f 10/581 50/582 8/583
f 50/582 58/584 8/583
f 8/583 58/584 6/585
f 58/584 59/586 6/585
f 6/585 59/586 4/587
f 59/586 51/588 4/587
f 4/587 51/588 1/589
f 51/588 52/590 1/589
f 1/589 52/590 2/591
f 52/590 60/592 2/591
f 2/591 60/592 46/593
f 60/592 69/594 46/593
f 46/593 69/594 44/595
f 69/594 70/596 44/595
f 44/595 70/596 42/597
f 70/596 53/598 42/597
f 42/597 53/598 40/599
f 53/598 54/600 40/599
f 40/599 54/600 38/601
f 54/600 55/602 38/601
f 38/601 55/602 36/603
f 55/602 56/604 36/603
f 36/603 56/604 34/605
f 56/604 61/606 34/605
f 34/605 61/606 32/607
f 61/606 62/608 32/607
f 32/607 62/608 30/609
f 62/608 63/610 30/609
f 30/609 63/610 28/611
f 63/610 67/612 28/611
f 28/611 67/612 26/613
f 67/612 71/614 26/613
f 26/613 71/614 24/615
f 71/614 72/616 24/615
f 24/615 72/616 22/617
f 72/616 64/618 22/617
f 22/617 64/618 20/619
f 64/618 65/620 20/619
f 20/619 65/620 18/621
f 65/620 68/622 18/621
f 18/621 68/622 16/623
f 68/622 66/624 16/623
f 16/623 66/624 14/625
f 66/624 57/626 14/625
f 14/625 57/626 12/627
f 57/626 49/628 12/627
f 12/627 49/628 10/581
f 49/628 50/582 10/581
f 179/629 177/630 180/631
f 177/630 138/632 180/631
f 180/631 138/632 187/633
f 138/632 137/634 187/633
f 187/633 137/634 195/635
f 137/634 136/636 195/635
f 195/635 136/636 196/637
f 136/636 135/638 196/637
f 196/637 135/638 197/639
f 135/638 134/640 197/639
f 197/639 134/640 198/641
f 134/640 133/642 198/641
f 198/641 133/642 188/643
f 133/642 144/644 188/643
f 188/643 144/644 189/645
f 144/644 143/646 189/645
f 189/645 143/646 190/647
f 143/646 142/648 190/647
f 190/647 142/648 191/649
f 142/648 141/650 191/649
f 191/649 141/650 192/651
f 141/650 140/652 192/651
f 192/651 140/652 181/653
f 140/652 139/654 181/653
f 181/653 139/654 182/655
f 139/654 145/656 182/655
f 182/655 145/656 193/657
f 145/656 146/658 193/657
f 193/657 146/658 194/659
f 146/658 149/660 194/659
f 194/659 149/660 199/661
f 149/660 152/662 199/661
f 199/661 152/662 200/663
f 152/662 155/664 200/663
f 200/663 155/664 201/665
f 155/664 158/666 201/665
f 201/665 158/666 202/667
f 158/666 164/668 202/667
f 202/667 164/668 183/669
f 164/668 167/670 183/669
f 183/669 167/670 184/671
f 167/670 169/672 184/671
f 184/671 169/672 185/673
f 169/672 172/674 185/673
f 185/673 172/674 186/675
f 172/674 175/676 186/675
f 186/675 175/676 179/629
f 175/676 177/630 179/629
f 781/291 783/292 782/293
f 783/292 784/294 782/293
f 772/287 773/288 769/289
f 773/288 774/290 769/289
f 1190/677 1191/678 1059/679
f 1171/260 1062/261 1194/258
f 1062/261 1063/680 1194/258
f 1194/258 1063/680 1195/681
f 1063/680 1056/259 1195/681
f 1195/681 1056/259 1193/682
f 1056/259 1055/264 1193/682
f 1193/682 1055/264 1192/265
f 1055/264 1054/267 1192/265
f 1192/265 1054/267 1191/678
f 1054/267 1057/269 1191/678
f 1191/678 1057/269 1059/679
f 1059/679 1052/271 1190/677
f 1052/271 1049/273 1190/677
f 1190/677 1049/273 1189/683
f 1049/273 1048/275 1189/683
f 1189/683 1048/275 1188/684
f 1048/275 1050/685 1188/684
f 1050/685 1045/277 1188/684
f 1188/684 1045/277 1187/686
f 1045/277 1044/280 1187/686
f 1187/686 1044/280 1185/687
f 1044/280 1041/688 1185/687
f 1041/688 1038/282 1185/687
f 1185/687 1038/282 1184/689
f 1038/282 1037/285 1184/689
f 1184/689 1037/285 1186/286
f 1186/253 1037/254 1182/690
f 1037/254 1081/256 1182/690
f 1170/247 1171/248 1194/249
f 1195/250 1183/251 1194/249
f 1183/251 1173/252 1194/249
f 1194/249 1173/252 1170/247
f 1173/216 1183/217 1172/691
f 1182/692 1081/220 1181/693
f 1081/220 1079/222 1181/693
f 1079/222 1077/223 1181/693
f 1077/223 1078/224 1181/693
f 1181/693 1078/224 1180/694
f 1078/224 1080/226 1180/694
f 1180/694 1080/226 1179/695
f 1072/228 1177/696 1076/230
f 1177/696 1178/697 1076/230
f 1076/230 1178/697 1074/232
f 1178/697 1179/695 1074/232
f 1074/232 1179/695 1075/233
f 1179/695 1080/226 1075/233
f 1071/234 1073/235 1175/698
f 1072/228 1070/237 1177/696
f 1070/237 1071/234 1177/696
f 1177/696 1071/234 1176/699
f 1071/234 1175/698 1176/699
f 1082/239 1170/240 1069/241
f 1170/240 1173/216 1069/241
f 1069/241 1173/216 1067/242
f 1173/216 1172/691 1067/242
f 1067/242 1172/691 1066/243
f 1172/691 1174/700 1066/243
f 1066/243 1174/700 1065/245
f 1174/700 1175/698 1065/245
f 1065/245 1175/698 1068/246
f 1175/698 1073/235 1068/246
f 726/701 727/192 698/702
f 698/702 727/192 684/703
f 726/701 698/702 725/195
f 698/702 682/196 725/195
f 725/195 682/196 131/704
f 719/206 691/705 693/706
f 727/192 723/198 684/703
f 723/198 722/199 684/703
f 684/703 722/199 693/706
f 722/199 724/707 693/706
f 693/706 724/707 719/206
f 715/209 699/708 696/709
f 719/206 720/207 691/705
f 720/207 718/710 691/705
f 691/705 718/710 692/711
f 718/710 721/208 692/711
f 692/711 721/208 695/712
f 721/208 713/215 695/712
f 695/712 713/215 696/709
f 713/215 714/214 696/709
f 696/709 714/214 715/209
f 714/214 716/713 715/209
f 715/209 716/713 717/212
f 729/183 712/184 728/185
f 712/184 710/186 728/185
f 717/187 728/185 715/188
f 728/185 710/186 715/188
f 715/188 710/186 699/189
f 710/186 685/714 699/189
f 131/179 682/180 116/181
f 682/180 683/182 116/181
f 690/715 689/716 706/717
f 710/718 712/719 709/720
f 706/717 689/716 711/721
f 711/721 689/716 709/720
f 689/716 685/722 709/720
f 709/720 685/722 710/718
f 706/717 707/723 690/715
f 707/723 708/724 690/715
f 690/715 708/724 687/725
f 708/724 704/726 687/725
f 687/725 704/726 688/727
f 704/726 703/728 688/727
f 688/727 703/728 697/729
f 703/728 705/730 697/729
f 697/729 705/730 686/731
f 116/732 683/733 702/734
f 683/733 694/735 702/734
f 702/734 694/735 700/736
f 694/735 686/731 700/736
f 700/736 686/731 701/737
f 686/731 705/730 701/737
f 230/738 244/739 254/718
f 255/719 256/740 254/718
f 256/740 257/721 254/718
f 254/718 257/721 230/738
f 257/721 251/717 230/738
f 230/738 251/717 241/741
f 251/717 252/723 241/741
f 241/741 252/723 239/742
f 252/723 253/743 239/742
f 253/743 249/726 239/742
f 239/742 249/726 240/744
f 249/726 248/728 240/744
f 240/744 248/728 242/745
f 248/728 250/730 242/745
f 242/745 250/730 231/746
f 123/732 228/747 247/734
f 228/747 232/748 247/734
f 247/734 232/748 245/749
f 232/748 231/746 245/749
f 245/749 231/746 246/737
f 231/746 250/730 246/737
f 242/385 231/380 240/384
f 231/380 239/383 240/384
f 230/381 229/376 237/375
f 237/375 235/374 230/381
f 235/374 236/377 230/381
f 230/381 236/377 233/378
f 233/378 234/371 230/381
f 234/371 243/372 230/381
f 230/381 243/372 244/373
f 232/379 230/381 231/380
f 230/381 241/382 231/380
f 231/380 241/382 239/383
f 238/386 229/376 227/387
f 229/376 230/381 227/387
f 227/387 230/381 228/388
f 230/381 232/379 228/388
f 382/349 381/350 379/351
f 370/358 369/359 376/360
f 369/359 368/361 376/360
f 376/360 368/361 364/352
f 367/353 387/354 364/352
f 387/354 386/357 364/352
f 364/352 386/357 385/355
f 385/355 384/356 364/352
f 384/356 383/367 364/352
f 364/352 383/367 382/349
f 371/362 370/358 372/363
f 370/358 376/360 372/363
f 372/363 376/360 373/364
f 376/360 375/365 373/364
f 373/364 375/365 374/366
f 379/351 378/368 382/349
f 378/368 380/369 382/349
f 382/349 380/369 364/352
f 380/369 377/370 364/352
f 364/352 377/370 376/360
f 335/750 307/751 362/752
f 307/751 310/753 362/752
f 362/752 310/753 363/754
f 310/753 360/755 363/754
f 288/756 285/757 287/758
f 285/757 286/759 287/758
f 287/758 286/759 284/760
f 286/759 280/761 284/760
f 277/762 280/328 278/329
f 277/762 281/330 280/328
f 281/330 283/331 280/328
f 280/328 283/331 284/332
f 276/333 275/334 282/763
f 275/334 277/762 282/763
f 282/763 277/762 279/336
f 277/762 278/329 279/336
f 276/764 274/765 275/766
f 274/765 273/767 275/766
f 303/768 301/769 304/770
f 303/768 306/771 301/769
f 306/771 309/772 301/769
f 301/769 309/772 302/773
f 310/774 307/775 308/776
f 307/775 303/768 308/776
f 308/776 303/768 305/777
f 303/768 304/770 305/777
f 302/778 300/779 301/780
f 300/779 299/781 301/780
f 296/305 297/306 293/307
f 297/306 298/308 293/307
f 296/782 293/783 295/784
f 293/783 294/785 295/784
f 295/784 294/785 291/786
f 294/785 292/787 291/786
f 292/295 290/296 291/297
f 290/296 289/298 291/297
f 1000/788 997/789 1004/790
f 1000/788 1004/790 999/791
f 989/792 1002/793 1005/794
f 1002/793 1001/795 1005/794
f 1005/794 1001/795 1004/790
f 1001/795 998/796 1004/790
f 1004/790 998/796 999/791
f 996/797 995/798 976/799
f 995/798 992/800 976/799
f 976/799 992/800 994/801
f 992/800 993/802 994/801
f 991/803 1006/804 990/805
f 1006/804 1007/806 990/805
f 990/805 1007/806 988/807
f 1007/806 987/808 988/807
f 987/808 1007/806 984/809
f 1007/806 1008/810 984/809
f 984/809 1008/810 985/811
f 980/812 966/813 983/814
f 966/813 982/815 983/814
f 980/812 981/816 1008/810
f 981/816 986/817 1008/810
f 1008/810 986/817 985/811
f 824/818 831/819 978/820
f 831/819 1009/821 978/820
f 978/820 1009/821 979/822
f 791/823 977/824 827/825
f 977/824 1010/826 827/825
f 979/822 1009/821 975/827
f 1009/821 1004/790 975/827
f 975/827 1004/790 976/799
f 1004/790 997/789 976/799
f 976/799 997/789 996/797
f 977/824 974/828 1010/826
f 974/828 973/829 1010/826
f 1010/826 973/829 1011/830
f 831/819 828/831 1009/821
f 828/831 1012/832 1009/821
f 1009/821 1012/832 1004/790
f 1012/832 1013/833 1004/790
f 1004/790 1013/833 1005/794
f 1013/833 1006/804 1005/794
f 1005/794 1006/804 989/792
f 1006/804 991/803 989/792
f 973/829 972/834 1011/830
f 972/834 971/835 1011/830
f 1011/830 971/835 1014/836
f 971/835 970/837 1014/836
f 970/837 969/838 1014/836
f 1014/836 969/838 1015/839
f 828/831 827/825 1012/832
f 827/825 1010/826 1012/832
f 1012/832 1010/826 1013/833
f 1010/826 1011/830 1013/833
f 1013/833 1011/830 1006/804
f 1011/830 1014/836 1006/804
f 1006/804 1014/836 1007/806
f 1014/836 1015/839 1007/806
f 1007/806 1015/839 1008/810
f 1015/839 1016/840 1008/810
f 969/838 968/841 1015/839
f 968/841 967/842 1015/839
f 1015/839 967/842 1016/840
f 967/842 965/843 1016/840
f 1016/840 965/843 964/844
f 980/812 1008/810 966/813
f 1008/810 1016/840 966/813
f 966/813 1016/840 963/845
f 1016/840 964/844 963/845
f 963/845 964/844 1003/846
f 824/847 826/848 832/849
f 824/847 832/849 831/850
f 832/849 830/851 831/850
f 831/850 830/851 828/852
f 830/851 829/853 828/852
f 828/852 829/853 827/854
f 829/853 833/855 827/854
f 833/855 792/856 827/854
f 827/854 792/856 791/857
f 1120/858 1121/859 1123/860
f 1121/859 1118/861 1123/860
f 1123/860 1118/861 1099/862
f 1118/861 1119/863 1099/862
f 1099/862 1119/863 1122/864
f 1120/858 1123/860 1115/865
f 1123/860 1124/866 1115/865
f 1115/865 1124/866 1117/867
f 1114/868 1113/869 1125/870
f 1113/869 1112/871 1125/870
f 1125/870 1112/871 1124/866
f 1112/871 1116/872 1124/866
f 1124/866 1116/872 1117/867
f 1114/868 1125/870 1110/873
f 1125/870 1126/874 1110/873
f 1110/873 1126/874 1111/875
f 1105/876 1104/877 1127/878
f 1104/877 1103/879 1127/878
f 1103/879 1102/880 1127/878
f 1127/878 1102/880 1128/881
f 1102/880 1108/882 1128/881
f 1128/881 1108/882 1109/883
f 1107/884 1084/885 1106/886
f 1084/885 1083/887 1106/886
f 1106/886 1083/887 1101/888
f 1083/887 1098/802 1101/888
f 806/889 821/890 1064/891
f 821/890 1129/892 1064/891
f 1064/891 1129/892 1061/893
f 1129/892 1130/894 1061/893
f 817/895 816/818 1131/896
f 816/818 1085/897 1131/896
f 1131/896 1085/897 1127/878
f 1085/897 1084/885 1127/878
f 1127/878 1084/885 1105/876
f 1084/885 1107/884 1105/876
f 1132/898 1053/899 1130/894
f 1053/899 1060/900 1130/894
f 1130/894 1060/900 1061/893
f 819/901 817/895 1133/902
f 817/895 1131/896 1133/902
f 1133/902 1131/896 1134/903
f 1131/896 1127/878 1134/903
f 1134/903 1127/878 1126/874
f 1127/878 1128/881 1126/874
f 1126/874 1128/881 1111/875
f 1128/881 1109/883 1111/875
f 1135/904 1047/905 1132/898
f 1047/905 1058/906 1132/898
f 1132/898 1058/906 1053/899
f 1136/907 1043/908 1135/904
f 1043/908 1051/909 1135/904
f 1135/904 1051/909 1047/905
f 1137/910 1042/911 1136/907
f 1042/911 1046/912 1136/907
f 1136/907 1046/912 1043/908
f 1100/913 1040/914 1137/910
f 1040/914 1039/915 1137/910
f 1137/910 1039/915 1042/911
f 821/890 819/901 1129/892
f 819/901 1133/902 1129/892
f 1129/892 1133/902 1130/894
f 1133/902 1134/903 1130/894
f 1130/894 1134/903 1132/898
f 1134/903 1126/874 1132/898
f 1132/898 1126/874 1135/904
f 1126/874 1125/870 1135/904
f 1135/904 1125/870 1136/907
f 1125/870 1124/866 1136/907
f 1136/907 1124/866 1137/910
f 1124/866 1123/860 1137/910
f 1137/910 1123/860 1100/913
f 1123/860 1099/862 1100/913
f 806/916 804/917 822/918
f 806/916 822/918 821/919
f 822/918 820/920 821/919
f 821/919 820/920 819/921
f 820/920 823/922 819/921
f 823/922 818/923 819/921
f 819/921 818/923 817/924
f 818/923 815/848 817/924
f 817/924 815/848 816/847
f 498/925 500/926 515/927
f 502/928 504/929 516/930
f 503/931 505/932 517/933
f 514/934 424/935 412/936
f 509/937 508/938 415/939
f 508/938 507/940 415/939
f 415/939 507/940 412/936
f 507/940 513/941 412/936
f 412/936 513/941 514/934
f 505/932 506/942 517/933
f 506/942 510/943 517/933
f 517/933 510/943 518/944
f 510/943 511/945 518/944
f 518/944 511/945 512/946
f 516/930 504/929 519/947
f 515/927 500/926 516/930
f 500/926 501/948 516/930
f 516/930 501/948 502/928
f 494/949 520/950 496/951
f 520/950 389/952 496/951
f 496/951 389/952 396/953
f 494/949 495/954 520/950
f 495/954 499/955 520/950
f 520/950 499/955 515/927
f 499/955 497/956 515/927
f 515/927 497/956 498/925
f 443/957 493/958 417/959
f 493/958 521/960 417/959
f 417/959 521/960 415/939
f 521/960 518/944 415/939
f 415/939 518/944 509/937
f 518/944 512/946 509/937
f 493/958 492/961 521/960
f 492/961 522/962 521/960
f 521/960 522/962 518/944
f 522/962 523/963 518/944
f 518/944 523/963 517/933
f 523/963 519/947 517/933
f 517/933 519/947 503/931
f 519/947 504/929 503/931
f 492/961 491/964 522/962
f 491/964 524/965 522/962
f 522/962 524/965 523/963
f 524/965 525/966 523/963
f 523/963 525/966 519/947
f 525/966 526/967 519/947
f 519/947 526/967 516/930
f 526/967 527/968 516/930
f 516/930 527/968 515/927
f 527/968 528/969 515/927
f 515/927 528/969 520/950
f 528/969 529/970 520/950
f 520/950 529/970 389/952
f 529/970 390/971 389/952
f 491/964 334/972 524/965
f 334/972 333/973 524/965
f 524/965 333/973 525/966
f 333/973 312/974 525/966
f 525/966 312/974 526/967
f 312/974 311/975 526/967
f 526/967 311/975 527/968
f 311/975 317/976 527/968
f 527/968 317/976 528/969
f 317/976 322/977 528/969
f 528/969 322/977 529/970
f 322/977 326/978 529/970
f 529/970 326/978 390/971
f 326/978 336/979 390/971
f 443/980 531/981 536/982
f 443/980 536/982 493/983
f 536/982 535/984 493/983
f 493/983 535/984 492/985
f 535/984 534/986 492/985
f 534/986 533/987 492/985
f 492/985 533/987 491/988
f 533/987 537/989 491/988
f 537/989 532/990 491/988
f 491/988 532/990 334/991
f 468/992 465/993 469/994
f 469/994 465/993 401/995
f 465/993 466/996 401/995
f 401/995 466/996 409/997
f 462/998 463/999 470/1000
f 463/999 461/1001 470/1000
f 470/1000 461/1001 469/994
f 461/1001 467/1002 469/994
f 469/994 467/1002 468/992
f 460/1003 459/1004 471/1005
f 459/1004 458/1006 471/1005
f 471/1005 458/1006 470/1000
f 458/1006 464/1007 470/1000
f 470/1000 464/1007 462/998
f 460/1003 471/1005 456/1008
f 471/1005 472/1009 456/1008
f 456/1008 472/1009 457/1010
f 451/1011 450/1012 473/1013
f 450/1012 449/1014 473/1013
f 449/1014 448/1015 473/1013
f 473/1013 448/1015 474/1016
f 448/1015 454/1017 474/1016
f 474/1016 454/1017 455/1018
f 453/1019 414/939 452/1020
f 414/939 413/936 452/1020
f 452/1020 413/936 447/1021
f 413/936 442/935 447/1021
f 444/1022 418/957 475/1023
f 418/957 416/959 475/1023
f 475/1023 416/959 473/1013
f 416/959 414/939 473/1013
f 473/1013 414/939 451/1011
f 414/939 453/1019 451/1011
f 445/1024 444/1022 476/1025
f 444/1022 475/1023 476/1025
f 476/1025 475/1023 477/1026
f 475/1023 473/1013 477/1026
f 477/1026 473/1013 472/1009
f 473/1013 474/1016 472/1009
f 472/1009 474/1016 457/1010
f 474/1016 455/1018 457/1010
f 361/1027 446/1028 358/1029
f 446/1028 478/1030 358/1029
f 358/1029 478/1030 355/1031
f 478/1030 479/1032 355/1031
f 355/1031 479/1032 349/1033
f 479/1032 480/1034 349/1033
f 349/1033 480/1034 344/1035
f 480/1034 481/1036 344/1035
f 344/1035 481/1036 341/1037
f 481/1036 482/1038 341/1037
f 341/1037 482/1038 342/1039
f 482/1038 483/1040 342/1039
f 342/1039 483/1040 337/1041
f 483/1040 395/1042 337/1041
f 446/1028 445/1024 478/1030
f 445/1024 476/1025 478/1030
f 478/1030 476/1025 479/1032
f 476/1025 477/1026 479/1032
f 479/1032 477/1026 480/1034
f 477/1026 472/1009 480/1034
f 480/1034 472/1009 481/1036
f 472/1009 471/1005 481/1036
f 481/1036 471/1005 482/1038
f 471/1005 470/1000 482/1038
f 482/1038 470/1000 483/1040
f 470/1000 469/994 483/1040
f 483/1040 469/994 395/1042
f 469/994 401/995 395/1042
f 361/1043 489/1044 488/1045
f 361/1043 488/1045 446/1046
f 488/1045 487/1047 446/1046
f 446/1046 487/1047 445/1048
f 487/1047 486/1049 445/1048
f 486/1049 485/1050 445/1048
f 445/1048 485/1050 444/1051
f 485/1050 490/1052 444/1051
f 490/1052 484/981 444/1051
f 444/1051 484/981 418/980
f 816/1053 824/1054 978/1055
f 1036/1056 1035/1057 1083/1058
f 1036/1056 1083/1058 993/1059
f 1098/1060 1083/1058 1096/1061
f 1083/1058 1035/1057 1096/1061
f 1096/1061 1035/1057 1097/1062
f 1035/1057 1095/1063 1097/1062
f 1034/1064 1031/1065 1093/1066
f 1035/1057 1033/1067 1095/1063
f 1033/1067 1034/1064 1095/1063
f 1095/1063 1034/1064 1094/1068
f 1034/1064 1093/1066 1094/1068
f 1088/1069 1091/1070 1028/1071
f 1031/1065 1032/1072 1093/1066
f 1032/1072 1028/1071 1093/1066
f 1093/1066 1028/1071 1092/1073
f 1028/1071 1091/1070 1092/1073
f 1090/1074 1089/1075 1026/1076
f 1089/1075 1087/1077 1026/1076
f 1026/1076 1087/1077 1030/1078
f 1087/1077 1088/1069 1030/1078
f 1030/1078 1088/1069 1029/1079
f 1088/1069 1028/1071 1029/1079
f 1090/1074 1026/1076 1086/1080
f 1026/1076 1027/1081 1086/1080
f 1086/1080 1027/1081 1025/1082
f 816/1053 978/1055 1085/1083
f 978/1055 979/1084 1085/1083
f 1085/1083 979/1084 1084/1085
f 979/1084 975/1086 1084/1085
f 975/1086 976/1087 1084/1085
f 1084/1085 976/1087 1083/1058
f 976/1087 994/1088 1083/1058
f 1083/1058 994/1088 993/1059
f 754/1089 755/1090 756/1091
f 752/1092 728/1093 717/1094
f 723/1095 727/1096 757/1097
f 727/1096 726/1098 757/1097
f 757/1097 726/1098 125/1099
f 726/1098 725/1100 125/1099
f 125/1099 725/1100 131/1101
f 720/1102 758/1103 718/1104
f 758/1103 759/1105 718/1104
f 718/1104 759/1105 721/1106
f 720/1102 719/1107 758/1103
f 719/1107 724/1108 758/1103
f 758/1103 724/1108 757/1097
f 724/1108 722/1109 757/1097
f 757/1097 722/1109 723/1095
f 721/1106 759/1105 713/1110
f 759/1105 760/1111 713/1110
f 713/1110 760/1111 714/1112
f 760/1111 761/1113 714/1112
f 714/1112 761/1113 716/1114
f 748/1115 751/1116 762/1117
f 751/1116 749/1118 762/1117
f 717/1094 716/1114 752/1092
f 716/1114 761/1113 752/1092
f 752/1092 761/1113 753/1119
f 761/1113 762/1117 753/1119
f 753/1119 762/1117 750/1120
f 762/1117 749/1118 750/1120
f 278/1121 747/1122 279/1123
f 747/1122 763/1124 279/1123
f 279/1123 763/1124 282/1125
f 255/1126 274/1127 256/1128
f 274/1127 276/1129 256/1128
f 282/1125 763/1124 276/1129
f 763/1124 764/1130 276/1129
f 276/1129 764/1130 256/1128
f 764/1130 765/1131 256/1128
f 256/1128 765/1131 257/1132
f 257/1132 765/1131 251/1133
f 765/1131 756/1091 251/1133
f 251/1133 756/1091 252/1134
f 250/1135 248/1136 755/1090
f 248/1136 249/1137 755/1090
f 755/1090 249/1137 756/1091
f 249/1137 253/1138 756/1091
f 756/1091 253/1138 252/1134
f 250/1135 755/1090 246/1139
f 755/1090 766/1140 246/1139
f 246/1139 766/1140 245/1141
f 245/1141 766/1140 247/1142
f 766/1140 124/1143 247/1142
f 247/1142 124/1143 123/1144
f 91/1145 90/1146 766/1140
f 90/1146 87/1147 766/1140
f 766/1140 87/1147 124/1143
f 87/1147 88/1148 124/1143
f 124/1143 88/1148 86/1149
f 100/1150 758/1103 101/1151
f 758/1103 102/1152 101/1151
f 754/1089 99/1153 98/1154
f 98/1154 97/1155 754/1089
f 97/1155 95/1156 754/1089
f 754/1089 95/1156 755/1090
f 95/1156 96/1157 755/1090
f 755/1090 96/1157 94/1158
f 94/1158 93/1159 755/1090
f 93/1159 92/1160 755/1090
f 755/1090 92/1160 766/1140
f 92/1160 89/1161 766/1140
f 766/1140 89/1161 91/1145
f 125/1099 108/1162 109/1163
f 107/1164 105/1165 757/1097
f 105/1165 104/1166 757/1097
f 757/1097 104/1166 758/1103
f 104/1166 103/1167 758/1103
f 758/1103 103/1167 102/1152
f 125/1099 109/1163 757/1097
f 109/1163 106/1168 757/1097
f 757/1097 106/1168 107/1164
f 747/1122 748/1115 763/1124
f 748/1115 762/1117 763/1124
f 763/1124 762/1117 764/1130
f 762/1117 761/1113 764/1130
f 764/1130 761/1113 765/1131
f 761/1113 760/1111 765/1131
f 765/1131 760/1111 756/1091
f 760/1111 759/1105 756/1091
f 756/1091 759/1105 754/1089
f 759/1105 758/1103 754/1089
f 754/1089 758/1103 99/1153
f 758/1103 100/1150 99/1153
f 432/1073 426/1066 430/1071
f 391/1082 403/1080 437/1081
f 403/1080 436/1076 437/1081
f 403/1080 441/1074 436/1076
f 441/1074 439/1169 436/1076
f 436/1076 439/1169 438/1078
f 439/1169 440/1170 438/1078
f 438/1078 440/1170 434/1079
f 440/1170 433/1171 434/1079
f 434/1079 433/1171 430/1071
f 433/1171 431/1070 430/1071
f 430/1071 431/1070 432/1073
f 428/1064 429/1065 426/1066
f 429/1065 435/1072 426/1066
f 426/1066 435/1072 430/1071
f 425/1056 419/1057 413/1058
f 425/1056 413/1058 424/1059
f 426/1066 427/1068 428/1064
f 427/1068 421/1063 428/1064
f 428/1064 421/1063 423/1067
f 421/1063 419/1057 423/1067
f 442/1060 413/1058 420/1061
f 413/1058 419/1057 420/1061
f 420/1061 419/1057 422/1062
f 419/1057 421/1063 422/1062
f 424/1059 413/1058 412/1172
f 413/1058 414/1085 412/1172
f 412/1172 414/1085 415/1173
f 414/1085 416/1083 415/1173
f 415/1173 416/1083 417/1174
f 416/1083 418/1053 417/1174
f 417/1174 418/1053 443/1054
f 29/1175 27/1176 882/1177
f 883/1178 487/1179 488/1180
f 488/1180 489/1181 883/1178
f 489/1181 793/1182 883/1178
f 883/1178 793/1182 795/1183
f 675/1184 674/1185 883/1178
f 668/661 667/1186 485/1187
f 487/1179 670/1188 669/1189
f 660/645 659/1190 884/1191
f 659/1190 658/1192 884/1191
f 674/1185 673/1193 883/1178
f 673/1193 672/1194 883/1178
f 883/1178 672/1194 487/1179
f 672/1194 671/1195 487/1179
f 487/1179 671/1195 670/1188
f 664/1196 663/1197 884/1191
f 658/1192 681/1198 885/1199
f 681/1198 680/1200 885/1199
f 885/1199 680/1200 679/1201
f 668/661 485/1187 669/1189
f 485/1187 486/1202 669/1189
f 669/1189 486/1202 487/1179
f 667/1186 666/1203 485/1187
f 666/1203 665/1204 485/1187
f 485/1187 665/1204 664/1196
f 663/1197 662/1205 884/1191
f 662/1205 661/1206 884/1191
f 884/1191 661/1206 660/645
f 679/1201 678/1207 885/1199
f 678/1207 677/1208 885/1199
f 885/1199 677/1208 883/1178
f 677/1208 676/1209 883/1178
f 883/1178 676/1209 675/1184
f 884/1191 530/1210 484/1211
f 664/1196 884/1191 485/1187
f 884/1191 484/1211 485/1187
f 485/1187 484/1211 490/1212
f 530/1210 884/1191 531/1213
f 884/1191 535/1214 531/1213
f 531/1213 535/1214 536/1215
f 884/1191 622/1216 621/1217
f 621/1217 620/1218 884/1191
f 620/1218 619/1219 884/1191
f 884/1191 619/1219 618/1220
f 658/1192 885/1199 884/1191
f 885/1199 623/1221 884/1191
f 884/1191 623/1221 622/1216
f 618/1220 617/1222 884/1191
f 617/1222 616/1223 884/1191
f 884/1191 616/1223 535/1214
f 616/1223 615/1224 535/1214
f 535/1214 615/1224 614/1225
f 614/1225 613/1226 535/1214
f 613/1226 612/1227 535/1214
f 535/1214 612/1227 534/1228
f 612/1227 611/1229 534/1228
f 534/1228 611/1229 533/1230
f 611/1229 610/1231 533/1230
f 633/1232 632/1233 886/1234
f 632/1233 631/1235 886/1234
f 886/1234 631/1235 630/1236
f 626/1237 625/1238 885/1199
f 625/1238 624/1239 885/1199
f 885/1199 624/1239 623/1221
f 630/1236 629/1240 886/1234
f 629/1240 628/1241 886/1234
f 886/1234 628/1241 885/1199
f 628/1241 627/1242 885/1199
f 885/1199 627/1242 626/1237
f 610/1231 633/1232 533/1230
f 633/1232 886/1234 533/1230
f 533/1230 886/1234 537/1243
f 886/1234 532/1244 537/1243
f 887/1245 800/1246 886/1234
f 800/1246 802/1247 886/1234
f 886/1234 802/1247 532/1244
f 888/1248 808/1249 798/1250
f 798/1250 797/1251 888/1248
f 797/1251 799/1252 888/1248
f 888/1248 799/1252 887/1245
f 799/1252 801/1253 887/1245
f 887/1245 801/1253 800/1246
f 882/1177 820/1254 822/1255
f 822/1255 804/1256 882/1177
f 804/1256 803/1257 882/1177
f 882/1177 803/1257 888/1248
f 803/1257 807/1258 888/1248
f 888/1248 807/1258 808/1249
f 878/1259 880/1260 889/1261
f 862/1262 860/1263 815/1264
f 871/1265 875/1266 825/1267
f 875/1266 879/1268 825/1267
f 825/1267 879/1268 889/1261
f 879/1268 877/1269 889/1261
f 889/1261 877/1269 878/1259
f 882/1177 873/1270 874/1271
f 867/1272 820/1254 872/1273
f 820/1254 882/1177 872/1273
f 872/1273 882/1177 876/1274
f 882/1177 874/1271 876/1274
f 880/1260 881/1275 889/1261
f 881/1275 869/1276 889/1261
f 889/1261 869/1276 882/1177
f 869/1276 870/1277 882/1177
f 882/1177 870/1277 873/1270
f 867/1272 868/1278 820/1254
f 868/1278 866/1279 820/1254
f 820/1254 866/1279 823/1280
f 866/1279 863/1281 823/1280
f 823/1280 863/1281 818/1282
f 863/1281 864/1283 818/1282
f 815/1264 860/1263 825/1267
f 860/1263 861/1284 825/1267
f 825/1267 861/1284 871/1265
f 864/1283 865/1285 818/1282
f 865/1285 858/1286 818/1282
f 818/1282 858/1286 815/1264
f 858/1286 859/1287 815/1264
f 815/1264 859/1287 862/1262
f 832/1288 857/1289 855/1290
f 832/1288 855/1290 830/1291
f 855/1290 853/1292 830/1291
f 830/1291 853/1292 829/1293
f 853/1292 854/1294 829/1293
f 829/1293 854/1294 856/1295
f 839/1296 843/1297 889/1261
f 845/1298 846/1299 890/1300
f 846/1299 851/1301 890/1300
f 890/1300 851/1301 852/1302
f 843/1297 844/1303 889/1261
f 844/1303 849/1304 889/1261
f 889/1261 849/1304 825/1267
f 849/1304 850/1305 825/1267
f 825/1267 850/1305 848/1306
f 847/1307 826/1308 837/1309
f 826/1308 825/1267 837/1309
f 837/1309 825/1267 842/1310
f 825/1267 848/1306 842/1310
f 852/1302 840/1311 890/1300
f 840/1311 835/1312 890/1300
f 890/1300 835/1312 889/1261
f 835/1312 838/1313 889/1261
f 889/1261 838/1313 839/1296
f 847/1307 836/1314 826/1308
f 836/1314 834/1315 826/1308
f 826/1308 834/1315 832/1288
f 834/1315 841/1316 832/1288
f 832/1288 841/1316 857/1289
f 856/1295 845/1298 829/1293
f 845/1298 890/1300 829/1293
f 829/1293 890/1300 833/1317
f 890/1300 792/1318 833/1317
f 207/1319 206/1320 883/1178
f 226/1321 225/1322 890/1300
f 226/1321 890/1300 203/1323
f 216/1324 788/1325 217/1326
f 788/1325 787/1327 217/1326
f 217/1326 787/1327 218/1328
f 216/1324 215/1329 788/1325
f 215/1329 214/1330 788/1325
f 788/1325 214/1330 794/1331
f 214/1330 213/1332 794/1331
f 222/1333 790/1334 890/1300
f 790/1334 789/1335 890/1300
f 890/1300 789/1335 792/1318
f 206/1320 205/1336 883/1178
f 205/1336 204/1337 883/1178
f 883/1178 204/1337 203/1323
f 225/1322 224/1338 890/1300
f 224/1338 223/1339 890/1300
f 890/1300 223/1339 222/1333
f 213/1332 212/1340 794/1331
f 212/1340 211/1341 794/1331
f 794/1331 211/1341 795/1183
f 211/1341 210/1342 795/1183
f 210/1342 209/1343 795/1183
f 795/1183 209/1343 883/1178
f 209/1343 208/1344 883/1178
f 883/1178 208/1344 207/1319
f 222/1333 221/1345 790/1334
f 221/1345 220/1346 790/1334
f 790/1334 220/1346 787/1327
f 220/1346 219/1347 787/1327
f 787/1327 219/1347 218/1328
f 25/1348 23/445 886/1234
f 23/445 21/1349 886/1234
f 48/1350 888/1248 3/1351
f 888/1248 887/1245 3/1351
f 3/1351 887/1245 5/1352
f 887/1245 7/477 5/1352
f 48/1350 47/1353 888/1248
f 47/1353 45/1354 888/1248
f 888/1248 45/1354 43/1355
f 203/1323 890/1300 883/1178
f 890/1300 889/1261 883/1178
f 883/1178 889/1261 885/1199
f 889/1261 882/1177 885/1199
f 885/1199 882/1177 886/1234
f 882/1177 27/1176 886/1234
f 886/1234 27/1176 25/1348
f 21/1349 19/1356 886/1234
f 19/1356 17/1357 886/1234
f 886/1234 17/1357 887/1245
f 17/1357 15/1358 887/1245
f 887/1245 15/1358 13/1359
f 13/1359 11/1360 887/1245
f 11/1360 9/1361 887/1245
f 887/1245 9/1361 7/477
f 35/1362 33/1363 882/1177
f 33/1363 31/1364 882/1177
f 882/1177 31/1364 29/1175
f 43/1355 41/1365 888/1248
f 41/1365 39/1366 888/1248
f 888/1248 39/1366 882/1177
f 39/1366 37/1367 882/1177
f 882/1177 37/1367 35/1362
f 826/1368 824/1369 825/1370
f 824/1369 816/1371 825/1370
f 825/1370 816/1371 815/1372
f 798/1373 775/1374 773/1375
f 804/917 806/916 805/1376
f 783/1377 781/1378 779/1379
f 783/1377 779/1379 785/1380
f 798/1373 808/1381 775/1374
f 808/1381 807/1382 775/1374
f 775/1374 807/1382 778/1383
f 807/1382 803/1384 778/1383
f 778/1383 803/1384 779/1379
f 803/1384 804/917 779/1379
f 779/1379 804/917 785/1380
f 804/917 805/1376 785/1380
f 532/990 802/1385 293/1386
f 802/1385 294/1387 293/1386
f 309/1388 334/991 302/1389
f 334/991 532/990 302/1389
f 302/1389 532/990 300/1390
f 532/990 293/1386 300/1390
f 300/1390 293/1386 298/1391
f 801/1392 799/1393 292/1394
f 799/1393 285/1395 292/1394
f 292/1394 285/1395 290/1396
f 294/1387 802/1385 292/1394
f 802/1385 800/1397 292/1394
f 292/1394 800/1397 801/1392
f 747/1398 278/1399 280/1400
f 748/1401 747/1398 797/1402
f 747/1398 280/1400 797/1402
f 797/1402 280/1400 799/1393
f 280/1400 286/1403 799/1393
f 799/1393 286/1403 285/1395
f 773/1375 772/1404 798/1373
f 772/1404 771/1405 798/1373
f 798/1373 771/1405 797/1402
f 771/1405 768/1406 797/1402
f 768/1406 749/1407 797/1402
f 749/1407 751/1408 797/1402
f 797/1402 751/1408 748/1401
f 531/1368 443/1369 530/1370
f 443/1369 418/1371 530/1370
f 530/1370 418/1371 484/1372
f 83/1409 131/1410 82/1411
f 131/1410 116/1412 82/1411
f 82/1411 116/1412 81/1413
f 116/1412 80/1414 81/1413
f 127/1415 128/1416 126/1417
f 128/1416 130/1418 126/1417
f 126/1417 130/1418 132/1419
f 83/1409 84/1420 131/1410
f 84/1420 85/1421 131/1410
f 131/1410 85/1421 125/1422
f 85/1421 108/1423 125/1422
f 73/1424 123/1425 74/1426
f 123/1425 124/1427 74/1426
f 74/1426 124/1427 86/1428
f 73/1424 75/1429 123/1425
f 75/1429 119/1430 123/1425
f 123/1425 119/1430 130/1418
f 119/1430 129/1431 130/1418
f 130/1418 129/1431 132/1419
f 122/1432 117/1433 118/1434
f 117/1433 116/1412 118/1434
f 75/1429 76/1435 119/1430
f 76/1435 77/1436 119/1430
f 119/1430 77/1436 114/1437
f 77/1436 78/1438 114/1437
f 117/1433 121/1439 116/1412
f 121/1439 112/1440 116/1412
f 116/1412 112/1440 80/1414
f 112/1440 113/1441 80/1414
f 113/1441 120/1442 80/1414
f 120/1442 115/1443 80/1414
f 80/1414 115/1443 79/1444
f 115/1443 110/1445 79/1444
f 79/1444 110/1445 78/1438
f 110/1445 111/1446 78/1438
f 78/1438 111/1446 114/1437
f 304/1447 361/1027 305/1448
f 361/1027 358/1029 305/1448
f 305/1448 358/1029 308/1449
f 359/1450 360/1451 310/1452
f 308/1449 358/1029 310/1452
f 358/1029 355/1031 310/1452
f 310/1452 355/1031 359/1450
f 349/1033 354/1453 355/1031
f 354/1453 357/1454 355/1031
f 355/1031 357/1454 359/1450
f 351/1455 352/1456 349/1033
f 352/1456 356/1457 349/1033
f 349/1033 356/1457 354/1453
f 341/1037 347/1458 344/1035
f 347/1458 348/1459 344/1035
f 344/1035 348/1459 345/1460
f 345/1460 346/1461 344/1035
f 346/1461 353/1462 344/1035
f 344/1035 353/1462 349/1033
f 353/1462 350/1463 349/1033
f 349/1033 350/1463 351/1455
f 339/1464 340/1465 341/1037
f 340/1465 343/1466 341/1037
f 341/1037 343/1466 347/1458
f 341/1037 342/1039 339/1464
f 342/1039 337/1041 339/1464
f 339/1464 337/1041 338/1467
f 332/1468 336/979 326/978
f 307/1469 312/974 303/1470
f 312/974 333/973 303/1470
f 303/1470 333/973 306/1471
f 333/973 334/972 306/1471
f 306/1471 334/972 309/1472
f 322/977 329/1473 330/1474
f 330/1474 328/1475 322/977
f 328/1475 327/1476 322/977
f 322/977 327/1476 326/978
f 327/1476 331/1477 326/978
f 326/978 331/1477 332/1468
f 329/1473 322/977 323/1478
f 322/977 317/976 323/1478
f 323/1478 317/976 325/1479
f 321/1480 319/1481 311/975
f 319/1481 318/1482 311/975
f 311/975 318/1482 317/976
f 318/1482 324/1483 317/976
f 317/976 324/1483 325/1479
f 315/1484 312/974 316/1485
f 312/974 307/1469 316/1485
f 316/1485 307/1469 335/1486
f 315/1484 314/1487 312/974
f 314/1487 313/1488 312/974
f 312/974 313/1488 311/975
f 313/1488 320/1489 311/975
f 311/975 320/1489 321/1480
f 401/1490 409/1491 394/1492
f 338/1493 408/1494 404/1495
f 402/1496 410/1497 332/1498
f 410/1497 405/1499 332/1498
f 332/1498 405/1499 388/1500
f 401/1490 394/1492 395/1501
f 404/1495 399/1502 338/1493
f 399/1502 400/1503 338/1493
f 338/1493 400/1503 332/1498
f 400/1503 411/1504 332/1498
f 332/1498 411/1504 397/1505
f 402/1496 332/1498 398/1506
f 332/1498 397/1505 398/1506
f 398/1506 397/1505 406/1507
f 388/1500 396/1508 389/1509
f 408/1494 338/1493 394/1492
f 338/1493 337/1510 394/1492
f 394/1492 337/1510 395/1501
f 403/1511 391/1512 393/1513
f 391/1512 392/1514 393/1513
f 393/1513 392/1514 397/1505
f 392/1514 407/1515 397/1505
f 397/1505 407/1515 406/1507
f 389/1509 390/1516 388/1500
f 390/1516 336/1517 388/1500
f 388/1500 336/1517 332/1498
f 972/834 973/829 1067/1518
f 1081/1519 1003/846 964/844
f 812/1520 1082/1521 1069/1522
f 791/823 796/1523 811/1524
f 1075/1525 1080/1526 967/842
f 1080/1526 1078/1527 967/842
f 967/842 1078/1527 965/843
f 1078/1527 1077/1528 965/843
f 965/843 1077/1528 964/844
f 1077/1528 1079/1529 964/844
f 964/844 1079/1529 1081/1519
f 1074/1530 969/838 1076/1531
f 969/838 1072/1532 1076/1531
f 1075/1525 967/842 1074/1530
f 967/842 968/841 1074/1530
f 1074/1530 968/841 969/838
f 1072/1532 969/838 1070/1533
f 969/838 970/837 1070/1533
f 1070/1533 970/837 1071/1534
f 970/837 971/835 1071/1534
f 1071/1534 971/835 1073/1535
f 791/823 811/1524 977/824
f 811/1524 810/1536 977/824
f 977/824 810/1536 974/828
f 810/1536 812/1520 974/828
f 974/828 812/1520 973/829
f 812/1520 1069/1522 973/829
f 973/829 1069/1522 1067/1518
f 1067/1518 1066/1537 972/834
f 1066/1537 1065/1538 972/834
f 972/834 1065/1538 971/835
f 1065/1538 1068/1539 971/835
f 971/835 1068/1539 1073/1535
f 1056/1540 1063/1541 1053/899
f 805/1542 806/889 813/1543
f 806/889 1064/891 813/1543
f 813/1543 1064/891 809/1544
f 1063/1541 1062/1545 1053/899
f 1062/1545 814/1546 1053/899
f 1053/899 814/1546 1060/900
f 814/1546 809/1544 1060/900
f 1060/900 809/1544 1061/893
f 809/1544 1064/891 1061/893
f 1052/1547 1059/1548 1047/905
f 1059/1548 1057/1549 1047/905
f 1047/905 1057/1549 1058/906
f 1057/1549 1054/1550 1058/906
f 1058/906 1054/1550 1053/899
f 1054/1550 1055/1551 1053/899
f 1053/899 1055/1551 1056/1540
f 1044/1552 1043/908 1046/912
f 1044/1552 1046/912 1041/1553
f 1044/1552 1045/1554 1043/908
f 1045/1554 1050/1555 1043/908
f 1043/908 1050/1555 1051/909
f 1050/1555 1048/1556 1051/909
f 1051/909 1048/1556 1047/905
f 1048/1556 1049/1557 1047/905
f 1047/905 1049/1557 1052/1547
f 1039/915 1040/914 1037/1558
f 1046/912 1042/911 1041/1553
f 1042/911 1039/915 1041/1553
f 1041/1553 1039/915 1038/1559
f 1039/915 1037/1558 1038/1559
f 1022/1560 1023/1561 1081/1562
f 1023/1561 1024/1563 1081/1562
f 1099/1564 1122/1565 1139/1566
f 1037/1567 1138/1568 1141/1569
f 1017/1570 1145/1571 1147/1572
f 1024/1563 982/1573 966/1574
f 1099/1564 1139/1566 1100/1575
f 1141/1569 1143/1576 1037/1567
f 1143/1576 1145/1571 1037/1567
f 1037/1567 1145/1571 1081/1562
f 1017/1570 1019/1577 1145/1571
f 1019/1577 1020/1578 1145/1571
f 1145/1571 1020/1578 1081/1562
f 1020/1578 1021/1579 1081/1562
f 1081/1562 1021/1579 1022/1560
f 966/1574 963/1580 1024/1563
f 963/1580 1003/1581 1024/1563
f 1024/1563 1003/1581 1081/1562
f 1138/1568 1037/1567 1139/1566
f 1037/1567 1040/1582 1139/1566
f 1139/1566 1040/1582 1100/1575
f 1151/1583 1086/1584 1025/1585
f 1147/1572 1149/1586 1017/1570
f 1149/1586 1151/1583 1017/1570
f 1017/1570 1151/1583 1018/1587
f 1151/1583 1025/1585 1018/1587
f 284/1588 788/1589 287/1590
f 788/1589 794/1591 287/1590
f 287/1590 794/1591 288/1592
f 284/1588 283/1593 788/1589
f 283/1593 735/1594 788/1589
f 788/1589 735/1594 731/1595
f 489/1044 361/1043 304/1596
f 299/1597 297/1598 296/1599
f 299/1597 296/1599 301/1600
f 304/1596 301/1600 489/1044
f 301/1600 296/1599 489/1044
f 489/1044 296/1599 793/1601
f 296/1599 295/1602 793/1601
f 793/1601 295/1602 795/1603
f 295/1602 291/1604 795/1603
f 795/1603 291/1604 794/1591
f 291/1604 289/1605 794/1591
f 794/1591 289/1605 288/1592
f 792/1606 789/1607 780/1608
f 789/1607 777/1609 780/1608
f 796/1610 791/1611 786/1612
f 791/1611 792/1606 786/1612
f 786/1612 792/1606 784/1613
f 792/1606 780/1608 784/1613
f 784/1613 780/1608 782/1614
f 774/1615 776/1616 769/1617
f 776/1616 787/1618 769/1617
f 777/1609 789/1607 776/1616
f 789/1607 790/1619 776/1616
f 776/1616 790/1619 787/1618
f 730/1620 736/1621 767/1622
f 731/1595 730/1620 788/1589
f 730/1620 767/1622 788/1589
f 788/1589 767/1622 787/1618
f 767/1622 770/1623 787/1618
f 787/1618 770/1623 769/1617
f 275/1624 273/1625 262/1626
f 268/1627 272/1628 737/1629
f 272/1628 271/1630 737/1629
f 737/1629 271/1630 128/1631
f 271/1630 270/1632 128/1631
f 128/1631 270/1632 130/1633
f 263/1634 264/1635 738/1636
f 264/1635 269/1637 738/1636
f 738/1636 269/1637 737/1629
f 269/1637 267/1638 737/1629
f 737/1629 267/1638 268/1627
f 740/1639 260/1640 739/1641
f 260/1640 258/1642 739/1641
f 258/1642 259/1643 739/1641
f 259/1643 266/1644 739/1641
f 739/1641 266/1644 738/1636
f 266/1644 265/1645 738/1636
f 738/1636 265/1645 263/1634
f 262/1626 260/1640 275/1624
f 260/1640 740/1639 275/1624
f 275/1624 740/1639 277/1646
f 740/1639 741/1647 277/1646
f 277/1646 741/1647 281/1648
f 741/1647 283/1649 281/1648
f 709/1650 712/1651 729/1652
f 743/1653 732/1654 742/1655
f 732/1654 734/1656 742/1655
f 742/1655 734/1656 733/1657
f 729/1652 732/1654 709/1650
f 732/1654 743/1653 709/1650
f 709/1650 743/1653 711/1658
f 743/1653 744/1659 711/1658
f 711/1658 744/1659 706/1660
f 744/1659 707/1661 706/1660
f 745/1662 704/1663 744/1659
f 704/1663 708/1664 744/1659
f 744/1659 708/1664 707/1661
f 700/1665 701/1666 746/1667
f 701/1666 705/1668 746/1667
f 746/1667 705/1668 745/1662
f 705/1668 703/1669 745/1662
f 745/1662 703/1669 704/1663
f 700/1665 746/1667 702/1670
f 746/1667 118/1671 702/1670
f 702/1670 118/1671 116/1672
f 746/1667 154/1673 150/1674
f 150/1674 151/1675 746/1667
f 151/1675 147/1676 746/1667
f 746/1667 147/1676 118/1671
f 147/1676 148/1677 118/1671
f 118/1671 148/1677 122/1678
f 737/1629 168/1679 738/1636
f 168/1679 170/1680 738/1636
f 738/1636 170/1680 166/1681
f 166/1681 165/1682 738/1636
f 165/1682 163/1683 738/1636
f 738/1636 163/1683 162/1684
f 161/1685 159/1686 745/1662
f 159/1686 160/1687 745/1662
f 160/1687 156/1688 745/1662
f 156/1688 157/1689 745/1662
f 745/1662 157/1689 746/1667
f 157/1689 153/1690 746/1667
f 746/1667 153/1690 154/1673
f 128/1631 127/1691 178/1692
f 176/1693 171/1694 737/1629
f 171/1694 173/1695 737/1629
f 737/1629 173/1695 168/1679
f 128/1631 178/1692 737/1629
f 178/1692 174/1696 737/1629
f 737/1629 174/1696 176/1693
f 730/1697 731/1698 741/1647
f 731/1698 735/1699 741/1647
f 741/1647 735/1699 283/1649
f 162/1684 161/1685 738/1636
f 161/1685 745/1662 738/1636
f 738/1636 745/1662 739/1641
f 745/1662 744/1659 739/1641
f 739/1641 744/1659 740/1639
f 744/1659 743/1653 740/1639
f 740/1639 743/1653 741/1647
f 743/1653 742/1655 741/1647
f 741/1647 742/1655 730/1697
f 742/1655 733/1657 730/1697
f 730/1697 733/1657 736/1700
f 997/1701 1000/1702 948/16
f 981/1703 980/1704 944/28
f 980/1704 945/30 944/28
f 940/26 985/1705 944/28
f 985/1705 986/1706 944/28
f 944/28 986/1706 981/1703
f 939/24 987/1707 940/26
f 987/1707 984/1708 940/26
f 940/26 984/1708 985/1705
f 1002/1709 989/1710 950/20
f 989/1710 991/1711 950/20
f 950/20 991/1711 943/22
f 991/1711 990/1712 943/22
f 943/22 990/1712 939/24
f 990/1712 988/1713 939/24
f 939/24 988/1713 987/1707
f 948/16 1000/1702 949/18
f 1000/1702 999/1714 949/18
f 999/1714 998/1715 949/18
f 949/18 998/1715 950/20
f 998/1715 1001/1716 950/20
f 950/20 1001/1716 1002/1709
f 997/1701 948/16 996/1717
f 948/16 942/14 996/1717
f 996/1717 942/14 995/1718
f 942/14 941/12 995/1718
f 995/1718 941/12 992/1719
f 992/1719 941/12 993/1720
f 941/12 957/10 993/1720
f 993/1720 957/10 1036/1721
f 957/10 947/8 1036/1721
f 1036/1721 947/8 1035/1722
f 1035/1722 947/8 1033/1723
f 947/8 946/6 1033/1723
f 1033/1723 946/6 1034/1724
f 1034/1724 946/6 1031/1725
f 946/6 956/4 1031/1725
f 1031/1725 956/4 1032/1726
f 1032/1726 956/4 1028/1727
f 956/4 962/2 1028/1727
f 1028/1727 962/2 1029/1728
f 961/1729 1026/1730 962/2
f 1026/1730 1030/1731 962/2
f 962/2 1030/1731 1029/1728
f 960/46 1025/1732 961/48
f 1025/1732 1027/1733 961/48
f 961/48 1027/1733 1026/1734
f 980/1704 983/1735 945/30
f 983/1735 982/1736 945/30
f 945/30 982/1736 951/32
f 982/1736 1024/1737 951/32
f 951/32 1024/1737 958/34
f 1024/1737 1023/1738 958/34
f 958/34 1023/1738 952/36
f 1023/1738 1022/1739 952/36
f 952/36 1022/1739 953/38
f 1022/1739 1021/1740 953/38
f 953/38 1021/1740 954/40
f 1021/1740 1020/1741 954/40
f 954/40 1020/1741 955/42
f 1020/1741 1019/1742 955/42
f 955/42 1019/1742 959/44
f 1019/1742 1017/1743 959/44
f 959/44 1017/1743 960/46
f 1017/1743 1018/1744 960/46
f 960/46 1018/1744 1025/1732
f 850/1 916/2 848/3
f 916/2 938/4 848/3
f 848/3 938/4 842/5
f 938/4 937/6 842/5
f 842/5 937/6 837/7
f 937/6 936/8 837/7
f 837/7 936/8 847/9
f 936/8 935/10 847/9
f 847/9 935/10 836/11
f 935/10 934/12 836/11
f 836/11 934/12 834/13
f 934/12 933/14 834/13
f 834/13 933/14 841/15
f 933/14 932/16 841/15
f 841/15 932/16 857/17
f 932/16 931/18 857/17
f 857/17 931/18 855/19
f 931/18 930/20 855/19
f 855/19 930/20 853/21
f 930/20 929/22 853/21
f 853/21 929/22 854/23
f 929/22 928/24 854/23
f 854/23 928/24 856/25
f 928/24 927/26 856/25
f 856/25 927/26 845/27
f 927/26 926/28 845/27
f 845/27 926/28 846/29
f 926/28 925/30 846/29
f 846/29 925/30 851/31
f 925/30 924/32 851/31
f 851/31 924/32 852/33
f 924/32 923/34 852/33
f 852/33 923/34 840/35
f 923/34 922/36 840/35
f 840/35 922/36 835/37
f 922/36 921/38 835/37
f 835/37 921/38 838/39
f 921/38 920/40 838/39
f 838/39 920/40 839/41
f 920/40 919/42 839/41
f 839/41 919/42 843/43
f 919/42 918/44 843/43
f 843/43 918/44 844/45
f 918/44 917/46 844/45
f 844/45 917/46 849/47
f 917/46 915/48 849/47
f 849/47 915/48 850/49
f 915/48 916/50 850/49
f 1106/1745 1101/1746 1162/16
f 1089/1747 1168/28 1167/26
f 1091/1748 1088/1749 1167/26
f 1088/1749 1087/1750 1167/26
f 1167/26 1087/1750 1089/1747
f 1091/1748 1167/26 1092/1751
f 1167/26 1166/24 1092/1751
f 1092/1751 1166/24 1093/1752
f 1166/24 1164/22 1093/1752
f 1093/1752 1164/22 1094/1753
f 1094/1753 1164/22 1095/1754
f 1164/22 1165/20 1095/1754
f 1095/1754 1165/20 1097/1755
f 1165/20 1163/18 1097/1755
f 1097/1755 1163/18 1096/1756
f 1162/16 1101/1746 1163/18
f 1101/1746 1098/1757 1163/18
f 1163/18 1098/1757 1096/1756
f 1160/12 1104/1758 1161/14
f 1104/1758 1105/1717 1161/14
f 1161/14 1105/1717 1162/16
f 1105/1717 1107/1759 1162/16
f 1162/16 1107/1759 1106/1745
f 1109/1760 1108/1761 1159/10
f 1108/1761 1102/1762 1159/10
f 1159/10 1102/1762 1160/12
f 1102/1762 1103/1763 1160/12
f 1160/12 1103/1763 1104/1758
f 1109/1760 1159/10 1111/1764
f 1159/10 1157/8 1111/1764
f 1111/1764 1157/8 1110/1765
f 1110/1765 1157/8 1114/1766
f 1157/8 1158/6 1114/1766
f 1114/1766 1158/6 1113/1767
f 1158/6 1156/4 1113/1767
f 1113/1767 1156/4 1112/1768
f 1112/1768 1156/4 1116/1769
f 1156/4 1155/2 1116/1769
f 1116/1769 1155/2 1117/1770
f 1117/1771 1155/50 1115/1772
f 1155/50 1154/48 1115/1772
f 1115/1772 1154/48 1120/1773
f 1153/46 1118/1774 1154/48
f 1118/1774 1121/1775 1154/48
f 1154/48 1121/1775 1120/1773
f 1140/44 1122/1776 1153/46
f 1122/1776 1119/1777 1153/46
f 1153/46 1119/1777 1118/1774
f 1089/1747 1090/1778 1168/28
f 1090/1778 1086/1779 1168/28
f 1168/28 1086/1779 1169/30
f 1086/1779 1151/1780 1169/30
f 1169/30 1151/1780 1152/32
f 1151/1780 1149/1781 1152/32
f 1152/32 1149/1781 1150/34
f 1149/1781 1147/1782 1150/34
f 1150/34 1147/1782 1148/36
f 1147/1782 1145/1783 1148/36
f 1148/36 1145/1783 1146/38
f 1145/1783 1143/1784 1146/38
f 1146/38 1143/1784 1144/40
f 1143/1784 1141/1785 1144/40
f 1144/40 1141/1785 1142/42
f 1141/1785 1138/1786 1142/42
f 1142/42 1138/1786 1140/44
f 1138/1786 1139/1787 1140/44
f 1140/44 1139/1787 1122/1776
f 868/1 892/2 866/3
f 892/2 914/4 866/3
f 866/3 914/4 863/5
f 914/4 913/6 863/5
f 863/5 913/6 864/7
f 913/6 912/8 864/7
f 864/7 912/8 865/9
f 912/8 911/10 865/9
f 865/9 911/10 858/11
f 911/10 910/12 858/11
f 858/11 910/12 859/13
f 910/12 909/14 859/13
f 859/13 909/14 862/15
f 909/14 908/16 862/15
f 862/15 908/16 860/17
f 908/16 907/18 860/17
f 860/17 907/18 861/19
f 907/18 906/20 861/19
f 861/19 906/20 871/21
f 906/20 905/22 871/21
f 871/21 905/22 875/23
f 905/22 904/24 875/23
f 875/23 904/24 879/25
f 904/24 903/26 879/25
f 879/25 903/26 877/27
f 903/26 902/28 877/27
f 877/27 902/28 878/29
f 902/28 901/30 878/29
f 878/29 901/30 880/31
f 901/30 900/32 880/31
f 880/31 900/32 881/33
f 900/32 899/34 881/33
f 881/33 899/34 869/35
f 899/34 898/36 869/35
f 869/35 898/36 870/37
f 898/36 897/38 870/37
f 870/37 897/38 873/39
f 897/38 896/40 873/39
f 873/39 896/40 874/41
f 896/40 895/42 874/41
f 874/41 895/42 876/43
f 895/42 894/44 876/43
f 876/43 894/44 872/45
f 894/44 893/46 872/45
f 872/45 893/46 867/47
f 893/46 891/48 867/47
f 867/47 891/48 868/49
f 891/48 892/50 868/49
f 514/1788 570/36 424/1789
f 570/36 585/34 424/1789
f 424/1789 585/34 425/1790
f 585/34 584/32 425/1790
f 425/1790 584/32 419/1791
f 419/1791 584/32 423/1792
f 584/32 583/30 423/1792
f 423/1792 583/30 428/1793
f 428/1793 583/30 429/1794
f 583/30 582/28 429/1794
f 429/1794 582/28 435/1795
f 435/1795 582/28 430/1796
f 582/28 581/26 430/1796
f 430/1796 581/26 434/1797
f 580/24 436/1798 581/26
f 436/1798 438/1799 581/26
f 581/26 438/1799 434/1797
f 562/22 391/1800 580/24
f 391/1800 437/1801 580/24
f 580/24 437/1801 436/1798
f 495/1802 494/1803 577/4
f 494/1803 578/6 577/4
f 575/2 497/1804 577/4
f 497/1804 499/1805 577/4
f 577/4 499/1805 495/1802
f 574/46 501/1806 576/48
f 501/1806 500/1807 576/48
f 576/48 500/1807 575/50
f 500/1807 498/1771 575/50
f 575/50 498/1771 497/1808
f 573/44 504/1809 574/46
f 504/1809 502/1810 574/46
f 574/46 502/1810 501/1806
f 572/42 505/1811 573/44
f 505/1811 503/1812 573/44
f 573/44 503/1812 504/1809
f 571/40 512/1813 572/42
f 512/1813 511/1814 572/42
f 511/1814 510/1815 572/42
f 510/1815 506/1816 572/42
f 572/42 506/1816 505/1811
f 514/1788 513/1817 570/36
f 513/1817 507/1818 570/36
f 570/36 507/1818 569/38
f 507/1818 508/138 569/38
f 569/38 508/138 571/40
f 508/138 509/1819 571/40
f 571/40 509/1819 512/1813
f 494/1803 496/1820 578/6
f 496/1820 396/1821 578/6
f 578/6 396/1821 579/8
f 396/1821 388/1822 579/8
f 579/8 388/1822 568/10
f 388/1822 405/1823 568/10
f 568/10 405/1823 567/12
f 405/1823 410/1824 567/12
f 567/12 410/1824 566/14
f 410/1824 402/818 566/14
f 566/14 402/818 565/16
f 402/818 398/1825 565/16
f 565/16 398/1825 564/18
f 398/1825 406/1826 564/18
f 564/18 406/1826 563/20
f 406/1826 407/1827 563/20
f 563/20 407/1827 562/22
f 407/1827 392/1828 562/22
f 562/22 392/1828 391/1800
f 610/1 608/2 633/3
f 608/2 609/4 633/3
f 633/3 609/4 632/5
f 609/4 588/6 632/5
f 632/5 588/6 631/7
f 588/6 586/8 631/7
f 631/7 586/8 630/9
f 586/8 587/10 630/9
f 630/9 587/10 629/11
f 587/10 591/12 629/11
f 629/11 591/12 628/13
f 591/12 592/14 628/13
f 628/13 592/14 627/15
f 592/14 593/16 627/15
f 627/15 593/16 626/17
f 593/16 601/18 626/17
f 626/17 601/18 625/19
f 601/18 589/20 625/19
f 625/19 589/20 624/21
f 589/20 590/22 624/21
f 624/21 590/22 623/23
f 590/22 594/24 623/23
f 623/23 594/24 622/25
f 594/24 595/26 622/25
f 622/25 595/26 621/27
f 595/26 596/28 621/27
f 621/27 596/28 620/29
f 596/28 597/30 620/29
f 620/29 597/30 619/31
f 597/30 598/32 619/31
f 619/31 598/32 618/33
f 598/32 602/34 618/33
f 618/33 602/34 617/35
f 602/34 599/36 617/35
f 617/35 599/36 616/37
f 599/36 600/38 616/37
f 616/37 600/38 615/39
f 600/38 605/40 615/39
f 615/39 605/40 614/41
f 605/40 606/42 614/41
f 614/41 606/42 613/43
f 606/42 603/44 613/43
f 613/43 603/44 612/45
f 603/44 604/46 612/45
f 612/45 604/46 611/47
f 604/46 607/48 611/47
f 611/47 607/48 610/49
f 607/48 608/50 610/49
