# Exported from USD: /World/ur5e/wrist_3_link/visuals/wrist3/mesh
mtllib mesh_12.mtl

g mesh
v -0.00191116 0.04351674 -0.06691848
v -0.00207875 0.04341122 -0.06551463
v 0.00193065 0.04344882 -0.06590115
v 0.00193065 0.04344882 -0.06590115
v 0.00218376 0.04344324 -0.06834097
v -0.00191116 0.04351674 -0.06691848
v -0.00191116 0.04351674 -0.06691848
v 0.00218376 0.04344324 -0.06834097
v -0.00001027 0.04343146 -0.06993876
v 0.00291639 0.04086726 -0.07131717
v 0.00093317 0.04085157 -0.07215472
v 0.00118257 0.04191377 -0.07179356
v 0.00150885 0.04303643 -0.07061574
v -0.00001027 0.04343146 -0.06993876
v 0.00218376 0.04344324 -0.06834097
v 0.00449947 0.04124159 -0.06925579
v 0.00324964 0.04214318 -0.07044610
v 0.00344245 0.04300194 -0.06852853
v 0.00485458 0.04129005 -0.06728775
v 0.00449947 0.04124159 -0.06925579
v 0.00344245 0.04300194 -0.06852853
v 0.00485458 0.04129005 -0.06728775
v 0.00344245 0.04300194 -0.06852853
v 0.00369438 0.04294148 -0.06673753
v 0.00452985 0.04130989 -0.06561809
v 0.00485458 0.04129005 -0.06728775
v 0.00369438 0.04294148 -0.06673753
v 0.00338446 0.04131490 -0.06383482
v 0.00452985 0.04130989 -0.06561809
v 0.00290049 0.04263338 -0.06447133
v 0.00290049 0.04263338 -0.06447133
v 0.00369438 0.04294148 -0.06673753
v 0.00190015 0.04316552 -0.06461810
v 0.00190015 0.04316552 -0.06461810
v 0.00369438 0.04294148 -0.06673753
v 0.00193065 0.04344882 -0.06590115
v 0.00022468 0.04256285 -0.06318270
v 0.00290049 0.04263338 -0.06447133
v 0.00190015 0.04316552 -0.06461810
v -0.00226917 0.04218797 -0.06353149
v -0.00137716 0.04115178 -0.06264698
v 0.00022468 0.04256285 -0.06318270
v -0.00226917 0.04218797 -0.06353149
v 0.00022468 0.04256285 -0.06318270
v -0.00078220 0.04334218 -0.06443763
v -0.00340340 0.04134743 -0.06388697
v -0.00226917 0.04218797 -0.06353149
v -0.00332505 0.04269587 -0.06515530
v -0.00332505 0.04269587 -0.06515530
v -0.00226917 0.04218797 -0.06353149
v -0.00078220 0.04334218 -0.06443763
v -0.00332505 0.04269587 -0.06515530
v -0.00078220 0.04334218 -0.06443763
v -0.00207875 0.04341122 -0.06551463
v -0.00438169 0.04134745 -0.06525964
v -0.00340340 0.04134743 -0.06388697
v -0.00332505 0.04269587 -0.06515530
v -0.00486625 0.04127229 -0.06703262
v -0.00438169 0.04134745 -0.06525964
v -0.00369728 0.04297021 -0.06717961
v -0.00450760 0.04155296 -0.06907629
v -0.00486625 0.04127229 -0.06703262
v -0.00369728 0.04297021 -0.06717961
v -0.00450760 0.04155296 -0.06907629
v -0.00369728 0.04297021 -0.06717961
v -0.00333281 0.04290634 -0.06896051
v -0.00369728 0.04297021 -0.06717961
v -0.00191116 0.04351674 -0.06691848
v -0.00203089 0.04333995 -0.06945986
v -0.00369662 0.04085151 -0.07055933
v -0.00450760 0.04155296 -0.06907629
v -0.00370917 0.04190701 -0.07007581
v -0.00370917 0.04190701 -0.07007581
v -0.00450760 0.04155296 -0.06907629
v -0.00333281 0.04290634 -0.06896051
v -0.00235859 0.04130986 -0.07158400
v -0.00369662 0.04085151 -0.07055933
v -0.00370917 0.04190701 -0.07007581
v -0.00235859 0.04130986 -0.07158400
v -0.00370917 0.04190701 -0.07007581
v -0.00143869 0.04276620 -0.07103824
v -0.00076745 0.04130987 -0.07213514
v -0.00235859 0.04130986 -0.07158400
v -0.00143869 0.04276620 -0.07103824
v -0.00143869 0.04276620 -0.07103824
v -0.00203089 0.04333995 -0.06945986
v -0.00001027 0.04343146 -0.06993876
v 0.00093317 0.04085157 -0.07215472
v -0.00076745 0.04130987 -0.07213514
v 0.00118257 0.04191377 -0.07179356
v 0.00118257 0.04191377 -0.07179356
v -0.00076745 0.04130987 -0.07213514
v -0.00143869 0.04276620 -0.07103824
v 0.00118257 0.04191377 -0.07179356
v -0.00143869 0.04276620 -0.07103824
v 0.00150885 0.04303643 -0.07061574
v 0.00150885 0.04303643 -0.07061574
v -0.00143869 0.04276620 -0.07103824
v -0.00001027 0.04343146 -0.06993876
v 0.00150885 0.04303643 -0.07061574
v 0.00324964 0.04214318 -0.07044610
v 0.00118257 0.04191377 -0.07179356
v 0.00118257 0.04191377 -0.07179356
v 0.00324964 0.04214318 -0.07044610
v 0.00291639 0.04086726 -0.07131717
v 0.00218376 0.04344324 -0.06834097
v 0.00344245 0.04300194 -0.06852853
v 0.00150885 0.04303643 -0.07061574
v 0.00150885 0.04303643 -0.07061574
v 0.00344245 0.04300194 -0.06852853
v 0.00324964 0.04214318 -0.07044610
v 0.00324964 0.04214318 -0.07044610
v 0.00449947 0.04124159 -0.06925579
v 0.00291639 0.04086726 -0.07131717
v 0.00218376 0.04344324 -0.06834097
v 0.00193065 0.04344882 -0.06590115
v 0.00369438 0.04294148 -0.06673753
v 0.00218376 0.04344324 -0.06834097
v 0.00369438 0.04294148 -0.06673753
v 0.00344245 0.04300194 -0.06852853
v 0.00369438 0.04294148 -0.06673753
v 0.00290049 0.04263338 -0.06447133
v 0.00452985 0.04130989 -0.06561809
v 0.00193065 0.04344882 -0.06590115
v -0.00078220 0.04334218 -0.06443763
v 0.00190015 0.04316552 -0.06461810
v 0.00290049 0.04263338 -0.06447133
v 0.00022468 0.04256285 -0.06318270
v 0.00158691 0.04130985 -0.06276570
v 0.00290049 0.04263338 -0.06447133
v 0.00158691 0.04130985 -0.06276570
v 0.00338446 0.04131490 -0.06383482
v 0.00190015 0.04316552 -0.06461810
v -0.00078220 0.04334218 -0.06443763
v 0.00022468 0.04256285 -0.06318270
v 0.00022468 0.04256285 -0.06318270
v 0.00012230 0.04138530 -0.06253001
v 0.00158691 0.04130985 -0.06276570
v -0.00078220 0.04334218 -0.06443763
v 0.00193065 0.04344882 -0.06590115
v -0.00207875 0.04341122 -0.06551463
v 0.00022468 0.04256285 -0.06318270
v -0.00137716 0.04115178 -0.06264698
v 0.00012230 0.04138530 -0.06253001
v -0.00226917 0.04218797 -0.06353149
v -0.00340340 0.04134743 -0.06388697
v -0.00137716 0.04115178 -0.06264698
v -0.00191116 0.04351674 -0.06691848
v -0.00369728 0.04297021 -0.06717961
v -0.00207875 0.04341122 -0.06551463
v -0.00207875 0.04341122 -0.06551463
v -0.00369728 0.04297021 -0.06717961
v -0.00332505 0.04269587 -0.06515530
v -0.00332505 0.04269587 -0.06515530
v -0.00369728 0.04297021 -0.06717961
v -0.00438169 0.04134745 -0.06525964
v -0.00369728 0.04297021 -0.06717961
v -0.00203089 0.04333995 -0.06945986
v -0.00333281 0.04290634 -0.06896051
v -0.00333281 0.04290634 -0.06896051
v -0.00203089 0.04333995 -0.06945986
v -0.00143869 0.04276620 -0.07103824
v -0.00333281 0.04290634 -0.06896051
v -0.00143869 0.04276620 -0.07103824
v -0.00370917 0.04190701 -0.07007581
v -0.00191116 0.04351674 -0.06691848
v -0.00001027 0.04343146 -0.06993876
v -0.00203089 0.04333995 -0.06945986
v 0.00406555 0.03943552 -0.07025173
v 0.00449947 0.04124159 -0.06925579
v 0.00498139 0.03943565 -0.06695981
v 0.00498139 0.03943565 -0.06695981
v 0.00449947 0.04124159 -0.06925579
v 0.00485458 0.04129005 -0.06728775
v 0.00406555 0.03943552 -0.07025173
v 0.00291639 0.04086726 -0.07131717
v 0.00449947 0.04124159 -0.06925579
v 0.00165307 0.03943552 -0.07201679
v 0.00291639 0.04086726 -0.07131717
v 0.00406555 0.03943552 -0.07025173
v 0.00165307 0.03943552 -0.07201679
v 0.00093317 0.04085157 -0.07215472
v 0.00291639 0.04086726 -0.07131717
v -0.00090314 0.03943552 -0.07221776
v 0.00093317 0.04085157 -0.07215472
v 0.00165307 0.03943552 -0.07201679
v -0.00090314 0.03943552 -0.07221776
v -0.00076745 0.04130987 -0.07213514
v 0.00093317 0.04085157 -0.07215472
v -0.00321730 0.03943552 -0.07111374
v -0.00235859 0.04130986 -0.07158400
v -0.00090314 0.03943552 -0.07221776
v -0.00090314 0.03943552 -0.07221776
v -0.00235859 0.04130986 -0.07158400
v -0.00076745 0.04130987 -0.07213514
v -0.00321730 0.03943552 -0.07111374
v -0.00369662 0.04085151 -0.07055933
v -0.00235859 0.04130986 -0.07158400
v -0.00483819 0.03943552 -0.06859508
v -0.00369662 0.04085151 -0.07055933
v -0.00321730 0.03943552 -0.07111374
v -0.00483819 0.03943552 -0.06859508
v -0.00450760 0.04155296 -0.06907629
v -0.00369662 0.04085151 -0.07055933
v -0.00483819 0.03943552 -0.06859508
v -0.00486625 0.04127229 -0.06703262
v -0.00450760 0.04155296 -0.06907629
v -0.00474539 0.03943552 -0.06603865
v -0.00486625 0.04127229 -0.06703262
v -0.00483819 0.03943552 -0.06859508
v -0.00376639 0.03943552 -0.06413027
v -0.00438169 0.04134745 -0.06525964
v -0.00474539 0.03943552 -0.06603865
v -0.00474539 0.03943552 -0.06603865
v -0.00438169 0.04134745 -0.06525964
v -0.00486625 0.04127229 -0.06703262
v -0.00376639 0.03943552 -0.06413027
v -0.00340340 0.04134743 -0.06388697
v -0.00438169 0.04134745 -0.06525964
v -0.00124773 0.03943552 -0.06250933
v -0.00340340 0.04134743 -0.06388697
v -0.00376639 0.03943552 -0.06413027
v -0.00124773 0.03943552 -0.06250933
v -0.00137716 0.04115178 -0.06264698
v -0.00340340 0.04134743 -0.06388697
v 0.00173499 0.03943552 -0.06270794
v 0.00012230 0.04138530 -0.06253001
v -0.00124773 0.03943552 -0.06250933
v -0.00124773 0.03943552 -0.06250933
v 0.00012230 0.04138530 -0.06253001
v -0.00137716 0.04115178 -0.06264698
v 0.00173499 0.03943552 -0.06270794
v 0.00158691 0.04130985 -0.06276570
v 0.00012230 0.04138530 -0.06253001
v 0.00382232 0.03943552 -0.06419709
v 0.00338446 0.04131490 -0.06383482
v 0.00173499 0.03943552 -0.06270794
v 0.00173499 0.03943552 -0.06270794
v 0.00338446 0.04131490 -0.06383482
v 0.00158691 0.04130985 -0.06276570
v 0.00498139 0.03943565 -0.06695981
v 0.00452985 0.04130989 -0.06561809
v 0.00382232 0.03943552 -0.06419709
v 0.00382232 0.03943552 -0.06419709
v 0.00452985 0.04130989 -0.06561809
v 0.00338446 0.04131490 -0.06383482
v 0.00498139 0.03943565 -0.06695981
v 0.00485458 0.04129005 -0.06728775
v 0.00452985 0.04130989 -0.06561809
v -0.00000007 0.02443572 -0.09089456
v 0.00302824 0.02504035 -0.09269357
v 0.00253887 0.02273697 -0.09269492
v 0.00253887 0.02273697 -0.09269492
v 0.00085275 0.02150244 -0.09269492
v -0.00000007 0.02443572 -0.09089456
v 0.00085275 0.02150244 -0.09269492
v -0.00098282 0.02157087 -0.09269572
v -0.00000007 0.02443572 -0.09089456
v -0.00098282 0.02157087 -0.09269572
v -0.00246476 0.02263092 -0.09269492
v -0.00000007 0.02443572 -0.09089456
v -0.00000007 0.02443572 -0.09089456
v -0.00246476 0.02263092 -0.09269492
v -0.00305253 0.02490344 -0.09269357
v -0.00305253 0.02490344 -0.09269357
v -0.00180475 0.02690050 -0.09269492
v -0.00000007 0.02443572 -0.09089456
v -0.00000007 0.02443572 -0.09089456
v -0.00180475 0.02690050 -0.09269492
v 0.00020152 0.02748391 -0.09269492
v 0.00020152 0.02748391 -0.09269492
v 0.00190289 0.02679209 -0.09269572
v -0.00000007 0.02443572 -0.09089456
v 0.00190289 0.02679209 -0.09269572
v 0.00302824 0.02504035 -0.09269357
v -0.00000007 0.02443572 -0.09089456
v -0.01821932 0.02192024 -0.08979716
v -0.01512100 0.01294452 -0.08979716
v -0.01840623 0.01237352 -0.08979716
v -0.01821932 0.02192024 -0.08979716
v -0.01297534 0.01597871 -0.08979716
v -0.01512100 0.01294452 -0.08979716
v -0.01821932 0.02192024 -0.08979716
v -0.01309344 0.01841866 -0.08979716
v -0.01297534 0.01597871 -0.08979716
v -0.01821932 0.02192024 -0.08979716
v -0.01463430 0.02094170 -0.08979716
v -0.01309344 0.01841866 -0.08979716
v -0.02231567 0.01866382 -0.08979716
v -0.02047239 0.02097433 -0.08979716
v -0.01821932 0.02192024 -0.08979716
v -0.01821932 0.02192024 -0.08979716
v -0.02214677 0.01537452 -0.08979716
v -0.02231567 0.01866382 -0.08979716
v -0.01821932 0.02192024 -0.08979716
v -0.02067868 0.01337294 -0.08979716
v -0.02214677 0.01537452 -0.08979716
v -0.01821932 0.02192024 -0.08979716
v -0.01840623 0.01237352 -0.08979716
v -0.02067868 0.01337294 -0.08979716
v 0.01713556 0.02192024 -0.08979717
v 0.02023389 0.01294452 -0.08979718
v 0.01694865 0.01237352 -0.08979717
v 0.01713556 0.02192024 -0.08979717
v 0.02237954 0.01597871 -0.08979718
v 0.02023389 0.01294452 -0.08979718
v 0.01713556 0.02192024 -0.08979717
v 0.02226144 0.01841866 -0.08979718
v 0.02237954 0.01597871 -0.08979718
v 0.01713556 0.02192024 -0.08979717
v 0.02072058 0.02094170 -0.08979718
v 0.02226144 0.01841866 -0.08979718
v 0.01713556 0.02192024 -0.08979717
v 0.01305493 0.01827549 -0.08979717
v 0.01417271 0.02044759 -0.08979717
v 0.01713556 0.02192024 -0.08979717
v 0.01303770 0.01574543 -0.08979717
v 0.01305493 0.01827549 -0.08979717
v 0.01713556 0.02192024 -0.08979717
v 0.01467621 0.01337294 -0.08979717
v 0.01303770 0.01574543 -0.08979717
v 0.01713556 0.02192024 -0.08979717
v 0.01694865 0.01237352 -0.08979717
v 0.01467621 0.01337294 -0.08979717
v -0.01480465 -0.02213306 -0.08979716
v -0.01839864 -0.02307826 -0.08979716
v -0.01821932 -0.01343465 -0.08979716
v -0.01821932 -0.01343465 -0.08979716
v -0.01297534 -0.01937618 -0.08979716
v -0.01480465 -0.02213306 -0.08979716
v -0.01821932 -0.01343465 -0.08979716
v -0.01309344 -0.01693622 -0.08979716
v -0.01297534 -0.01937618 -0.08979716
v -0.01821932 -0.01343465 -0.08979716
v -0.01463430 -0.01441320 -0.08979716
v -0.01309344 -0.01693622 -0.08979716
v -0.01821932 -0.01343465 -0.08979716
v -0.02229996 -0.01707940 -0.08979715
v -0.02118219 -0.01490730 -0.08979716
v -0.01821932 -0.01343465 -0.08979716
v -0.02231718 -0.01960946 -0.08979715
v -0.02229996 -0.01707940 -0.08979715
v -0.01821932 -0.01343465 -0.08979716
v -0.02099502 -0.02166361 -0.08979716
v -0.02231718 -0.01960946 -0.08979715
v -0.01821932 -0.01343465 -0.08979716
v -0.01839864 -0.02307826 -0.08979716
v -0.02099502 -0.02166361 -0.08979716
v 0.02055023 -0.02213306 -0.08979717
v 0.01695624 -0.02307826 -0.08979717
v 0.01713556 -0.01343465 -0.08979717
v 0.01713556 -0.01343465 -0.08979717
v 0.02237954 -0.01937618 -0.08979717
v 0.02055023 -0.02213306 -0.08979717
v 0.01713556 -0.01343465 -0.08979717
v 0.02226144 -0.01693622 -0.08979717
v 0.02237954 -0.01937618 -0.08979717
v 0.01713556 -0.01343465 -0.08979717
v 0.02072058 -0.01441320 -0.08979717
v 0.02226144 -0.01693622 -0.08979717
v 0.01713556 -0.01343465 -0.08979717
v 0.01305493 -0.01707940 -0.08979717
v 0.01417271 -0.01490730 -0.08979717
v 0.01713556 -0.01343465 -0.08979717
v 0.01303770 -0.01960946 -0.08979717
v 0.01305493 -0.01707940 -0.08979717
v 0.01713556 -0.01343465 -0.08979717
v 0.01435986 -0.02166361 -0.08979717
v 0.01303770 -0.01960946 -0.08979717
v 0.01713556 -0.01343465 -0.08979717
v 0.01695624 -0.02307826 -0.08979717
v 0.01435986 -0.02166361 -0.08979717
v 0.00129444 0.01518497 -0.09269711
v 0.01382879 0.00707961 -0.09269712
v -0.00384736 0.01476257 -0.09269710
v 0.01382879 0.00707961 -0.09269712
v -0.00857915 0.01270596 -0.09269708
v -0.00384736 0.01476257 -0.09269710
v -0.01489110 0.00471862 -0.09269707
v -0.01239571 0.00923513 -0.09269707
v 0.01382879 0.00707961 -0.09269712
v 0.01382879 0.00707961 -0.09269712
v -0.01239571 0.00923513 -0.09269707
v -0.00857915 0.01270596 -0.09269708
v 0.01382879 0.00707961 -0.09269712
v -0.01579797 -0.00036288 -0.09269706
v -0.01489110 0.00471862 -0.09269707
v -0.01263255 -0.01004792 -0.09269707
v -0.01501789 -0.00546684 -0.09269705
v 0.01382879 0.00707961 -0.09269712
v 0.01382879 0.00707961 -0.09269712
v -0.01501789 -0.00546684 -0.09269705
v -0.01579797 -0.00036288 -0.09269706
v 0.01382879 0.00707961 -0.09269712
v -0.00889537 -0.01361558 -0.09269710
v -0.01263255 -0.01004792 -0.09269707
v 0.00139399 -0.01632933 -0.09269717
v -0.00420368 -0.01578681 -0.09269714
v 0.01382879 0.00707961 -0.09269712
v 0.01382879 0.00707961 -0.09269712
v -0.00420368 -0.01578681 -0.09269714
v -0.00889537 -0.01361558 -0.09269710
v 0.01382879 0.00707961 -0.09269712
v 0.00663972 -0.01489435 -0.09269711
v 0.00139399 -0.01632933 -0.09269717
v 0.01401371 -0.00785534 -0.09269707
v 0.01091058 -0.01198573 -0.09269708
v 0.01382879 0.00707961 -0.09269712
v 0.01382879 0.00707961 -0.09269712
v 0.01091058 -0.01198573 -0.09269708
v 0.00663972 -0.01489435 -0.09269711
v 0.01382879 0.00707961 -0.09269712
v 0.01561777 -0.00294663 -0.09269706
v 0.01401371 -0.00785534 -0.09269707
v 0.01382879 0.00707961 -0.09269712
v 0.01555329 0.00221526 -0.09269708
v 0.01561777 -0.00294663 -0.09269706
v 0.00129444 0.01518497 -0.09269711
v 0.00629636 0.01392926 -0.09269710
v 0.01382879 0.00707961 -0.09269712
v 0.01382879 0.00707961 -0.09269712
v 0.00629636 0.01392926 -0.09269710
v 0.01062911 0.01112819 -0.09269708
v 0.00482746 0.03643556 -0.06863764
v 0.00498139 0.03943565 -0.06695981
v 0.00475309 0.03643556 -0.06606397
v 0.00475309 0.03643556 -0.06606397
v 0.00498139 0.03943565 -0.06695981
v 0.00382232 0.03943552 -0.06419709
v 0.00475309 0.03643556 -0.06606397
v 0.00382232 0.03943552 -0.06419709
v 0.00379166 0.03643556 -0.06415907
v 0.00379166 0.03643556 -0.06415907
v 0.00382232 0.03943552 -0.06419709
v 0.00173499 0.03943552 -0.06270794
v 0.00379166 0.03643556 -0.06415907
v 0.00173499 0.03943552 -0.06270794
v 0.00129017 0.03643556 -0.06251994
v 0.00129017 0.03643556 -0.06251994
v 0.00173499 0.03943552 -0.06270794
v -0.00124773 0.03943552 -0.06250933
v 0.00129017 0.03643556 -0.06251994
v -0.00124773 0.03943552 -0.06250933
v -0.00169940 0.03643556 -0.06269392
v -0.00169940 0.03643556 -0.06269392
v -0.00124773 0.03943552 -0.06250933
v -0.00376639 0.03943552 -0.06413027
v -0.00169940 0.03643556 -0.06269392
v -0.00376639 0.03943552 -0.06413027
v -0.00379851 0.03643556 -0.06416707
v -0.00379851 0.03643556 -0.06416707
v -0.00376639 0.03943552 -0.06413027
v -0.00474539 0.03943552 -0.06603865
v -0.00379851 0.03643556 -0.06416707
v -0.00474539 0.03943552 -0.06603865
v -0.00475817 0.03643556 -0.06608244
v -0.00475817 0.03643556 -0.06608244
v -0.00474539 0.03943552 -0.06603865
v -0.00483819 0.03943552 -0.06859508
v -0.00475817 0.03643556 -0.06608244
v -0.00483819 0.03943552 -0.06859508
v -0.00487798 0.03643556 -0.06821287
v -0.00487798 0.03643556 -0.06821287
v -0.00483819 0.03943552 -0.06859508
v -0.00402756 0.03643556 -0.07017925
v -0.00402756 0.03643556 -0.07017925
v -0.00483819 0.03943552 -0.06859508
v -0.00321730 0.03943552 -0.07111374
v -0.00402756 0.03643556 -0.07017925
v -0.00321730 0.03943552 -0.07111374
v -0.00210898 0.03643556 -0.07187758
v -0.00210898 0.03643556 -0.07187758
v -0.00321730 0.03943552 -0.07111374
v -0.00090314 0.03943552 -0.07221776
v -0.00210898 0.03643556 -0.07187758
v -0.00090314 0.03943552 -0.07221776
v 0.00129634 0.03643556 -0.07217331
v 0.00129634 0.03643556 -0.07217331
v -0.00090314 0.03943552 -0.07221776
v 0.00165307 0.03943552 -0.07201679
v 0.00129634 0.03643556 -0.07217331
v 0.00165307 0.03943552 -0.07201679
v 0.00406555 0.03943552 -0.07025173
v 0.00129634 0.03643556 -0.07217331
v 0.00406555 0.03943552 -0.07025173
v 0.00348806 0.03643556 -0.07082205
v 0.00348806 0.03643556 -0.07082205
v 0.00406555 0.03943552 -0.07025173
v 0.00482746 0.03643556 -0.06863764
v 0.00482746 0.03643556 -0.06863764
v 0.00406555 0.03943552 -0.07025173
v 0.00498139 0.03943565 -0.06695981
v 0.00085275 0.02150244 -0.09269492
v 0.00079613 0.02140664 -0.09879591
v -0.00098282 0.02157087 -0.09269572
v -0.00098282 0.02157087 -0.09269572
v 0.00079613 0.02140664 -0.09879591
v -0.00105730 0.02151924 -0.09878974
v -0.00098282 0.02157087 -0.09269572
v -0.00105730 0.02151924 -0.09878974
v -0.00246476 0.02263092 -0.09269492
v -0.00246476 0.02263092 -0.09269492
v -0.00105730 0.02151924 -0.09878974
v -0.00267912 0.02278173 -0.09879384
v -0.00246476 0.02263092 -0.09269492
v -0.00267912 0.02278173 -0.09879384
v -0.00305253 0.02490344 -0.09269357
v -0.00305253 0.02490344 -0.09269357
v -0.00267912 0.02278173 -0.09879384
v -0.00309766 0.02505719 -0.09880023
v -0.00305253 0.02490344 -0.09269357
v -0.00309766 0.02505719 -0.09880023
v -0.00180475 0.02690050 -0.09269492
v -0.00180475 0.02690050 -0.09269492
v -0.00309766 0.02505719 -0.09880023
v -0.00200618 0.02681361 -0.09880697
v -0.00180475 0.02690050 -0.09269492
v -0.00200618 0.02681361 -0.09880697
v -0.00025847 0.02755710 -0.09879590
v -0.00180475 0.02690050 -0.09269492
v -0.00025847 0.02755710 -0.09879590
v 0.00020152 0.02748391 -0.09269492
v 0.00020152 0.02748391 -0.09269492
v -0.00025847 0.02755710 -0.09879590
v 0.00153400 0.02714559 -0.09881085
v 0.00020152 0.02748391 -0.09269492
v 0.00153400 0.02714559 -0.09881085
v 0.00190289 0.02679209 -0.09269572
v 0.00190289 0.02679209 -0.09269572
v 0.00153400 0.02714559 -0.09881085
v 0.00272631 0.02602079 -0.09880856
v 0.00190289 0.02679209 -0.09269572
v 0.00272631 0.02602079 -0.09880856
v 0.00302824 0.02504035 -0.09269357
v 0.00302824 0.02504035 -0.09269357
v 0.00272631 0.02602079 -0.09880856
v 0.00310830 0.02413731 -0.09878221
v 0.00302824 0.02504035 -0.09269357
v 0.00310830 0.02413731 -0.09878221
v 0.00253887 0.02273697 -0.09269492
v 0.00253887 0.02273697 -0.09269492
v 0.00310830 0.02413731 -0.09878221
v 0.00237913 0.02244485 -0.09878976
v 0.00253887 0.02273697 -0.09269492
v 0.00237913 0.02244485 -0.09878976
v 0.00085275 0.02150244 -0.09269492
v 0.00085275 0.02150244 -0.09269492
v 0.00237913 0.02244485 -0.09878976
v 0.00079613 0.02140664 -0.09879591
v -0.01840623 0.01237352 -0.08979716
v -0.01857369 0.01240246 -0.09838392
v -0.02067868 0.01337294 -0.08979716
v -0.02067868 0.01337294 -0.08979716
v -0.01857369 0.01240246 -0.09838392
v -0.02078803 0.01346277 -0.09839350
v -0.02067868 0.01337294 -0.08979716
v -0.02078803 0.01346277 -0.09839350
v -0.02214677 0.01537452 -0.08979716
v -0.02214677 0.01537452 -0.08979716
v -0.02078803 0.01346277 -0.09839350
v -0.02219657 0.01550698 -0.09839350
v -0.02214677 0.01537452 -0.08979716
v -0.02219657 0.01550698 -0.09839350
v -0.02231567 0.01866382 -0.08979716
v -0.02231567 0.01866382 -0.08979716
v -0.02219657 0.01550698 -0.09839350
v -0.02239592 0.01797433 -0.09839907
v -0.02231567 0.01866382 -0.08979716
v -0.02239592 0.01797433 -0.09839907
v -0.02078625 0.02088604 -0.09838714
v -0.02231567 0.01866382 -0.08979716
v -0.02078625 0.02088604 -0.09838714
v -0.02047239 0.02097433 -0.08979716
v -0.02047239 0.02097433 -0.08979716
v -0.02078625 0.02088604 -0.09838714
v -0.01821932 0.02192024 -0.08979716
v -0.01821932 0.02192024 -0.08979716
v -0.02078625 0.02088604 -0.09838714
v -0.01721490 0.02192808 -0.09839091
v -0.01821932 0.02192024 -0.08979716
v -0.01721490 0.02192808 -0.09839091
v -0.01463430 0.02094170 -0.08979716
v -0.01463430 0.02094170 -0.08979716
v -0.01721490 0.02192808 -0.09839091
v -0.01422847 0.02050448 -0.09839091
v -0.01463430 0.02094170 -0.08979716
v -0.01422847 0.02050448 -0.09839091
v -0.01309344 0.01841866 -0.08979716
v -0.01309344 0.01841866 -0.08979716
v -0.01422847 0.02050448 -0.09839091
v -0.01294769 0.01790779 -0.09839790
v -0.01309344 0.01841866 -0.08979716
v -0.01294769 0.01790779 -0.09839790
v -0.01297534 0.01597871 -0.08979716
v -0.01297534 0.01597871 -0.08979716
v -0.01294769 0.01790779 -0.09839790
v -0.01318295 0.01543972 -0.09839350
v -0.01297534 0.01597871 -0.08979716
v -0.01318295 0.01543972 -0.09839350
v -0.01512100 0.01294452 -0.08979716
v -0.01512100 0.01294452 -0.08979716
v -0.01318295 0.01543972 -0.09839350
v -0.01527197 0.01285800 -0.09838634
v -0.01512100 0.01294452 -0.08979716
v -0.01527197 0.01285800 -0.09838634
v -0.01840623 0.01237352 -0.08979716
v -0.01840623 0.01237352 -0.08979716
v -0.01527197 0.01285800 -0.09838634
v -0.01857369 0.01240246 -0.09838392
v 0.01694865 0.01237352 -0.08979717
v 0.01680891 0.01239666 -0.09839348
v 0.01467621 0.01337294 -0.08979717
v 0.01467621 0.01337294 -0.08979717
v 0.01680891 0.01239666 -0.09839348
v 0.01456688 0.01346274 -0.09839349
v 0.01467621 0.01337294 -0.08979717
v 0.01456688 0.01346274 -0.09839349
v 0.01303770 0.01574543 -0.08979717
v 0.01303770 0.01574543 -0.08979717
v 0.01456688 0.01346274 -0.09839349
v 0.01299491 0.01590162 -0.09839091
v 0.01303770 0.01574543 -0.08979717
v 0.01299491 0.01590162 -0.09839091
v 0.01305493 0.01827549 -0.08979717
v 0.01305493 0.01827549 -0.08979717
v 0.01299491 0.01590162 -0.09839091
v 0.01346606 0.01959569 -0.09838570
v 0.01305493 0.01827549 -0.08979717
v 0.01346606 0.01959569 -0.09838570
v 0.01417271 0.02044759 -0.08979717
v 0.01417271 0.02044759 -0.08979717
v 0.01346606 0.01959569 -0.09838570
v 0.01646572 0.02179601 -0.09839091
v 0.01417271 0.02044759 -0.08979717
v 0.01646572 0.02179601 -0.09839091
v 0.01713556 0.02192024 -0.08979717
v 0.01713556 0.02192024 -0.08979717
v 0.01646572 0.02179601 -0.09839091
v 0.01895357 0.02170602 -0.09839017
v 0.01713556 0.02192024 -0.08979717
v 0.01895357 0.02170602 -0.09839017
v 0.02072058 0.02094170 -0.08979718
v 0.02072058 0.02094170 -0.08979718
v 0.01895357 0.02170602 -0.09839017
v 0.02112644 0.02050445 -0.09839093
v 0.02072058 0.02094170 -0.08979718
v 0.02112644 0.02050445 -0.09839093
v 0.02226144 0.01841866 -0.08979718
v 0.02226144 0.01841866 -0.08979718
v 0.02112644 0.02050445 -0.09839093
v 0.02240719 0.01790779 -0.09839791
v 0.02226144 0.01841866 -0.08979718
v 0.02240719 0.01790779 -0.09839791
v 0.02237954 0.01597871 -0.08979718
v 0.02237954 0.01597871 -0.08979718
v 0.02240719 0.01790779 -0.09839791
v 0.02188825 0.01463070 -0.09838634
v 0.02237954 0.01597871 -0.08979718
v 0.02188825 0.01463070 -0.09838634
v 0.02023389 0.01294452 -0.08979718
v 0.02023389 0.01294452 -0.08979718
v 0.02188825 0.01463070 -0.09838634
v 0.01928077 0.01259341 -0.09839793
v 0.02023389 0.01294452 -0.08979718
v 0.01928077 0.01259341 -0.09839793
v 0.01694865 0.01237352 -0.08979717
v 0.01694865 0.01237352 -0.08979717
v 0.01928077 0.01259341 -0.09839793
v 0.01680891 0.01239666 -0.09839348
v -0.01839864 -0.02307826 -0.08979716
v -0.01771340 -0.02303736 -0.09839348
v -0.02088104 -0.02193230 -0.09836753
v -0.01839864 -0.02307826 -0.08979716
v -0.02088104 -0.02193230 -0.09836753
v -0.02099502 -0.02166361 -0.08979716
v -0.02099502 -0.02166361 -0.08979716
v -0.02088104 -0.02193230 -0.09836753
v -0.02231718 -0.01960946 -0.08979715
v -0.02231718 -0.01960946 -0.08979715
v -0.02088104 -0.02193230 -0.09836753
v -0.02249927 -0.01862193 -0.09839088
v -0.02231718 -0.01960946 -0.08979715
v -0.02249927 -0.01862193 -0.09839088
v -0.02229996 -0.01707940 -0.08979715
v -0.02229996 -0.01707940 -0.08979715
v -0.02249927 -0.01862193 -0.09839088
v -0.02136830 -0.01503770 -0.09836776
v -0.02229996 -0.01707940 -0.08979715
v -0.02136830 -0.01503770 -0.09836776
v -0.02118219 -0.01490730 -0.08979716
v -0.02118219 -0.01490730 -0.08979716
v -0.02136830 -0.01503770 -0.09836776
v -0.01821932 -0.01343465 -0.08979716
v -0.01821932 -0.01343465 -0.08979716
v -0.02136830 -0.01503770 -0.09836776
v -0.01805807 -0.01341964 -0.09839091
v -0.01821932 -0.01343465 -0.08979716
v -0.01805807 -0.01341964 -0.09839091
v -0.01463430 -0.01441320 -0.08979716
v -0.01463430 -0.01441320 -0.08979716
v -0.01805807 -0.01341964 -0.09839091
v -0.01450132 -0.01452551 -0.09838634
v -0.01463430 -0.01441320 -0.08979716
v -0.01450132 -0.01452551 -0.09838634
v -0.01309344 -0.01693622 -0.08979716
v -0.01309344 -0.01693622 -0.08979716
v -0.01450132 -0.01452551 -0.09838634
v -0.01285576 -0.01786079 -0.09839090
v -0.01309344 -0.01693622 -0.08979716
v -0.01285576 -0.01786079 -0.09839090
v -0.01297534 -0.01937618 -0.08979716
v -0.01297534 -0.01937618 -0.08979716
v -0.01285576 -0.01786079 -0.09839090
v -0.01354385 -0.02067341 -0.09839790
v -0.01297534 -0.01937618 -0.08979716
v -0.01354385 -0.02067341 -0.09839790
v -0.01480465 -0.02213306 -0.08979716
v -0.01480465 -0.02213306 -0.08979716
v -0.01354385 -0.02067341 -0.09839790
v -0.01531022 -0.02241254 -0.09839350
v -0.01480465 -0.02213306 -0.08979716
v -0.01531022 -0.02241254 -0.09839350
v -0.01839864 -0.02307826 -0.08979716
v -0.01839864 -0.02307826 -0.08979716
v -0.01531022 -0.02241254 -0.09839350
v -0.01771340 -0.02303736 -0.09839348
v 0.01695624 -0.02307826 -0.08979717
v 0.01805759 -0.02306315 -0.09839091
v 0.01486919 -0.02217947 -0.09839090
v 0.01695624 -0.02307826 -0.08979717
v 0.01486919 -0.02217947 -0.09839090
v 0.01435986 -0.02166361 -0.08979717
v 0.01435986 -0.02166361 -0.08979717
v 0.01486919 -0.02217947 -0.09839090
v 0.01303770 -0.01960946 -0.08979717
v 0.01303770 -0.01960946 -0.08979717
v 0.01486919 -0.02217947 -0.09839090
v 0.01315728 -0.01984470 -0.09839790
v 0.01303770 -0.01960946 -0.08979717
v 0.01315728 -0.01984470 -0.09839790
v 0.01309923 -0.01652780 -0.09838635
v 0.01303770 -0.01960946 -0.08979717
v 0.01309923 -0.01652780 -0.09838635
v 0.01305493 -0.01707940 -0.08979717
v 0.01305493 -0.01707940 -0.08979717
v 0.01309923 -0.01652780 -0.09838635
v 0.01417271 -0.01490730 -0.08979717
v 0.01417271 -0.01490730 -0.08979717
v 0.01309923 -0.01652780 -0.09838635
v 0.01531027 -0.01407009 -0.09839348
v 0.01417271 -0.01490730 -0.08979717
v 0.01531027 -0.01407009 -0.09839348
v 0.01713556 -0.01343465 -0.08979717
v 0.01713556 -0.01343465 -0.08979717
v 0.01531027 -0.01407009 -0.09839348
v 0.01817352 -0.01343095 -0.09837687
v 0.01713556 -0.01343465 -0.08979717
v 0.01817352 -0.01343095 -0.09837687
v 0.02072058 -0.01441320 -0.08979717
v 0.02072058 -0.01441320 -0.08979717
v 0.01817352 -0.01343095 -0.09837687
v 0.02112645 -0.01485045 -0.09839092
v 0.02072058 -0.01441320 -0.08979717
v 0.02112645 -0.01485045 -0.09839092
v 0.02226144 -0.01693622 -0.08979717
v 0.02226144 -0.01693622 -0.08979717
v 0.02112645 -0.01485045 -0.09839092
v 0.02249913 -0.01786080 -0.09839091
v 0.02226144 -0.01693622 -0.08979717
v 0.02249913 -0.01786080 -0.09839091
v 0.02237954 -0.01937618 -0.08979717
v 0.02237954 -0.01937618 -0.08979717
v 0.02249913 -0.01786080 -0.09839091
v 0.02181103 -0.02067341 -0.09839790
v 0.02237954 -0.01937618 -0.08979717
v 0.02181103 -0.02067341 -0.09839790
v 0.02055023 -0.02213306 -0.08979717
v 0.02055023 -0.02213306 -0.08979717
v 0.02181103 -0.02067341 -0.09839790
v 0.02037561 -0.02217075 -0.09839017
v 0.02055023 -0.02213306 -0.08979717
v 0.02037561 -0.02217075 -0.09839017
v 0.01805759 -0.02306315 -0.09839091
v 0.02055023 -0.02213306 -0.08979717
v 0.01805759 -0.02306315 -0.09839091
v 0.01695624 -0.02307826 -0.08979717
v 0.00116947 0.01523682 -0.09789771
v 0.00129444 0.01518497 -0.09269711
v -0.00384736 0.01476257 -0.09269710
v -0.00384736 0.01476257 -0.09269710
v -0.00478324 0.01448984 -0.09789339
v 0.00116947 0.01523682 -0.09789771
v -0.00857915 0.01270596 -0.09269708
v -0.00478324 0.01448984 -0.09789339
v -0.00384736 0.01476257 -0.09269710
v -0.00857915 0.01270596 -0.09269708
v -0.00841754 0.01274782 -0.09789705
v -0.00478324 0.01448984 -0.09789339
v -0.01239571 0.00923513 -0.09269707
v -0.01124451 0.01053046 -0.09789415
v -0.00857915 0.01270596 -0.09269708
v -0.00857915 0.01270596 -0.09269708
v -0.01124451 0.01053046 -0.09789415
v -0.00841754 0.01274782 -0.09789705
v -0.01489110 0.00471862 -0.09269707
v -0.01414663 0.00646318 -0.09791069
v -0.01239571 0.00923513 -0.09269707
v -0.01239571 0.00923513 -0.09269707
v -0.01414663 0.00646318 -0.09791069
v -0.01124451 0.01053046 -0.09789415
v -0.01579797 -0.00036288 -0.09269706
v -0.01565470 0.00155130 -0.09788834
v -0.01489110 0.00471862 -0.09269707
v -0.01489110 0.00471862 -0.09269707
v -0.01565470 0.00155130 -0.09788834
v -0.01414663 0.00646318 -0.09791069
v -0.01501789 -0.00546684 -0.09269705
v -0.01553148 -0.00344698 -0.09790376
v -0.01579797 -0.00036288 -0.09269706
v -0.01579797 -0.00036288 -0.09269706
v -0.01553148 -0.00344698 -0.09790376
v -0.01565470 0.00155130 -0.09788834
v -0.01263255 -0.01004792 -0.09269707
v -0.01381261 -0.00822990 -0.09790386
v -0.01501789 -0.00546684 -0.09269705
v -0.01501789 -0.00546684 -0.09269705
v -0.01381261 -0.00822990 -0.09790386
v -0.01553148 -0.00344698 -0.09790376
v -0.00889537 -0.01361558 -0.09269710
v -0.01060750 -0.01227136 -0.09788904
v -0.01263255 -0.01004792 -0.09269707
v -0.01263255 -0.01004792 -0.09269707
v -0.01060750 -0.01227136 -0.09788904
v -0.01381261 -0.00822990 -0.09790386
v -0.00420368 -0.01578681 -0.09269714
v -0.00641282 -0.01500222 -0.09790388
v -0.00889537 -0.01361558 -0.09269710
v -0.00889537 -0.01361558 -0.09269710
v -0.00641282 -0.01500222 -0.09790388
v -0.01060750 -0.01227136 -0.09788904
v 0.00139399 -0.01632933 -0.09269717
v -0.00252638 -0.01610980 -0.09789707
v -0.00420368 -0.01578681 -0.09269714
v -0.00420368 -0.01578681 -0.09269714
v -0.00252638 -0.01610980 -0.09789707
v -0.00641282 -0.01500222 -0.09790388
v 0.00139399 -0.01632933 -0.09269717
v 0.00161018 -0.01628509 -0.09789049
v -0.00252638 -0.01610980 -0.09789707
v 0.00663972 -0.01489435 -0.09269711
v 0.00498752 -0.01550306 -0.09789706
v 0.00139399 -0.01632933 -0.09269717
v 0.00139399 -0.01632933 -0.09269717
v 0.00498752 -0.01550306 -0.09789706
v 0.00161018 -0.01628509 -0.09789049
v 0.00663972 -0.01489435 -0.09269711
v 0.00865889 -0.01377734 -0.09791252
v 0.00498752 -0.01550306 -0.09789706
v 0.01091058 -0.01198573 -0.09269708
v 0.00865889 -0.01377734 -0.09791252
v 0.00663972 -0.01489435 -0.09269711
v 0.01091058 -0.01198573 -0.09269708
v 0.01239946 -0.01035224 -0.09790388
v 0.00865889 -0.01377734 -0.09791252
v 0.01401371 -0.00785534 -0.09269707
v 0.01239946 -0.01035224 -0.09790388
v 0.01091058 -0.01198573 -0.09269708
v 0.01401371 -0.00785534 -0.09269707
v 0.01486547 -0.00590812 -0.09790383
v 0.01239946 -0.01035224 -0.09790388
v 0.01561777 -0.00294663 -0.09269706
v 0.01486547 -0.00590812 -0.09790383
v 0.01401371 -0.00785534 -0.09269707
v 0.01561777 -0.00294663 -0.09269706
v 0.01575611 -0.00131957 -0.09792104
v 0.01486547 -0.00590812 -0.09790383
v 0.01555329 0.00221526 -0.09269708
v 0.01575611 -0.00131957 -0.09792104
v 0.01561777 -0.00294663 -0.09269706
v 0.01555329 0.00221526 -0.09269708
v 0.01543141 0.00258653 -0.09789707
v 0.01575611 -0.00131957 -0.09792104
v 0.01382879 0.00707961 -0.09269712
v 0.01413433 0.00648715 -0.09790347
v 0.01555329 0.00221526 -0.09269708
v 0.01555329 0.00221526 -0.09269708
v 0.01413433 0.00648715 -0.09790347
v 0.01543141 0.00258653 -0.09789707
v 0.01062911 0.01112819 -0.09269708
v 0.01116294 0.01061059 -0.09790327
v 0.01382879 0.00707961 -0.09269712
v 0.01382879 0.00707961 -0.09269712
v 0.01116294 0.01061059 -0.09790327
v 0.01413433 0.00648715 -0.09790347
v 0.00629636 0.01392926 -0.09269710
v 0.00702629 0.01358124 -0.09791093
v 0.01062911 0.01112819 -0.09269708
v 0.01062911 0.01112819 -0.09269708
v 0.00702629 0.01358124 -0.09791093
v 0.01116294 0.01061059 -0.09790327
v 0.00129444 0.01518497 -0.09269711
v 0.00116947 0.01523682 -0.09789771
v 0.00629636 0.01392926 -0.09269710
v 0.00629636 0.01392926 -0.09269710
v 0.00116947 0.01523682 -0.09789771
v 0.00702629 0.01358124 -0.09791093
v -0.02078625 0.02088604 -0.09838714
v -0.02121122 0.02129417 -0.09892185
v -0.01721490 0.02192808 -0.09839091
v -0.01721490 0.02192808 -0.09839091
v -0.02121122 0.02129417 -0.09892185
v -0.01707898 0.02242462 -0.09889544
v -0.01721490 0.02192808 -0.09839091
v -0.01707898 0.02242462 -0.09889544
v -0.01422847 0.02050448 -0.09839091
v -0.01422847 0.02050448 -0.09839091
v -0.01707898 0.02242462 -0.09889544
v -0.01380536 0.02079735 -0.09889527
v -0.01422847 0.02050448 -0.09839091
v -0.01380536 0.02079735 -0.09889527
v -0.01294769 0.01790779 -0.09839790
v -0.02239592 0.01797433 -0.09839907
v -0.02286948 0.01812429 -0.09889652
v -0.02078625 0.02088604 -0.09838714
v -0.02078625 0.02088604 -0.09838714
v -0.02286948 0.01812429 -0.09889652
v -0.02121122 0.02129417 -0.09892185
v -0.01857369 0.01240246 -0.09838392
v -0.01880698 0.01192399 -0.09889659
v -0.02078803 0.01346277 -0.09839350
v -0.02078803 0.01346277 -0.09839350
v -0.01880698 0.01192399 -0.09889659
v -0.02224297 0.01409926 -0.09889141
v -0.02078803 0.01346277 -0.09839350
v -0.02224297 0.01409926 -0.09889141
v -0.02219657 0.01550698 -0.09839350
v -0.02219657 0.01550698 -0.09839350
v -0.02224297 0.01409926 -0.09889141
v -0.02239592 0.01797433 -0.09839907
v -0.02239592 0.01797433 -0.09839907
v -0.02224297 0.01409926 -0.09889141
v -0.02286948 0.01812429 -0.09889652
v -0.01380536 0.02079735 -0.09889527
v -0.01222189 0.01653489 -0.09889429
v -0.01294769 0.01790779 -0.09839790
v -0.01294769 0.01790779 -0.09839790
v -0.01222189 0.01653489 -0.09889429
v -0.01318295 0.01543972 -0.09839350
v -0.01318295 0.01543972 -0.09839350
v -0.01222189 0.01653489 -0.09889429
v -0.01527197 0.01285800 -0.09838634
v -0.01527197 0.01285800 -0.09838634
v -0.01222189 0.01653489 -0.09889429
v -0.01510132 0.01236545 -0.09889393
v -0.01527197 0.01285800 -0.09838634
v -0.01510132 0.01236545 -0.09889393
v -0.01857369 0.01240246 -0.09838392
v -0.01857369 0.01240246 -0.09838392
v -0.01510132 0.01236545 -0.09889393
v -0.01880698 0.01192399 -0.09889659
v 0.02240719 0.01790779 -0.09839791
v 0.02277560 0.01883575 -0.09889363
v 0.02188825 0.01463070 -0.09838634
v 0.02188825 0.01463070 -0.09838634
v 0.02277560 0.01883575 -0.09889363
v 0.02261654 0.01519170 -0.09889647
v 0.02188825 0.01463070 -0.09838634
v 0.02261654 0.01519170 -0.09889647
v 0.02025906 0.01239133 -0.09889422
v 0.02188825 0.01463070 -0.09838634
v 0.02025906 0.01239133 -0.09889422
v 0.01928077 0.01259341 -0.09839793
v 0.01895357 0.02170602 -0.09839017
v 0.02044869 0.02162347 -0.09889660
v 0.02112644 0.02050445 -0.09839093
v 0.02112644 0.02050445 -0.09839093
v 0.02044869 0.02162347 -0.09889660
v 0.02277560 0.01883575 -0.09889363
v 0.02112644 0.02050445 -0.09839093
v 0.02277560 0.01883575 -0.09889363
v 0.02240719 0.01790779 -0.09839791
v 0.01346606 0.01959569 -0.09838570
v 0.01339841 0.02049567 -0.09889491
v 0.01646572 0.02179601 -0.09839091
v 0.01646572 0.02179601 -0.09839091
v 0.01339841 0.02049567 -0.09889491
v 0.01734469 0.02244785 -0.09889545
v 0.01646572 0.02179601 -0.09839091
v 0.01734469 0.02244785 -0.09889545
v 0.01895357 0.02170602 -0.09839017
v 0.01895357 0.02170602 -0.09839017
v 0.01734469 0.02244785 -0.09889545
v 0.02044869 0.02162347 -0.09889660
v 0.01928077 0.01259341 -0.09839793
v 0.02025906 0.01239133 -0.09889422
v 0.01680891 0.01239666 -0.09839348
v 0.01680891 0.01239666 -0.09839348
v 0.02025906 0.01239133 -0.09889422
v 0.01616553 0.01198661 -0.09889590
v 0.01680891 0.01239666 -0.09839348
v 0.01616553 0.01198661 -0.09889590
v 0.01456688 0.01346274 -0.09839349
v 0.01456688 0.01346274 -0.09839349
v 0.01616553 0.01198661 -0.09889590
v 0.01322411 0.01415803 -0.09889545
v 0.01456688 0.01346274 -0.09839349
v 0.01322411 0.01415803 -0.09889545
v 0.01299491 0.01590162 -0.09839091
v 0.01299491 0.01590162 -0.09839091
v 0.01322411 0.01415803 -0.09889545
v 0.01238865 0.01711340 -0.09889658
v 0.01299491 0.01590162 -0.09839091
v 0.01238865 0.01711340 -0.09889658
v 0.01346606 0.01959569 -0.09838570
v 0.01346606 0.01959569 -0.09838570
v 0.01238865 0.01711340 -0.09889658
v 0.01339841 0.02049567 -0.09889491
v -0.02136830 -0.01503770 -0.09836776
v -0.01891709 -0.01292666 -0.09889182
v -0.01805807 -0.01341964 -0.09839091
v -0.01805807 -0.01341964 -0.09839091
v -0.01891709 -0.01292666 -0.09889182
v -0.01450132 -0.01452551 -0.09838634
v -0.01450132 -0.01452551 -0.09838634
v -0.01891709 -0.01292666 -0.09889182
v -0.01409674 -0.01419669 -0.09889394
v -0.01450132 -0.01452551 -0.09838634
v -0.01409674 -0.01419669 -0.09889394
v -0.01285576 -0.01786079 -0.09839090
v -0.01285576 -0.01786079 -0.09839090
v -0.01409674 -0.01419669 -0.09889394
v -0.01234315 -0.01790871 -0.09889544
v -0.01285576 -0.01786079 -0.09839090
v -0.01234315 -0.01790871 -0.09889544
v -0.01354385 -0.02067341 -0.09839790
v -0.02088104 -0.02193230 -0.09836753
v -0.02230437 -0.02080444 -0.09889646
v -0.02249927 -0.01862193 -0.09839088
v -0.02249927 -0.01862193 -0.09839088
v -0.02230437 -0.02080444 -0.09889646
v -0.02288006 -0.02062104 -0.09891643
v -0.02249927 -0.01862193 -0.09839088
v -0.02288006 -0.02062104 -0.09891643
v -0.02246371 -0.01586230 -0.09889559
v -0.02249927 -0.01862193 -0.09839088
v -0.02246371 -0.01586230 -0.09889559
v -0.02136830 -0.01503770 -0.09836776
v -0.02136830 -0.01503770 -0.09836776
v -0.02246371 -0.01586230 -0.09889559
v -0.01891709 -0.01292666 -0.09889182
v -0.02088104 -0.02193230 -0.09836753
v -0.02087775 -0.02263449 -0.09893521
v -0.02230437 -0.02080444 -0.09889646
v -0.01234315 -0.01790871 -0.09889544
v -0.01361453 -0.02180937 -0.09889411
v -0.01354385 -0.02067341 -0.09839790
v -0.01354385 -0.02067341 -0.09839790
v -0.01361453 -0.02180937 -0.09889411
v -0.01531022 -0.02241254 -0.09839350
v -0.01531022 -0.02241254 -0.09839350
v -0.01361453 -0.02180937 -0.09889411
v -0.01734491 -0.02357568 -0.09889544
v -0.01531022 -0.02241254 -0.09839350
v -0.01734491 -0.02357568 -0.09889544
v -0.01771340 -0.02303736 -0.09839348
v -0.01771340 -0.02303736 -0.09839348
v -0.01734491 -0.02357568 -0.09889544
v -0.02088104 -0.02193230 -0.09836753
v -0.02088104 -0.02193230 -0.09836753
v -0.01734491 -0.02357568 -0.09889544
v -0.02087775 -0.02263449 -0.09893521
v 0.02181103 -0.02067341 -0.09839790
v 0.02201620 -0.02149626 -0.09892903
v 0.02037561 -0.02217075 -0.09839017
v 0.02037561 -0.02217075 -0.09839017
v 0.02201620 -0.02149626 -0.09892903
v 0.01935726 -0.02335731 -0.09889372
v 0.01817352 -0.01343095 -0.09837687
v 0.01840382 -0.01292740 -0.09889567
v 0.02112645 -0.01485045 -0.09839092
v 0.02112645 -0.01485045 -0.09839092
v 0.01840382 -0.01292740 -0.09889567
v 0.02155005 -0.01455741 -0.09889571
v 0.02112645 -0.01485045 -0.09839092
v 0.02155005 -0.01455741 -0.09889571
v 0.02249913 -0.01786080 -0.09839091
v 0.02249913 -0.01786080 -0.09839091
v 0.02155005 -0.01455741 -0.09889571
v 0.02301188 -0.01790870 -0.09889560
v 0.02249913 -0.01786080 -0.09839091
v 0.02301188 -0.01790870 -0.09889560
v 0.02181103 -0.02067341 -0.09839790
v 0.02181103 -0.02067341 -0.09839790
v 0.02301188 -0.01790870 -0.09889560
v 0.02201620 -0.02149626 -0.09892903
v 0.01315728 -0.01984470 -0.09839790
v 0.01305051 -0.02080444 -0.09889647
v 0.01238469 -0.01716295 -0.09889343
v 0.01315728 -0.01984470 -0.09839790
v 0.01238469 -0.01716295 -0.09889343
v 0.01309923 -0.01652780 -0.09838635
v 0.01309923 -0.01652780 -0.09838635
v 0.01238469 -0.01716295 -0.09889343
v 0.01472183 -0.01378799 -0.09889560
v 0.01309923 -0.01652780 -0.09838635
v 0.01472183 -0.01378799 -0.09889560
v 0.01531027 -0.01407009 -0.09839348
v 0.01531027 -0.01407009 -0.09839348
v 0.01472183 -0.01378799 -0.09889560
v 0.01817352 -0.01343095 -0.09837687
v 0.01817352 -0.01343095 -0.09837687
v 0.01472183 -0.01378799 -0.09889560
v 0.01840382 -0.01292740 -0.09889567
v 0.02037561 -0.02217075 -0.09839017
v 0.01935726 -0.02335731 -0.09889372
v 0.01805759 -0.02306315 -0.09839091
v 0.01805759 -0.02306315 -0.09839091
v 0.01935726 -0.02335731 -0.09889372
v 0.01529801 -0.02302750 -0.09889572
v 0.01805759 -0.02306315 -0.09839091
v 0.01529801 -0.02302750 -0.09889572
v 0.01486919 -0.02217947 -0.09839090
v 0.01486919 -0.02217947 -0.09839090
v 0.01529801 -0.02302750 -0.09889572
v 0.01305051 -0.02080444 -0.09889647
v 0.01486919 -0.02217947 -0.09839090
v 0.01305051 -0.02080444 -0.09889647
v 0.01315728 -0.01984470 -0.09839790
v 0.00161018 -0.01628509 -0.09789049
v 0.00498752 -0.01550306 -0.09789706
v 0.00401830 -0.01687898 -0.09889633
v 0.00401830 -0.01687898 -0.09889633
v 0.00498752 -0.01550306 -0.09789706
v 0.00896716 -0.01474827 -0.09889669
v 0.00896716 -0.01474827 -0.09889669
v 0.00498752 -0.01550306 -0.09789706
v 0.00865889 -0.01377734 -0.09791252
v 0.00896716 -0.01474827 -0.09889669
v 0.00865889 -0.01377734 -0.09791252
v 0.01390150 -0.01015924 -0.09889552
v 0.00865889 -0.01377734 -0.09791252
v 0.01239946 -0.01035224 -0.09790388
v 0.01390150 -0.01015924 -0.09889552
v 0.01239946 -0.01035224 -0.09790388
v 0.01486547 -0.00590812 -0.09790383
v 0.01390150 -0.01015924 -0.09889552
v 0.01390150 -0.01015924 -0.09889552
v 0.01486547 -0.00590812 -0.09790383
v 0.01674066 -0.00266430 -0.09889580
v 0.01486547 -0.00590812 -0.09790383
v 0.01575611 -0.00131957 -0.09792104
v 0.01674066 -0.00266430 -0.09889580
v 0.01674066 -0.00266430 -0.09889580
v 0.01575611 -0.00131957 -0.09792104
v 0.01543141 0.00258653 -0.09789707
v 0.01674066 -0.00266430 -0.09889580
v 0.01543141 0.00258653 -0.09789707
v 0.01613944 0.00411127 -0.09889647
v 0.01543141 0.00258653 -0.09789707
v 0.01413433 0.00648715 -0.09790347
v 0.01613944 0.00411127 -0.09889647
v 0.01613944 0.00411127 -0.09889647
v 0.01413433 0.00648715 -0.09790347
v 0.01382869 0.00898128 -0.09889663
v 0.01413433 0.00648715 -0.09790347
v 0.01116294 0.01061059 -0.09790327
v 0.01382869 0.00898128 -0.09889663
v 0.01382869 0.00898128 -0.09889663
v 0.01116294 0.01061059 -0.09790327
v 0.00994773 0.01299910 -0.09889673
v 0.00994773 0.01299910 -0.09889673
v 0.01116294 0.01061059 -0.09790327
v 0.00702629 0.01358124 -0.09791093
v 0.00994773 0.01299910 -0.09889673
v 0.00702629 0.01358124 -0.09791093
v 0.00532082 0.01537418 -0.09889633
v 0.00702629 0.01358124 -0.09791093
v 0.00116947 0.01523682 -0.09789771
v 0.00532082 0.01537418 -0.09889633
v 0.00532082 0.01537418 -0.09889633
v 0.00116947 0.01523682 -0.09789771
v 0.00027228 0.01621729 -0.09889659
v 0.00027228 0.01621729 -0.09889659
v 0.00116947 0.01523682 -0.09789771
v -0.00494674 0.01548276 -0.09889644
v 0.00116947 0.01523682 -0.09789771
v -0.00478324 0.01448984 -0.09789339
v -0.00494674 0.01548276 -0.09889644
v -0.00494674 0.01548276 -0.09889644
v -0.00478324 0.01448984 -0.09789339
v -0.00969212 0.01315932 -0.09889679
v -0.00969212 0.01315932 -0.09889679
v -0.00478324 0.01448984 -0.09789339
v -0.00841754 0.01274782 -0.09789705
v -0.00841754 0.01274782 -0.09789705
v -0.01124451 0.01053046 -0.09789415
v -0.00969212 0.01315932 -0.09889679
v -0.00969212 0.01315932 -0.09889679
v -0.01124451 0.01053046 -0.09789415
v -0.01359478 0.00929300 -0.09889668
v -0.01124451 0.01053046 -0.09789415
v -0.01414663 0.00646318 -0.09791069
v -0.01359478 0.00929300 -0.09889668
v -0.01359478 0.00929300 -0.09889668
v -0.01414663 0.00646318 -0.09791069
v -0.01611456 0.00423328 -0.09889641
v -0.01611456 0.00423328 -0.09889641
v -0.01414663 0.00646318 -0.09791069
v -0.01565470 0.00155130 -0.09788834
v -0.01611456 0.00423328 -0.09889641
v -0.01565470 0.00155130 -0.09788834
v -0.01674136 -0.00266437 -0.09889633
v -0.01674136 -0.00266437 -0.09889633
v -0.01565470 0.00155130 -0.09788834
v -0.01553148 -0.00344698 -0.09790376
v -0.01674136 -0.00266437 -0.09889633
v -0.01553148 -0.00344698 -0.09790376
v -0.01381261 -0.00822990 -0.09790386
v -0.01674136 -0.00266437 -0.09889633
v -0.01381261 -0.00822990 -0.09790386
v -0.01455200 -0.00896542 -0.09889656
v -0.01455200 -0.00896542 -0.09889656
v -0.01381261 -0.00822990 -0.09790386
v -0.01060750 -0.01227136 -0.09788904
v -0.01455200 -0.00896542 -0.09889656
v -0.01060750 -0.01227136 -0.09788904
v -0.01133169 -0.01294468 -0.09889671
v -0.01133169 -0.01294468 -0.09889671
v -0.01060750 -0.01227136 -0.09788904
v -0.00681855 -0.01594483 -0.09889665
v -0.00681855 -0.01594483 -0.09889665
v -0.01060750 -0.01227136 -0.09788904
v -0.00641282 -0.01500222 -0.09790388
v -0.00681855 -0.01594483 -0.09889665
v -0.00641282 -0.01500222 -0.09790388
v -0.00252638 -0.01610980 -0.09789707
v -0.00681855 -0.01594483 -0.09889665
v -0.00252638 -0.01610980 -0.09789707
v -0.00159503 -0.01728657 -0.09889662
v -0.00159503 -0.01728657 -0.09889662
v -0.00252638 -0.01610980 -0.09789707
v 0.00161018 -0.01628509 -0.09789049
v -0.00159503 -0.01728657 -0.09889662
v 0.00161018 -0.01628509 -0.09789049
v 0.00401830 -0.01687898 -0.09889633
v 0.00488586 0.03343238 -0.06817532
v 0.00475309 0.03643556 -0.06606397
v 0.00475182 0.03343238 -0.06605351
v 0.00475182 0.03343238 -0.06605351
v 0.00475309 0.03643556 -0.06606397
v 0.00379166 0.03643556 -0.06415907
v 0.00475182 0.03343238 -0.06605351
v 0.00379166 0.03643556 -0.06415907
v 0.00377477 0.03343238 -0.06413681
v 0.00377477 0.03343238 -0.06413681
v 0.00379166 0.03643556 -0.06415907
v 0.00129017 0.03643556 -0.06251994
v 0.00377477 0.03343238 -0.06413681
v 0.00129017 0.03643556 -0.06251994
v 0.00166368 0.03343238 -0.06267951
v 0.00166368 0.03343238 -0.06267951
v 0.00129017 0.03643556 -0.06251994
v -0.00044925 0.03343238 -0.06244307
v -0.00044925 0.03343238 -0.06244307
v 0.00129017 0.03643556 -0.06251994
v -0.00169940 0.03643556 -0.06269392
v -0.00044925 0.03343238 -0.06244307
v -0.00169940 0.03643556 -0.06269392
v -0.00209484 0.03339410 -0.06281997
v -0.00209484 0.03339410 -0.06281997
v -0.00169940 0.03643556 -0.06269392
v -0.00379851 0.03643556 -0.06416707
v -0.00209484 0.03339410 -0.06281997
v -0.00379851 0.03643556 -0.06416707
v -0.00381750 0.03343238 -0.06418757
v -0.00381750 0.03343238 -0.06418757
v -0.00379851 0.03643556 -0.06416707
v -0.00475817 0.03643556 -0.06608244
v -0.00381750 0.03343238 -0.06418757
v -0.00475817 0.03643556 -0.06608244
v -0.00476230 0.03343238 -0.06609214
v -0.00476230 0.03343238 -0.06609214
v -0.00475817 0.03643556 -0.06608244
v -0.00487798 0.03643556 -0.06821287
v -0.00476230 0.03343238 -0.06609214
v -0.00487798 0.03643556 -0.06821287
v -0.00502466 0.03340233 -0.06710014
v -0.00502466 0.03340233 -0.06710014
v -0.00487798 0.03643556 -0.06821287
v -0.00407173 0.03343238 -0.07024676
v -0.00407173 0.03343238 -0.07024676
v -0.00487798 0.03643556 -0.06821287
v -0.00402756 0.03643556 -0.07017925
v -0.00407173 0.03343238 -0.07024676
v -0.00402756 0.03643556 -0.07017925
v -0.00210898 0.03643556 -0.07187758
v -0.00407173 0.03343238 -0.07024676
v -0.00210898 0.03643556 -0.07187758
v -0.00206323 0.03343238 -0.07181938
v -0.00206323 0.03343238 -0.07181938
v -0.00210898 0.03643556 -0.07187758
v -0.00040930 0.03343238 -0.07225533
v -0.00040930 0.03343238 -0.07225533
v -0.00210898 0.03643556 -0.07187758
v 0.00129634 0.03643556 -0.07217331
v -0.00040930 0.03343238 -0.07225533
v 0.00129634 0.03643556 -0.07217331
v 0.00214814 0.03343238 -0.07186073
v 0.00214814 0.03343238 -0.07186073
v 0.00129634 0.03643556 -0.07217331
v 0.00348806 0.03643556 -0.07082205
v 0.00214814 0.03343238 -0.07186073
v 0.00348806 0.03643556 -0.07082205
v 0.00404559 0.03343238 -0.07015588
v 0.00404559 0.03343238 -0.07015588
v 0.00348806 0.03643556 -0.07082205
v 0.00482746 0.03643556 -0.06863764
v 0.00404559 0.03343238 -0.07015588
v 0.00482746 0.03643556 -0.06863764
v 0.00488586 0.03343238 -0.06817532
v 0.00488586 0.03343238 -0.06817532
v 0.00482746 0.03643556 -0.06863764
v 0.00475309 0.03643556 -0.06606397
v 0.01339841 0.02049567 -0.09889491
v 0.00079613 0.02140664 -0.09879591
v 0.00237913 0.02244485 -0.09878976
v -0.01222189 0.01653489 -0.09889429
v -0.00105730 0.02151924 -0.09878974
v 0.00079613 0.02140664 -0.09879591
v -0.01222189 0.01653489 -0.09889429
v 0.00079613 0.02140664 -0.09879591
v 0.01339841 0.02049567 -0.09889491
v -0.01222189 0.01653489 -0.09889429
v -0.00267912 0.02278173 -0.09879384
v -0.00105730 0.02151924 -0.09878974
v 0.00310830 0.02413731 -0.09878221
v 0.01075549 0.02806846 -0.09889721
v 0.01339841 0.02049567 -0.09889491
v 0.00310830 0.02413731 -0.09878221
v 0.01339841 0.02049567 -0.09889491
v 0.00237913 0.02244485 -0.09878976
v 0.01075549 0.02806846 -0.09889721
v 0.00310830 0.02413731 -0.09878221
v 0.00272631 0.02602079 -0.09880856
v -0.01558782 0.02585292 -0.09889752
v -0.00309766 0.02505719 -0.09880023
v -0.00267912 0.02278173 -0.09879384
v -0.01558782 0.02585292 -0.09889752
v -0.00267912 0.02278173 -0.09879384
v -0.01222189 0.01653489 -0.09889429
v 0.00153400 0.02714559 -0.09881085
v 0.00213075 0.02990981 -0.09889714
v 0.00272631 0.02602079 -0.09880856
v 0.00272631 0.02602079 -0.09880856
v 0.00213075 0.02990981 -0.09889714
v 0.01075549 0.02806846 -0.09889721
v -0.00025847 0.02755710 -0.09879590
v 0.00213075 0.02990981 -0.09889714
v 0.00153400 0.02714559 -0.09881085
v -0.00562474 0.02949817 -0.09889714
v -0.00309766 0.02505719 -0.09880023
v -0.01558782 0.02585292 -0.09889752
v -0.00025847 0.02755710 -0.09879590
v -0.00562474 0.02949817 -0.09889714
v 0.00213075 0.02990981 -0.09889714
v -0.00025847 0.02755710 -0.09879590
v -0.00200618 0.02681361 -0.09880697
v -0.00562474 0.02949817 -0.09889714
v -0.00562474 0.02949817 -0.09889714
v -0.00200618 0.02681361 -0.09880697
v -0.00309766 0.02505719 -0.09880023
v -0.01510132 0.01236545 -0.09889393
v -0.01359478 0.00929300 -0.09889668
v -0.01611456 0.00423328 -0.09889641
v -0.01510132 0.01236545 -0.09889393
v -0.01611456 0.00423328 -0.09889641
v -0.01880698 0.01192399 -0.09889659
v -0.01880698 0.01192399 -0.09889659
v -0.01611456 0.00423328 -0.09889641
v -0.01674136 -0.00266437 -0.09889633
v -0.01359478 0.00929300 -0.09889668
v -0.01510132 0.01236545 -0.09889393
v -0.00969212 0.01315932 -0.09889679
v -0.00969212 0.01315932 -0.09889679
v -0.01510132 0.01236545 -0.09889393
v -0.01222189 0.01653489 -0.09889429
v -0.02286948 0.01812429 -0.09889652
v -0.02680220 0.01421237 -0.09889748
v -0.02121122 0.02129417 -0.09892185
v -0.01880698 0.01192399 -0.09889659
v -0.01674136 -0.00266437 -0.09889633
v -0.02224297 0.01409926 -0.09889141
v -0.02224297 0.01409926 -0.09889141
v -0.01674136 -0.00266437 -0.09889633
v -0.03042225 0.00358705 -0.09889764
v -0.02286948 0.01812429 -0.09889652
v -0.02224297 0.01409926 -0.09889141
v -0.02680220 0.01421237 -0.09889748
v -0.02680220 0.01421237 -0.09889748
v -0.02224297 0.01409926 -0.09889141
v -0.03042225 0.00358705 -0.09889764
v -0.01380536 0.02079735 -0.09889527
v -0.01558782 0.02585292 -0.09889752
v -0.01222189 0.01653489 -0.09889429
v -0.01558782 0.02585292 -0.09889752
v -0.01707898 0.02242462 -0.09889544
v -0.02121122 0.02129417 -0.09892185
v -0.01380536 0.02079735 -0.09889527
v -0.01707898 0.02242462 -0.09889544
v -0.01558782 0.02585292 -0.09889752
v 0.01616553 0.01198661 -0.09889590
v 0.02025906 0.01239133 -0.09889422
v 0.03049498 -0.00186288 -0.09889710
v 0.01238865 0.01711340 -0.09889658
v 0.01322411 0.01415803 -0.09889545
v 0.00994773 0.01299910 -0.09889673
v 0.00994773 0.01299910 -0.09889673
v 0.01322411 0.01415803 -0.09889545
v 0.01382869 0.00898128 -0.09889663
v 0.03049498 -0.00186288 -0.09889710
v 0.01674066 -0.00266430 -0.09889580
v 0.01616553 0.01198661 -0.09889590
v 0.01382869 0.00898128 -0.09889663
v 0.01322411 0.01415803 -0.09889545
v 0.01616553 0.01198661 -0.09889590
v 0.01382869 0.00898128 -0.09889663
v 0.01616553 0.01198661 -0.09889590
v 0.01613944 0.00411127 -0.09889647
v 0.01613944 0.00411127 -0.09889647
v 0.01616553 0.01198661 -0.09889590
v 0.01674066 -0.00266430 -0.09889580
v 0.02044869 0.02162347 -0.09889660
v 0.01734469 0.02244785 -0.09889545
v 0.01830880 0.02390153 -0.09889716
v 0.01830880 0.02390153 -0.09889716
v 0.01734469 0.02244785 -0.09889545
v 0.01075549 0.02806846 -0.09889721
v 0.01075549 0.02806846 -0.09889721
v 0.01734469 0.02244785 -0.09889545
v 0.01339841 0.02049567 -0.09889491
v 0.02394840 0.01835978 -0.09889714
v 0.02277560 0.01883575 -0.09889363
v 0.02044869 0.02162347 -0.09889660
v 0.02394840 0.01835978 -0.09889714
v 0.02044869 0.02162347 -0.09889660
v 0.01830880 0.02390153 -0.09889716
v 0.03049498 -0.00186288 -0.09889710
v 0.02025906 0.01239133 -0.09889422
v 0.02930018 0.00879429 -0.09889866
v 0.02930018 0.00879429 -0.09889866
v 0.02025906 0.01239133 -0.09889422
v 0.02261654 0.01519170 -0.09889647
v 0.02930018 0.00879429 -0.09889866
v 0.02261654 0.01519170 -0.09889647
v 0.02394840 0.01835978 -0.09889714
v 0.02394840 0.01835978 -0.09889714
v 0.02261654 0.01519170 -0.09889647
v 0.02277560 0.01883575 -0.09889363
v -0.02087775 -0.02263449 -0.09893521
v -0.01734491 -0.02357568 -0.09889544
v -0.01423377 -0.02759326 -0.09889717
v -0.01423377 -0.02759326 -0.09889717
v -0.01734491 -0.02357568 -0.09889544
v -0.01361453 -0.02180937 -0.09889411
v -0.01423377 -0.02759326 -0.09889717
v -0.01361453 -0.02180937 -0.09889411
v -0.00577370 -0.03062226 -0.09889718
v -0.02288006 -0.02062104 -0.09891643
v -0.02230437 -0.02080444 -0.09889646
v -0.02087775 -0.02263449 -0.09893521
v -0.01674136 -0.00266437 -0.09889633
v -0.01891709 -0.01292666 -0.09889182
v -0.03042225 0.00358705 -0.09889764
v -0.03042225 0.00358705 -0.09889764
v -0.01891709 -0.01292666 -0.09889182
v -0.02994916 -0.00686796 -0.09889752
v -0.02994916 -0.00686796 -0.09889752
v -0.01891709 -0.01292666 -0.09889182
v -0.02246371 -0.01586230 -0.09889559
v -0.02994916 -0.00686796 -0.09889752
v -0.02246371 -0.01586230 -0.09889559
v -0.02690574 -0.01503006 -0.09889717
v -0.02690574 -0.01503006 -0.09889717
v -0.02246371 -0.01586230 -0.09889559
v -0.02288006 -0.02062104 -0.09891643
v -0.00577370 -0.03062226 -0.09889718
v -0.01361453 -0.02180937 -0.09889411
v -0.01234315 -0.01790871 -0.09889544
v -0.00681855 -0.01594483 -0.09889665
v -0.01234315 -0.01790871 -0.09889544
v -0.01133169 -0.01294468 -0.09889671
v -0.01133169 -0.01294468 -0.09889671
v -0.01234315 -0.01790871 -0.09889544
v -0.01409674 -0.01419669 -0.09889394
v -0.01133169 -0.01294468 -0.09889671
v -0.01409674 -0.01419669 -0.09889394
v -0.01455200 -0.00896542 -0.09889656
v -0.01455200 -0.00896542 -0.09889656
v -0.01409674 -0.01419669 -0.09889394
v -0.01674136 -0.00266437 -0.09889633
v -0.01674136 -0.00266437 -0.09889633
v -0.01409674 -0.01419669 -0.09889394
v -0.01891709 -0.01292666 -0.09889182
v 0.00485613 -0.03079383 -0.09889752
v 0.01305051 -0.02080444 -0.09889647
v 0.01529801 -0.02302750 -0.09889572
v 0.00485613 -0.03079383 -0.09889752
v 0.01529801 -0.02302750 -0.09889572
v 0.01594550 -0.02680285 -0.09889758
v 0.01594550 -0.02680285 -0.09889758
v 0.01529801 -0.02302750 -0.09889572
v 0.01935726 -0.02335731 -0.09889372
v 0.03049498 -0.00186288 -0.09889710
v 0.01840382 -0.01292740 -0.09889567
v 0.01674066 -0.00266430 -0.09889580
v 0.01674066 -0.00266430 -0.09889580
v 0.01840382 -0.01292740 -0.09889567
v 0.01390150 -0.01015924 -0.09889552
v 0.01390150 -0.01015924 -0.09889552
v 0.01840382 -0.01292740 -0.09889567
v 0.01472183 -0.01378799 -0.09889560
v -0.00577370 -0.03062226 -0.09889718
v 0.01238469 -0.01716295 -0.09889343
v 0.01305051 -0.02080444 -0.09889647
v 0.01390150 -0.01015924 -0.09889552
v 0.01472183 -0.01378799 -0.09889560
v 0.00896716 -0.01474827 -0.09889669
v 0.00896716 -0.01474827 -0.09889669
v 0.01472183 -0.01378799 -0.09889560
v 0.01238469 -0.01716295 -0.09889343
v 0.02201620 -0.02149626 -0.09892903
v 0.02301188 -0.01790870 -0.09889560
v 0.02830464 -0.01260266 -0.09889854
v 0.02830464 -0.01260266 -0.09889854
v 0.02301188 -0.01790870 -0.09889560
v 0.02155005 -0.01455741 -0.09889571
v 0.02830464 -0.01260266 -0.09889854
v 0.02155005 -0.01455741 -0.09889571
v 0.03049498 -0.00186288 -0.09889710
v 0.03049498 -0.00186288 -0.09889710
v 0.02155005 -0.01455741 -0.09889571
v 0.01840382 -0.01292740 -0.09889567
v 0.01594550 -0.02680285 -0.09889758
v 0.01935726 -0.02335731 -0.09889372
v 0.02201620 -0.02149626 -0.09892903
v 0.00485613 -0.03079383 -0.09889752
v -0.00577370 -0.03062226 -0.09889718
v 0.01305051 -0.02080444 -0.09889647
v 0.00896716 -0.01474827 -0.09889669
v 0.01238469 -0.01716295 -0.09889343
v -0.00577370 -0.03062226 -0.09889718
v 0.00896716 -0.01474827 -0.09889669
v -0.00577370 -0.03062226 -0.09889718
v 0.00401830 -0.01687898 -0.09889633
v -0.01234315 -0.01790871 -0.09889544
v -0.00681855 -0.01594483 -0.09889665
v -0.00577370 -0.03062226 -0.09889718
v -0.00681855 -0.01594483 -0.09889665
v -0.00159503 -0.01728657 -0.09889662
v -0.00577370 -0.03062226 -0.09889718
v -0.00577370 -0.03062226 -0.09889718
v -0.00159503 -0.01728657 -0.09889662
v 0.00401830 -0.01687898 -0.09889633
v 0.00532082 0.01537418 -0.09889633
v 0.01339841 0.02049567 -0.09889491
v 0.00994773 0.01299910 -0.09889673
v 0.00994773 0.01299910 -0.09889673
v 0.01339841 0.02049567 -0.09889491
v 0.01238865 0.01711340 -0.09889658
v -0.00969212 0.01315932 -0.09889679
v -0.01222189 0.01653489 -0.09889429
v -0.00494674 0.01548276 -0.09889644
v 0.01339841 0.02049567 -0.09889491
v 0.00532082 0.01537418 -0.09889633
v 0.00027228 0.01621729 -0.09889659
v 0.01339841 0.02049567 -0.09889491
v 0.00027228 0.01621729 -0.09889659
v -0.01222189 0.01653489 -0.09889429
v -0.01222189 0.01653489 -0.09889429
v 0.00027228 0.01621729 -0.09889659
v -0.00494674 0.01548276 -0.09889644
v 0.01289682 0.02823103 -0.09791733
v 0.01075549 0.02806846 -0.09889721
v 0.00739874 0.03005441 -0.09789706
v 0.01922230 0.02445751 -0.09788535
v 0.01830880 0.02390153 -0.09889716
v 0.01289682 0.02823103 -0.09791733
v 0.01289682 0.02823103 -0.09791733
v 0.01830880 0.02390153 -0.09889716
v 0.01075549 0.02806846 -0.09889721
v 0.02324138 0.02069773 -0.09789707
v 0.01830880 0.02390153 -0.09889716
v 0.01922230 0.02445751 -0.09788535
v 0.02324138 0.02069773 -0.09789707
v 0.02394840 0.01835978 -0.09889714
v 0.01830880 0.02390153 -0.09889716
v 0.03148568 0.00036950 -0.09789707
v 0.02930018 0.00879429 -0.09889866
v 0.03089846 0.00582635 -0.09790205
v 0.03089846 0.00582635 -0.09790205
v 0.02930018 0.00879429 -0.09889866
v 0.02787300 0.01441069 -0.09786867
v 0.02787300 0.01441069 -0.09786867
v 0.02930018 0.00879429 -0.09889866
v 0.02394840 0.01835978 -0.09889714
v 0.02787300 0.01441069 -0.09786867
v 0.02394840 0.01835978 -0.09889714
v 0.02324138 0.02069773 -0.09789707
v 0.03148568 0.00036950 -0.09789707
v 0.03049498 -0.00186288 -0.09889710
v 0.02930018 0.00879429 -0.09889866
v 0.03148568 0.00036950 -0.09789707
v 0.03088982 -0.00741674 -0.09786867
v 0.03049498 -0.00186288 -0.09889710
v 0.03049498 -0.00186288 -0.09889710
v 0.03088982 -0.00741674 -0.09786867
v 0.02830464 -0.01260266 -0.09889854
v 0.02830464 -0.01260266 -0.09889854
v 0.03088982 -0.00741674 -0.09786867
v 0.02757780 -0.01589411 -0.09790204
v 0.02830464 -0.01260266 -0.09889854
v 0.02757780 -0.01589411 -0.09790204
v 0.02193969 -0.02336588 -0.09787731
v 0.02830464 -0.01260266 -0.09889854
v 0.02193969 -0.02336588 -0.09787731
v 0.02201620 -0.02149626 -0.09892903
v 0.00542674 -0.03173765 -0.09789191
v 0.01594550 -0.02680285 -0.09889758
v 0.01430874 -0.02868529 -0.09790202
v 0.01430874 -0.02868529 -0.09790202
v 0.01594550 -0.02680285 -0.09889758
v 0.02193969 -0.02336588 -0.09787731
v 0.02193969 -0.02336588 -0.09787731
v 0.01594550 -0.02680285 -0.09889758
v 0.02201620 -0.02149626 -0.09892903
v 0.00542674 -0.03173765 -0.09789191
v 0.00485613 -0.03079383 -0.09889752
v 0.01594550 -0.02680285 -0.09889758
v 0.00485613 -0.03079383 -0.09889752
v 0.00542674 -0.03173765 -0.09789191
v -0.00392495 -0.03186995 -0.09791734
v 0.00485613 -0.03079383 -0.09889752
v -0.00392495 -0.03186995 -0.09791734
v -0.00577370 -0.03062226 -0.09889718
v -0.00577370 -0.03062226 -0.09889718
v -0.00392495 -0.03186995 -0.09791734
v -0.01290053 -0.02945766 -0.09790535
v -0.00577370 -0.03062226 -0.09889718
v -0.01290053 -0.02945766 -0.09790535
v -0.01423377 -0.02759326 -0.09889717
v -0.01423377 -0.02759326 -0.09889717
v -0.01290053 -0.02945766 -0.09790535
v -0.02214183 -0.02316979 -0.09787729
v -0.01423377 -0.02759326 -0.09889717
v -0.02214183 -0.02316979 -0.09787729
v -0.02087775 -0.02263449 -0.09893521
v -0.03154155 -0.00140399 -0.09788530
v -0.02994916 -0.00686796 -0.09889752
v -0.03046571 -0.00877375 -0.09790201
v -0.03046571 -0.00877375 -0.09790201
v -0.02994916 -0.00686796 -0.09889752
v -0.02690574 -0.01503006 -0.09889717
v -0.03046571 -0.00877375 -0.09790201
v -0.02690574 -0.01503006 -0.09889717
v -0.02768517 -0.01569961 -0.09790201
v -0.02768517 -0.01569961 -0.09790201
v -0.02690574 -0.01503006 -0.09889717
v -0.02288006 -0.02062104 -0.09891643
v -0.02768517 -0.01569961 -0.09790201
v -0.02288006 -0.02062104 -0.09891643
v -0.02214183 -0.02316979 -0.09787729
v -0.02214183 -0.02316979 -0.09787729
v -0.02288006 -0.02062104 -0.09891643
v -0.02087775 -0.02263449 -0.09893521
v -0.02559308 0.01779970 -0.09789705
v -0.02680220 0.01421237 -0.09889748
v -0.02843763 0.01310582 -0.09790201
v -0.02843763 0.01310582 -0.09790201
v -0.02680220 0.01421237 -0.09889748
v -0.03042225 0.00358705 -0.09889764
v -0.02843763 0.01310582 -0.09790201
v -0.03042225 0.00358705 -0.09889764
v -0.03085287 0.00604367 -0.09790201
v -0.03085287 0.00604367 -0.09790201
v -0.03042225 0.00358705 -0.09889764
v -0.03154155 -0.00140399 -0.09788530
v -0.03154155 -0.00140399 -0.09788530
v -0.03042225 0.00358705 -0.09889764
v -0.02994916 -0.00686796 -0.09889752
v -0.02183697 0.02220945 -0.09791729
v -0.02121122 0.02129417 -0.09892185
v -0.02559308 0.01779970 -0.09789705
v -0.02559308 0.01779970 -0.09789705
v -0.02121122 0.02129417 -0.09892185
v -0.02680220 0.01421237 -0.09889748
v -0.01759722 0.02556204 -0.09789705
v -0.01558782 0.02585292 -0.09889752
v -0.02183697 0.02220945 -0.09791729
v -0.02183697 0.02220945 -0.09791729
v -0.01558782 0.02585292 -0.09889752
v -0.02121122 0.02129417 -0.09892185
v -0.01254078 0.02838794 -0.09791734
v -0.01558782 0.02585292 -0.09889752
v -0.01759722 0.02556204 -0.09789705
v 0.00739874 0.03005441 -0.09789706
v 0.01075549 0.02806846 -0.09889721
v 0.00213075 0.02990981 -0.09889714
v 0.00739874 0.03005441 -0.09789706
v 0.00213075 0.02990981 -0.09889714
v 0.00198017 0.03092627 -0.09790202
v 0.00198017 0.03092627 -0.09790202
v 0.00213075 0.02990981 -0.09889714
v -0.00562474 0.02949817 -0.09889714
v 0.00198017 0.03092627 -0.09790202
v -0.00562474 0.02949817 -0.09889714
v -0.00547199 0.03051040 -0.09790201
v -0.00547199 0.03051040 -0.09790201
v -0.00562474 0.02949817 -0.09889714
v -0.01254078 0.02838794 -0.09791734
v -0.01254078 0.02838794 -0.09791734
v -0.00562474 0.02949817 -0.09889714
v -0.01558782 0.02585292 -0.09889752
v -0.00220006 0.03090907 -0.09239714
v -0.00547199 0.03051040 -0.09790201
v -0.00953106 0.02951188 -0.09239714
v -0.00953106 0.02951188 -0.09239714
v -0.00547199 0.03051040 -0.09790201
v -0.01254078 0.02838794 -0.09791734
v -0.00953106 0.02951188 -0.09239714
v -0.01254078 0.02838794 -0.09791734
v -0.01632848 0.02643194 -0.09239713
v -0.01632848 0.02643194 -0.09239713
v -0.01254078 0.02838794 -0.09791734
v -0.01759722 0.02556204 -0.09789705
v -0.01632848 0.02643194 -0.09239713
v -0.01759722 0.02556204 -0.09789705
v -0.02183697 0.02220945 -0.09791729
v -0.01632848 0.02643194 -0.09239713
v -0.02183697 0.02220945 -0.09791729
v -0.02366088 0.02044299 -0.09239713
v -0.02366088 0.02044299 -0.09239713
v -0.02183697 0.02220945 -0.09791729
v -0.02559308 0.01779970 -0.09789705
v -0.02366088 0.02044299 -0.09239713
v -0.02559308 0.01779970 -0.09789705
v -0.02843763 0.01310582 -0.09790201
v -0.02366088 0.02044299 -0.09239713
v -0.02843763 0.01310582 -0.09790201
v -0.02862421 0.01270451 -0.09239713
v -0.02862421 0.01270451 -0.09239713
v -0.02843763 0.01310582 -0.09790201
v -0.03085287 0.00604367 -0.09790201
v -0.02862421 0.01270451 -0.09239713
v -0.03085287 0.00604367 -0.09790201
v -0.03135996 0.00364108 -0.09239713
v -0.03135996 0.00364108 -0.09239713
v -0.03085287 0.00604367 -0.09790201
v -0.03154155 -0.00140399 -0.09788530
v -0.03135996 0.00364108 -0.09239713
v -0.03154155 -0.00140399 -0.09788530
v -0.03115348 -0.00554966 -0.09239713
v -0.03115348 -0.00554966 -0.09239713
v -0.03154155 -0.00140399 -0.09788530
v -0.03046571 -0.00877375 -0.09790201
v -0.03115348 -0.00554966 -0.09239713
v -0.03046571 -0.00877375 -0.09790201
v -0.02911081 -0.01272769 -0.09239713
v -0.02911081 -0.01272769 -0.09239713
v -0.03046571 -0.00877375 -0.09790201
v -0.02768517 -0.01569961 -0.09790201
v -0.02911081 -0.01272769 -0.09239713
v -0.02768517 -0.01569961 -0.09790201
v -0.02426985 -0.02086418 -0.09239713
v -0.02426985 -0.02086418 -0.09239713
v -0.02768517 -0.01569961 -0.09790201
v -0.02214183 -0.02316979 -0.09787729
v -0.02426985 -0.02086418 -0.09239713
v -0.02214183 -0.02316979 -0.09787729
v -0.01734932 -0.02691527 -0.09239713
v -0.01734932 -0.02691527 -0.09239713
v -0.02214183 -0.02316979 -0.09787729
v -0.01290053 -0.02945766 -0.09790535
v -0.01734932 -0.02691527 -0.09239713
v -0.01290053 -0.02945766 -0.09790535
v -0.01067424 -0.03025320 -0.09239713
v -0.01067424 -0.03025320 -0.09239713
v -0.01290053 -0.02945766 -0.09790535
v -0.00392495 -0.03186995 -0.09791734
v -0.01067424 -0.03025320 -0.09239713
v -0.00392495 -0.03186995 -0.09791734
v -0.00340213 -0.03192973 -0.09239714
v -0.00340213 -0.03192973 -0.09239714
v -0.00392495 -0.03186995 -0.09791734
v 0.00542674 -0.03173765 -0.09789191
v -0.00340213 -0.03192973 -0.09239714
v 0.00542674 -0.03173765 -0.09789191
v 0.00406030 -0.03185132 -0.09239714
v 0.00406030 -0.03185132 -0.09239714
v 0.00542674 -0.03173765 -0.09789191
v 0.01129558 -0.03002235 -0.09239714
v 0.01129558 -0.03002235 -0.09239714
v 0.00542674 -0.03173765 -0.09789191
v 0.01430874 -0.02868529 -0.09790202
v 0.01129558 -0.03002235 -0.09239714
v 0.01430874 -0.02868529 -0.09790202
v 0.01789904 -0.02654491 -0.09239715
v 0.01789904 -0.02654491 -0.09239715
v 0.01430874 -0.02868529 -0.09790202
v 0.02193969 -0.02336588 -0.09787731
v 0.01789904 -0.02654491 -0.09239715
v 0.02193969 -0.02336588 -0.09787731
v 0.02486351 -0.02013238 -0.09239715
v 0.02486351 -0.02013238 -0.09239715
v 0.02193969 -0.02336588 -0.09787731
v 0.02757780 -0.01589411 -0.09790204
v 0.02486351 -0.02013238 -0.09239715
v 0.02757780 -0.01589411 -0.09790204
v 0.02935982 -0.01211334 -0.09239715
v 0.02935982 -0.01211334 -0.09239715
v 0.02757780 -0.01589411 -0.09790204
v 0.03088982 -0.00741674 -0.09786867
v 0.02935982 -0.01211334 -0.09239715
v 0.03088982 -0.00741674 -0.09786867
v 0.03125120 -0.00489397 -0.09239715
v 0.03125120 -0.00489397 -0.09239715
v 0.03088982 -0.00741674 -0.09786867
v 0.03148568 0.00036950 -0.09789707
v 0.03125120 -0.00489397 -0.09239715
v 0.03148568 0.00036950 -0.09789707
v 0.03122069 0.00457305 -0.09239715
v 0.03122069 0.00457305 -0.09239715
v 0.03148568 0.00036950 -0.09789707
v 0.03089846 0.00582635 -0.09790205
v 0.03122069 0.00457305 -0.09239715
v 0.03089846 0.00582635 -0.09790205
v 0.02787300 0.01441069 -0.09786867
v 0.03122069 0.00457305 -0.09239715
v 0.02787300 0.01441069 -0.09786867
v 0.02833894 0.01330303 -0.09239715
v 0.02833894 0.01330303 -0.09239715
v 0.02787300 0.01441069 -0.09786867
v 0.02302455 0.02113840 -0.09239715
v 0.02302455 0.02113840 -0.09239715
v 0.02787300 0.01441069 -0.09786867
v 0.02324138 0.02069773 -0.09789707
v 0.02302455 0.02113840 -0.09239715
v 0.02324138 0.02069773 -0.09789707
v 0.01922230 0.02445751 -0.09788535
v 0.02302455 0.02113840 -0.09239715
v 0.01922230 0.02445751 -0.09788535
v 0.01402696 0.02779751 -0.09239715
v 0.01402696 0.02779751 -0.09239715
v 0.01922230 0.02445751 -0.09788535
v 0.01289682 0.02823103 -0.09791733
v 0.01402696 0.02779751 -0.09239715
v 0.01289682 0.02823103 -0.09791733
v 0.00739874 0.03005441 -0.09789706
v 0.01402696 0.02779751 -0.09239715
v 0.00739874 0.03005441 -0.09789706
v 0.00525419 0.03054531 -0.09239714
v 0.00525419 0.03054531 -0.09239714
v 0.00739874 0.03005441 -0.09789706
v 0.00198017 0.03092627 -0.09790202
v 0.00525419 0.03054531 -0.09239714
v 0.00198017 0.03092627 -0.09790202
v -0.00220006 0.03090907 -0.09239714
v -0.00220006 0.03090907 -0.09239714
v 0.00198017 0.03092627 -0.09790202
v -0.00547199 0.03051040 -0.09790201
v -0.00476230 0.03343238 -0.06609214
v -0.00502466 0.03340233 -0.06710014
v -0.00433336 0.03342841 -0.06431314
v -0.00476230 0.03343238 -0.06609214
v -0.00433336 0.03342841 -0.06431314
v -0.00381750 0.03343238 -0.06418757
v -0.00381750 0.03343238 -0.06418757
v -0.00433336 0.03342841 -0.06431314
v -0.00209484 0.03339410 -0.06281997
v -0.00044925 0.03343238 -0.06244307
v -0.00209484 0.03339410 -0.06281997
v 0.00046117 0.03342841 -0.06207754
v -0.00044925 0.03343238 -0.06244307
v 0.00046117 0.03342841 -0.06207754
v 0.00166368 0.03343238 -0.06267951
v 0.00166368 0.03343238 -0.06267951
v 0.00046117 0.03342841 -0.06207754
v 0.00299045 0.03343009 -0.06307649
v 0.00166368 0.03343238 -0.06267951
v 0.00299045 0.03343009 -0.06307649
v 0.00377477 0.03343238 -0.06413681
v 0.00377477 0.03343238 -0.06413681
v 0.00299045 0.03343009 -0.06307649
v 0.00479436 0.03342842 -0.06511176
v 0.00377477 0.03343238 -0.06413681
v 0.00479436 0.03342842 -0.06511176
v 0.00475182 0.03343238 -0.06605351
v 0.00475182 0.03343238 -0.06605351
v 0.00479436 0.03342842 -0.06511176
v 0.00488586 0.03343238 -0.06817532
v 0.00488586 0.03343238 -0.06817532
v 0.00479436 0.03342842 -0.06511176
v 0.00511088 0.03342957 -0.06871682
v 0.00488586 0.03343238 -0.06817532
v 0.00511088 0.03342957 -0.06871682
v 0.00404559 0.03343238 -0.07015588
v 0.00404559 0.03343238 -0.07015588
v 0.00511088 0.03342957 -0.06871682
v 0.00337184 0.03342947 -0.07136590
v 0.00404559 0.03343238 -0.07015588
v 0.00337184 0.03342947 -0.07136590
v 0.00214814 0.03343238 -0.07186073
v 0.00214814 0.03343238 -0.07186073
v 0.00337184 0.03342947 -0.07136590
v 0.00046091 0.03342874 -0.07261769
v 0.00214814 0.03343238 -0.07186073
v 0.00046091 0.03342874 -0.07261769
v -0.00040930 0.03343238 -0.07225533
v -0.00040930 0.03343238 -0.07225533
v 0.00046091 0.03342874 -0.07261769
v -0.00206323 0.03343238 -0.07181938
v -0.00206323 0.03343238 -0.07181938
v 0.00046091 0.03342874 -0.07261769
v -0.00303421 0.03342842 -0.07168090
v -0.00206323 0.03343238 -0.07181938
v -0.00303421 0.03342842 -0.07168090
v -0.00407173 0.03343238 -0.07024676
v -0.00407173 0.03343238 -0.07024676
v -0.00303421 0.03342842 -0.07168090
v -0.00492946 0.03342947 -0.06914151
v -0.00407173 0.03343238 -0.07024676
v -0.00492946 0.03342947 -0.06914151
v -0.00502466 0.03340233 -0.06710014
v 0.03125120 -0.00489397 -0.09239715
v 0.03458653 -0.00671829 -0.09239772
v 0.02935982 -0.01211334 -0.09239715
v 0.02935982 -0.01211334 -0.09239715
v 0.03458653 -0.00671829 -0.09239772
v 0.03081096 -0.01743968 -0.09239765
v 0.02935982 -0.01211334 -0.09239715
v 0.03081096 -0.01743968 -0.09239765
v 0.02486351 -0.02013238 -0.09239715
v 0.02486351 -0.02013238 -0.09239715
v 0.03081096 -0.01743968 -0.09239765
v 0.02521114 -0.02490781 -0.09239729
v 0.02486351 -0.02013238 -0.09239715
v 0.02521114 -0.02490781 -0.09239729
v 0.01789904 -0.02654491 -0.09239715
v 0.01789904 -0.02654491 -0.09239715
v 0.02521114 -0.02490781 -0.09239729
v 0.01602895 -0.03195649 -0.09239843
v 0.01789904 -0.02654491 -0.09239715
v 0.01602895 -0.03195649 -0.09239843
v 0.01129558 -0.03002235 -0.09239714
v 0.01129558 -0.03002235 -0.09239714
v 0.01602895 -0.03195649 -0.09239843
v 0.00406030 -0.03185132 -0.09239714
v 0.00406030 -0.03185132 -0.09239714
v 0.01602895 -0.03195649 -0.09239843
v 0.00332352 -0.03553623 -0.09239771
v -0.02366088 0.02044299 -0.09239713
v -0.02240293 0.02664880 -0.09239855
v -0.01632848 0.02643194 -0.09239713
v -0.01632848 0.02643194 -0.09239713
v -0.02240293 0.02664880 -0.09239855
v -0.01265900 0.03211597 -0.09239729
v -0.01632848 0.02643194 -0.09239713
v -0.01265900 0.03211597 -0.09239729
v -0.00953106 0.02951188 -0.09239714
v -0.00953106 0.02951188 -0.09239714
v -0.01265900 0.03211597 -0.09239729
v -0.00332367 0.03440850 -0.09239765
v -0.00953106 0.02951188 -0.09239714
v -0.00332367 0.03440850 -0.09239765
v -0.00220006 0.03090907 -0.09239714
v -0.00220006 0.03090907 -0.09239714
v -0.00332367 0.03440850 -0.09239765
v 0.00525419 0.03054531 -0.09239714
v 0.00525419 0.03054531 -0.09239714
v -0.00332367 0.03440850 -0.09239765
v 0.00801724 0.03363897 -0.09239765
v 0.00525419 0.03054531 -0.09239714
v 0.00801724 0.03363897 -0.09239765
v 0.01402696 0.02779751 -0.09239715
v 0.01402696 0.02779751 -0.09239715
v 0.00801724 0.03363897 -0.09239765
v 0.01671204 0.03024074 -0.09239732
v 0.00406030 -0.03185132 -0.09239714
v 0.00332352 -0.03553623 -0.09239771
v -0.00340213 -0.03192973 -0.09239714
v -0.00340213 -0.03192973 -0.09239714
v 0.00332352 -0.03553623 -0.09239771
v -0.00995136 -0.03437807 -0.09239843
v -0.00340213 -0.03192973 -0.09239714
v -0.00995136 -0.03437807 -0.09239843
v -0.01067424 -0.03025320 -0.09239713
v -0.01067424 -0.03025320 -0.09239713
v -0.00995136 -0.03437807 -0.09239843
v -0.01734932 -0.02691527 -0.09239713
v -0.01734932 -0.02691527 -0.09239713
v -0.00995136 -0.03437807 -0.09239843
v -0.01994487 -0.02938104 -0.09239728
v -0.01734932 -0.02691527 -0.09239713
v -0.01994487 -0.02938104 -0.09239728
v -0.02426985 -0.02086418 -0.09239713
v -0.02426985 -0.02086418 -0.09239713
v -0.01994487 -0.02938104 -0.09239728
v -0.02838577 -0.02146081 -0.09239843
v -0.02426985 -0.02086418 -0.09239713
v -0.02838577 -0.02146081 -0.09239843
v -0.02911081 -0.01272769 -0.09239713
v 0.01402696 0.02779751 -0.09239715
v 0.01671204 0.03024074 -0.09239732
v 0.02596003 0.02327935 -0.09239845
v 0.01402696 0.02779751 -0.09239715
v 0.02596003 0.02327935 -0.09239845
v 0.02302455 0.02113840 -0.09239715
v 0.02302455 0.02113840 -0.09239715
v 0.02596003 0.02327935 -0.09239845
v 0.02833894 0.01330303 -0.09239715
v 0.02833894 0.01330303 -0.09239715
v 0.02596003 0.02327935 -0.09239845
v 0.03280872 0.01199378 -0.09239765
v 0.02833894 0.01330303 -0.09239715
v 0.03280872 0.01199378 -0.09239765
v 0.03122069 0.00457305 -0.09239715
v 0.03122069 0.00457305 -0.09239715
v 0.03280872 0.01199378 -0.09239765
v 0.03487531 0.00289060 -0.09239730
v 0.03122069 0.00457305 -0.09239715
v 0.03487531 0.00289060 -0.09239730
v 0.03125120 -0.00489397 -0.09239715
v 0.03125120 -0.00489397 -0.09239715
v 0.03487531 0.00289060 -0.09239730
v 0.03458653 -0.00671829 -0.09239772
v -0.02838577 -0.02146081 -0.09239843
v -0.03453653 -0.00761036 -0.09239854
v -0.02911081 -0.01272769 -0.09239713
v -0.02911081 -0.01272769 -0.09239713
v -0.03453653 -0.00761036 -0.09239854
v -0.03115348 -0.00554966 -0.09239713
v -0.03115348 -0.00554966 -0.09239713
v -0.03453653 -0.00761036 -0.09239854
v -0.03135996 0.00364108 -0.09239713
v -0.03135996 0.00364108 -0.09239713
v -0.03453653 -0.00761036 -0.09239854
v -0.03458673 0.00559050 -0.09239763
v -0.03135996 0.00364108 -0.09239713
v -0.03458673 0.00559050 -0.09239763
v -0.02862421 0.01270451 -0.09239713
v -0.02862421 0.01270451 -0.09239713
v -0.03458673 0.00559050 -0.09239763
v -0.03081101 0.01631205 -0.09239763
v -0.02862421 0.01270451 -0.09239713
v -0.03081101 0.01631205 -0.09239763
v -0.02366088 0.02044299 -0.09239713
v -0.02366088 0.02044299 -0.09239713
v -0.03081101 0.01631205 -0.09239763
v -0.02240293 0.02664880 -0.09239855
v 0.01292840 0.03464553 -0.06011039
v 0.01578224 0.03343557 -0.06133607
v 0.00815252 0.03607260 -0.05869438
v 0.00815252 0.03607260 -0.05869438
v 0.01578224 0.03343557 -0.06133607
v 0.00210099 0.03690532 -0.05785262
v -0.01579591 0.03343565 -0.06131824
v -0.01217724 0.03493402 -0.05982596
v 0.01578224 0.03343557 -0.06133607
v 0.01578224 0.03343557 -0.06133607
v -0.01217724 0.03493402 -0.05982596
v -0.00708752 0.03626442 -0.05849776
v -0.00708752 0.03626442 -0.05849776
v -0.00327031 0.03680706 -0.05794603
v 0.01578224 0.03343557 -0.06133607
v -0.00327031 0.03680706 -0.05794603
v 0.00210099 0.03690532 -0.05785262
v 0.01578224 0.03343557 -0.06133607
v 0.01292588 0.03465074 -0.07459346
v -0.01578411 0.03343551 -0.07335795
v 0.01579742 0.03343563 -0.07337783
v -0.01578411 0.03343551 -0.07335795
v 0.01292588 0.03465074 -0.07459346
v 0.00920964 0.03579503 -0.07573520
v -0.01578411 0.03343551 -0.07335795
v 0.00920964 0.03579503 -0.07573520
v 0.00410392 0.03673857 -0.07666684
v 0.00410392 0.03673857 -0.07666684
v -0.00212426 0.03690653 -0.07683978
v -0.01578411 0.03343551 -0.07335795
v -0.01578411 0.03343551 -0.07335795
v -0.00212426 0.03690653 -0.07683978
v -0.00839656 0.03601304 -0.07594896
v -0.01578411 0.03343551 -0.07335795
v -0.00839656 0.03601304 -0.07594896
v -0.01299016 0.03462179 -0.07456114
v -0.00218703 0.03689349 -0.08992774
v -0.00332367 0.03440850 -0.09239765
v -0.00950734 0.03575470 -0.08992393
v -0.00950734 0.03575470 -0.08992393
v -0.00332367 0.03440850 -0.09239765
v -0.01265900 0.03211597 -0.09239729
v -0.00950734 0.03575470 -0.08992393
v -0.01265900 0.03211597 -0.09239729
v -0.01574570 0.03346965 -0.08989716
v -0.01574570 0.03346965 -0.08989716
v -0.01265900 0.03211597 -0.09239729
v -0.02240293 0.02664880 -0.09239855
v -0.01574570 0.03346965 -0.08989716
v -0.02240293 0.02664880 -0.09239855
v -0.02097842 0.03058173 -0.08990216
v -0.02097842 0.03058173 -0.08990216
v -0.02240293 0.02664880 -0.09239855
v -0.02857819 0.02393558 -0.08990508
v -0.02857819 0.02393558 -0.08990508
v -0.02240293 0.02664880 -0.09239855
v -0.03081101 0.01631205 -0.09239763
v -0.02857819 0.02393558 -0.08990508
v -0.03081101 0.01631205 -0.09239763
v -0.03403079 0.01531285 -0.08990198
v -0.03403079 0.01531285 -0.08990198
v -0.03081101 0.01631205 -0.09239763
v -0.03458673 0.00559050 -0.09239763
v -0.03403079 0.01531285 -0.08990198
v -0.03458673 0.00559050 -0.09239763
v -0.03664814 0.00762634 -0.08990199
v -0.03664814 0.00762634 -0.08990199
v -0.03458673 0.00559050 -0.09239763
v -0.03755199 -0.00044333 -0.08990201
v -0.03755199 -0.00044333 -0.08990201
v -0.03458673 0.00559050 -0.09239763
v -0.03453653 -0.00761036 -0.09239854
v -0.03755199 -0.00044333 -0.08990201
v -0.03453653 -0.00761036 -0.09239854
v -0.03669998 -0.00851866 -0.08990201
v -0.03669998 -0.00851866 -0.08990201
v -0.03453653 -0.00761036 -0.09239854
v -0.03413186 -0.01622226 -0.08990199
v -0.03413186 -0.01622226 -0.08990199
v -0.03453653 -0.00761036 -0.09239854
v -0.02838577 -0.02146081 -0.09239843
v -0.03413186 -0.01622226 -0.08990199
v -0.02838577 -0.02146081 -0.09239843
v -0.02996804 -0.02319307 -0.08990202
v -0.02996804 -0.02319307 -0.08990202
v -0.02838577 -0.02146081 -0.09239843
v -0.02291720 -0.03042592 -0.08990508
v -0.02291720 -0.03042592 -0.08990508
v -0.02838577 -0.02146081 -0.09239843
v -0.01994487 -0.02938104 -0.09239728
v -0.02291720 -0.03042592 -0.08990508
v -0.01994487 -0.02938104 -0.09239728
v -0.00995136 -0.03437807 -0.09239843
v -0.02291720 -0.03042592 -0.08990508
v -0.00995136 -0.03437807 -0.09239843
v -0.01218242 -0.03618031 -0.08990508
v -0.01218242 -0.03618031 -0.08990508
v -0.00995136 -0.03437807 -0.09239843
v -0.00215366 -0.03805428 -0.08990199
v -0.00215366 -0.03805428 -0.08990199
v -0.00995136 -0.03437807 -0.09239843
v 0.00332352 -0.03553623 -0.09239771
v -0.00215366 -0.03805428 -0.08990199
v 0.00332352 -0.03553623 -0.09239771
v 0.00595547 -0.03764075 -0.08990203
v 0.00595547 -0.03764075 -0.08990203
v 0.00332352 -0.03553623 -0.09239771
v 0.01602895 -0.03195649 -0.09239843
v 0.00595547 -0.03764075 -0.08990203
v 0.01602895 -0.03195649 -0.09239843
v 0.01378704 -0.03549356 -0.08990202
v 0.01378704 -0.03549356 -0.08990202
v 0.01602895 -0.03195649 -0.09239843
v 0.02264358 -0.03063383 -0.08990507
v 0.02264358 -0.03063383 -0.08990507
v 0.01602895 -0.03195649 -0.09239843
v 0.02521114 -0.02490781 -0.09239729
v 0.02264358 -0.03063383 -0.08990507
v 0.02521114 -0.02490781 -0.09239729
v 0.03105968 -0.02182949 -0.08990506
v 0.03105968 -0.02182949 -0.08990506
v 0.02521114 -0.02490781 -0.09239729
v 0.03081096 -0.01743968 -0.09239765
v 0.03105968 -0.02182949 -0.08990506
v 0.03081096 -0.01743968 -0.09239765
v 0.03554763 -0.01266855 -0.08990204
v 0.03554763 -0.01266855 -0.08990204
v 0.03081096 -0.01743968 -0.09239765
v 0.03458653 -0.00671829 -0.09239772
v 0.03554763 -0.01266855 -0.08990204
v 0.03458653 -0.00671829 -0.09239772
v 0.03731868 -0.00474389 -0.08990203
v 0.03731868 -0.00474389 -0.08990203
v 0.03458653 -0.00671829 -0.09239772
v 0.03487531 0.00289060 -0.09239730
v 0.03731868 -0.00474389 -0.08990203
v 0.03487531 0.00289060 -0.09239730
v 0.03717363 0.00535650 -0.08990510
v 0.03717363 0.00535650 -0.08990510
v 0.03487531 0.00289060 -0.09239730
v 0.03280872 0.01199378 -0.09239765
v 0.03717363 0.00535650 -0.08990510
v 0.03280872 0.01199378 -0.09239765
v 0.03413193 0.01509392 -0.08990204
v 0.03413193 0.01509392 -0.08990204
v 0.03280872 0.01199378 -0.09239765
v 0.02596003 0.02327935 -0.09239845
v 0.03413193 0.01509392 -0.08990204
v 0.02596003 0.02327935 -0.09239845
v 0.02996795 0.02206523 -0.08990204
v 0.02996795 0.02206523 -0.08990204
v 0.02596003 0.02327935 -0.09239845
v 0.02440253 0.02797857 -0.08990202
v 0.02440253 0.02797857 -0.08990202
v 0.02596003 0.02327935 -0.09239845
v 0.01671204 0.03024074 -0.09239732
v 0.02440253 0.02797857 -0.08990202
v 0.01671204 0.03024074 -0.09239732
v 0.01933295 0.03156783 -0.08989717
v 0.01933295 0.03156783 -0.08989717
v 0.01671204 0.03024074 -0.09239732
v 0.01304792 0.03463249 -0.08990936
v 0.01304792 0.03463249 -0.08990936
v 0.01671204 0.03024074 -0.09239732
v 0.00801724 0.03363897 -0.09239765
v 0.01304792 0.03463249 -0.08990936
v 0.00801724 0.03363897 -0.09239765
v 0.00549763 0.03655643 -0.08991963
v 0.00549763 0.03655643 -0.08991963
v 0.00801724 0.03363897 -0.09239765
v -0.00332367 0.03440850 -0.09239765
v 0.00549763 0.03655643 -0.08991963
v -0.00332367 0.03440850 -0.09239765
v -0.00218703 0.03689349 -0.08992774
v 0.03674733 -0.00828364 -0.05314763
v 0.03754772 -0.00020365 -0.05314763
v 0.03663054 -0.00056396 -0.05314763
v 0.03663054 -0.00056396 -0.05314763
v 0.03754772 -0.00020365 -0.05314763
v 0.03640821 0.00346577 -0.05314763
v 0.03640821 0.00346577 -0.05314763
v 0.03754772 -0.00020365 -0.05314763
v 0.03612746 0.00999814 -0.05314763
v 0.03640821 0.00346577 -0.05314763
v 0.03612746 0.00999814 -0.05314763
v 0.03574394 0.00744656 -0.05314763
v 0.03574394 0.00744656 -0.05314763
v 0.03612746 0.00999814 -0.05314763
v 0.03464578 0.01133005 -0.05314763
v 0.03464578 0.01133005 -0.05314763
v 0.03612746 0.00999814 -0.05314763
v 0.03312708 0.01506914 -0.05314763
v 0.03312708 0.01506914 -0.05314763
v 0.03612746 0.00999814 -0.05314763
v 0.03198708 0.01910299 -0.05314763
v 0.03312708 0.01506914 -0.05314763
v 0.03198708 0.01910299 -0.05314763
v 0.03120626 0.01861854 -0.05314763
v 0.03120626 0.01861854 -0.05314763
v 0.03198708 0.01910299 -0.05314763
v 0.02890663 0.02193501 -0.05314763
v 0.02890663 0.02193501 -0.05314763
v 0.03198708 0.01910299 -0.05314763
v 0.02701155 0.02551934 -0.05314763
v 0.02890663 0.02193501 -0.05314763
v 0.02701155 0.02551934 -0.05314763
v 0.02625611 0.02497855 -0.05314763
v 0.02625611 0.02497855 -0.05314763
v 0.02701155 0.02551934 -0.05314763
v 0.02328688 0.02771180 -0.05314763
v 0.02328688 0.02771180 -0.05314763
v 0.02701155 0.02551934 -0.05314763
v 0.02065985 0.03080053 -0.05314763
v 0.02328688 0.02771180 -0.05314763
v 0.02065985 0.03080053 -0.05314763
v 0.02003497 0.03010203 -0.05314763
v 0.02003497 0.03010203 -0.05314763
v 0.02065985 0.03080053 -0.05314763
v 0.01653988 0.03211994 -0.05314763
v 0.01653988 0.03211994 -0.05314763
v 0.02065985 0.03080053 -0.05314763
v 0.01325002 0.03454508 -0.05314833
v 0.01653988 0.03211994 -0.05314763
v 0.01325002 0.03454508 -0.05314833
v 0.01284400 0.03374114 -0.05314763
v 0.01284400 0.03374114 -0.05314763
v 0.01325002 0.03454508 -0.05314833
v 0.00899222 0.03494583 -0.05314763
v 0.00899222 0.03494583 -0.05314763
v 0.01325002 0.03454508 -0.05314833
v 0.00591749 0.03651616 -0.05314814
v 0.00899222 0.03494583 -0.05314763
v 0.00591749 0.03651616 -0.05314814
v 0.00503128 0.03571950 -0.05314763
v 0.00503128 0.03571950 -0.05314763
v 0.00591749 0.03651616 -0.05314814
v 0.00100927 0.03605275 -0.05314762
v 0.00100927 0.03605275 -0.05314762
v 0.00591749 0.03651616 -0.05314814
v -0.00358460 0.03687509 -0.05314801
v 0.00100927 0.03605275 -0.05314762
v -0.00358460 0.03687509 -0.05314801
v -0.00302499 0.03594155 -0.05314762
v -0.00302499 0.03594155 -0.05314762
v -0.00358460 0.03687509 -0.05314801
v -0.00702254 0.03538723 -0.05314762
v -0.00702254 0.03538723 -0.05314762
v -0.00358460 0.03687509 -0.05314801
v -0.01093484 0.03439652 -0.05314762
v -0.01093484 0.03439652 -0.05314762
v -0.00358460 0.03687509 -0.05314801
v -0.01330756 0.03452478 -0.05314812
v -0.01093484 0.03439652 -0.05314762
v -0.01330756 0.03452478 -0.05314812
v -0.01471441 0.03298138 -0.05314762
v -0.01471441 0.03298138 -0.05314762
v -0.01330756 0.03452478 -0.05314812
v -0.01831536 0.03115901 -0.05314762
v -0.01831536 0.03115901 -0.05314762
v -0.01330756 0.03452478 -0.05314812
v -0.02070803 0.03081103 -0.05314704
v -0.01831536 0.03115901 -0.05314762
v -0.02070803 0.03081103 -0.05314704
v -0.02169400 0.02895165 -0.05314761
v -0.02169400 0.02895165 -0.05314761
v -0.02070803 0.03081103 -0.05314704
v -0.02480930 0.02638613 -0.05314761
v -0.02480930 0.02638613 -0.05314761
v -0.02070803 0.03081103 -0.05314704
v -0.02901646 0.02341107 -0.05314761
v -0.02480930 0.02638613 -0.05314761
v -0.02901646 0.02341107 -0.05314761
v -0.02762344 0.02349334 -0.05314761
v -0.02762344 0.02349334 -0.05314761
v -0.02901646 0.02341107 -0.05314761
v -0.03010228 0.02030857 -0.05314761
v -0.03010228 0.02030857 -0.05314761
v -0.02901646 0.02341107 -0.05314761
v -0.03221571 0.01687039 -0.05314761
v -0.03221571 0.01687039 -0.05314761
v -0.02901646 0.02341107 -0.05314761
v -0.03422890 0.01487468 -0.05314761
v -0.03221571 0.01687039 -0.05314761
v -0.03422890 0.01487468 -0.05314761
v -0.03393809 0.01322053 -0.05314761
v -0.03393809 0.01322053 -0.05314761
v -0.03422890 0.01487468 -0.05314761
v -0.03524851 0.00940344 -0.05314761
v -0.03524851 0.00940344 -0.05314761
v -0.03422890 0.01487468 -0.05314761
v -0.03674744 0.00715585 -0.05314761
v -0.03524851 0.00940344 -0.05314761
v -0.03674744 0.00715585 -0.05314761
v -0.03613106 0.00546526 -0.05314761
v -0.03613106 0.00546526 -0.05314761
v -0.03674744 0.00715585 -0.05314761
v -0.03657503 0.00145396 -0.05314761
v -0.03657503 0.00145396 -0.05314761
v -0.03674744 0.00715585 -0.05314761
v -0.03755345 -0.00311254 -0.05314761
v -0.03657503 0.00145396 -0.05314761
v -0.03755345 -0.00311254 -0.05314761
v -0.03657503 -0.00258188 -0.05314761
v -0.03657503 -0.00258188 -0.05314761
v -0.03755345 -0.00311254 -0.05314761
v -0.03613106 -0.00659306 -0.05314761
v -0.03613106 -0.00659306 -0.05314761
v -0.03755345 -0.00311254 -0.05314761
v -0.03524851 -0.01053124 -0.05314761
v -0.03524851 -0.01053124 -0.05314761
v -0.03755345 -0.00311254 -0.05314761
v -0.03546729 -0.01289439 -0.05314761
v -0.03524851 -0.01053124 -0.05314761
v -0.03546729 -0.01289439 -0.05314761
v -0.03393809 -0.01434833 -0.05314761
v -0.03393809 -0.01434833 -0.05314761
v -0.03546729 -0.01289439 -0.05314761
v -0.03221571 -0.01799818 -0.05314761
v -0.03221571 -0.01799818 -0.05314761
v -0.03546729 -0.01289439 -0.05314761
v -0.03086439 -0.02210790 -0.05314761
v -0.03221571 -0.01799818 -0.05314761
v -0.03086439 -0.02210790 -0.05314761
v -0.03010228 -0.02143637 -0.05314761
v -0.03010228 -0.02143637 -0.05314761
v -0.03086439 -0.02210790 -0.05314761
v -0.02762344 -0.02462114 -0.05314761
v -0.02762344 -0.02462114 -0.05314761
v -0.03086439 -0.02210790 -0.05314761
v -0.02480930 -0.02751392 -0.05314761
v -0.02480930 -0.02751392 -0.05314761
v -0.03086439 -0.02210790 -0.05314761
v -0.02236963 -0.03083525 -0.05314761
v -0.02480930 -0.02751392 -0.05314761
v -0.02236963 -0.03083525 -0.05314761
v -0.02169400 -0.03007957 -0.05314761
v -0.02169400 -0.03007957 -0.05314761
v -0.02236963 -0.03083525 -0.05314761
v -0.01831536 -0.03228693 -0.05314761
v -0.01831536 -0.03228693 -0.05314761
v -0.02236963 -0.03083525 -0.05314761
v -0.01471441 -0.03410918 -0.05314761
v -0.01471441 -0.03410918 -0.05314761
v -0.02236963 -0.03083525 -0.05314761
v -0.01356302 -0.03557841 -0.05314761
v -0.01471441 -0.03410918 -0.05314761
v -0.01356302 -0.03557841 -0.05314761
v -0.01093484 -0.03552432 -0.05314762
v -0.01093484 -0.03552432 -0.05314762
v -0.01356302 -0.03557841 -0.05314761
v -0.00702254 -0.03651503 -0.05314762
v -0.00702254 -0.03651503 -0.05314762
v -0.01356302 -0.03557841 -0.05314761
v -0.00571834 -0.03767543 -0.05314762
v -0.00702254 -0.03651503 -0.05314762
v -0.00571834 -0.03767543 -0.05314762
v -0.00302499 -0.03706934 -0.05314762
v -0.00302499 -0.03706934 -0.05314762
v -0.00571834 -0.03767543 -0.05314762
v 0.00100927 -0.03718055 -0.05314762
v 0.00100927 -0.03718055 -0.05314762
v -0.00571834 -0.03767543 -0.05314762
v 0.00239249 -0.03803716 -0.05314762
v 0.00100927 -0.03718055 -0.05314762
v 0.00239249 -0.03803716 -0.05314762
v 0.00503128 -0.03684730 -0.05314762
v 0.00503128 -0.03684730 -0.05314762
v 0.00239249 -0.03803716 -0.05314762
v 0.00899222 -0.03607363 -0.05314762
v 0.00899222 -0.03607363 -0.05314762
v 0.00239249 -0.03803716 -0.05314762
v 0.01250279 -0.03606651 -0.05314763
v 0.00899222 -0.03607363 -0.05314762
v 0.01250279 -0.03606651 -0.05314763
v 0.01284400 -0.03486893 -0.05314763
v 0.01284400 -0.03486893 -0.05314763
v 0.01250279 -0.03606651 -0.05314763
v 0.01653988 -0.03324774 -0.05314763
v 0.01653988 -0.03324774 -0.05314763
v 0.01250279 -0.03606651 -0.05314763
v 0.02003497 -0.03122983 -0.05314763
v 0.02003497 -0.03122983 -0.05314763
v 0.01250279 -0.03606651 -0.05314763
v 0.02318456 -0.03021566 -0.05314763
v 0.02003497 -0.03122983 -0.05314763
v 0.02318456 -0.03021566 -0.05314763
v 0.02328688 -0.02883972 -0.05314763
v 0.02328688 -0.02883972 -0.05314763
v 0.02318456 -0.03021566 -0.05314763
v 0.02625611 -0.02610635 -0.05314763
v 0.02625611 -0.02610635 -0.05314763
v 0.02318456 -0.03021566 -0.05314763
v 0.02890663 -0.02306293 -0.05314763
v 0.02890663 -0.02306293 -0.05314763
v 0.02318456 -0.03021566 -0.05314763
v 0.03010972 -0.02299965 -0.05314763
v 0.02890663 -0.02306293 -0.05314763
v 0.03010972 -0.02299965 -0.05314763
v 0.03120626 -0.01974633 -0.05314763
v 0.03120626 -0.01974633 -0.05314763
v 0.03010972 -0.02299965 -0.05314763
v 0.03312708 -0.01619706 -0.05314763
v 0.03312708 -0.01619706 -0.05314763
v 0.03010972 -0.02299965 -0.05314763
v 0.03422857 -0.01600304 -0.05314763
v 0.03312708 -0.01619706 -0.05314763
v 0.03422857 -0.01600304 -0.05314763
v 0.03464578 -0.01245785 -0.05314763
v 0.03464578 -0.01245785 -0.05314763
v 0.03422857 -0.01600304 -0.05314763
v 0.03574394 -0.00857435 -0.05314763
v 0.03574394 -0.00857435 -0.05314763
v 0.03422857 -0.01600304 -0.05314763
v 0.03674733 -0.00828364 -0.05314763
v 0.03574394 -0.00857435 -0.05314763
v 0.03674733 -0.00828364 -0.05314763
v 0.03640821 -0.00459357 -0.05314763
v 0.03640821 -0.00459357 -0.05314763
v 0.03674733 -0.00828364 -0.05314763
v 0.03663054 -0.00056396 -0.05314763
v 0.00337184 0.03342947 -0.07136590
v 0.01579742 0.03343563 -0.07337783
v 0.00046091 0.03342874 -0.07261769
v 0.01579742 0.03343563 -0.07337783
v 0.00337184 0.03342947 -0.07136590
v 0.00511088 0.03342957 -0.06871682
v 0.00046091 0.03342874 -0.07261769
v 0.01579742 0.03343563 -0.07337783
v -0.01578411 0.03343551 -0.07335795
v -0.00303421 0.03342842 -0.07168090
v -0.01579591 0.03343565 -0.06131824
v -0.00492946 0.03342947 -0.06914151
v 0.00479436 0.03342842 -0.06511176
v 0.01579742 0.03343563 -0.07337783
v 0.00511088 0.03342957 -0.06871682
v -0.01579591 0.03343565 -0.06131824
v 0.01578224 0.03343557 -0.06133607
v 0.00046117 0.03342841 -0.06207754
v -0.01579591 0.03343565 -0.06131824
v -0.00502466 0.03340233 -0.06710014
v -0.00492946 0.03342947 -0.06914151
v -0.00502466 0.03340233 -0.06710014
v -0.01579591 0.03343565 -0.06131824
v -0.00433336 0.03342841 -0.06431314
v -0.01578411 0.03343551 -0.07335795
v -0.00303421 0.03342842 -0.07168090
v 0.00046091 0.03342874 -0.07261769
v 0.01578224 0.03343557 -0.06133607
v 0.00299045 0.03343009 -0.06307649
v 0.00046117 0.03342841 -0.06207754
v -0.01579591 0.03343565 -0.06131824
v 0.00046117 0.03342841 -0.06207754
v -0.00209484 0.03339410 -0.06281997
v -0.01579591 0.03343565 -0.06131824
v -0.00209484 0.03339410 -0.06281997
v -0.00433336 0.03342841 -0.06431314
v -0.01579591 0.03343565 -0.06131824
v -0.00303421 0.03342842 -0.07168090
v -0.01578411 0.03343551 -0.07335795
v 0.00479436 0.03342842 -0.06511176
v 0.00299045 0.03343009 -0.06307649
v 0.01579742 0.03343563 -0.07337783
v 0.01579742 0.03343563 -0.07337783
v 0.00299045 0.03343009 -0.06307649
v 0.01578224 0.03343557 -0.06133607
v 0.01325002 0.03454508 -0.05314833
v 0.02065985 0.03080053 -0.05314763
v 0.01578224 0.03343557 -0.06133607
v 0.01579742 0.03343563 -0.07337783
v 0.01933295 0.03156783 -0.08989717
v 0.01304792 0.03463249 -0.08990936
v 0.01579742 0.03343563 -0.07337783
v 0.01304792 0.03463249 -0.08990936
v 0.01292588 0.03465074 -0.07459346
v 0.01304792 0.03463249 -0.08990936
v 0.00549763 0.03655643 -0.08991963
v 0.00920964 0.03579503 -0.07573520
v 0.01304792 0.03463249 -0.08990936
v 0.00920964 0.03579503 -0.07573520
v 0.01292588 0.03465074 -0.07459346
v 0.00549763 0.03655643 -0.08991963
v 0.00410392 0.03673857 -0.07666684
v 0.00920964 0.03579503 -0.07573520
v -0.00218703 0.03689349 -0.08992774
v -0.00212426 0.03690653 -0.07683978
v 0.00549763 0.03655643 -0.08991963
v 0.00549763 0.03655643 -0.08991963
v -0.00212426 0.03690653 -0.07683978
v 0.00410392 0.03673857 -0.07666684
v -0.00839656 0.03601304 -0.07594896
v -0.00212426 0.03690653 -0.07683978
v -0.00950734 0.03575470 -0.08992393
v -0.00950734 0.03575470 -0.08992393
v -0.00212426 0.03690653 -0.07683978
v -0.00218703 0.03689349 -0.08992774
v -0.01578411 0.03343551 -0.07335795
v -0.01299016 0.03462179 -0.07456114
v -0.01574570 0.03346965 -0.08989716
v -0.01574570 0.03346965 -0.08989716
v -0.01299016 0.03462179 -0.07456114
v -0.00950734 0.03575470 -0.08992393
v -0.00950734 0.03575470 -0.08992393
v -0.01299016 0.03462179 -0.07456114
v -0.00839656 0.03601304 -0.07594896
v -0.01330756 0.03452478 -0.05314812
v -0.01579591 0.03343565 -0.06131824
v -0.02070803 0.03081103 -0.05314704
v -0.02070803 0.03081103 -0.05314704
v -0.01579591 0.03343565 -0.06131824
v -0.01578411 0.03343551 -0.07335795
v -0.01330756 0.03452478 -0.05314812
v -0.01217724 0.03493402 -0.05982596
v -0.01579591 0.03343565 -0.06131824
v -0.00358460 0.03687509 -0.05314801
v -0.00708752 0.03626442 -0.05849776
v -0.01330756 0.03452478 -0.05314812
v -0.01330756 0.03452478 -0.05314812
v -0.00708752 0.03626442 -0.05849776
v -0.01217724 0.03493402 -0.05982596
v -0.00358460 0.03687509 -0.05314801
v -0.00327031 0.03680706 -0.05794603
v -0.00708752 0.03626442 -0.05849776
v 0.00210099 0.03690532 -0.05785262
v -0.00327031 0.03680706 -0.05794603
v -0.00358460 0.03687509 -0.05314801
v 0.00591749 0.03651616 -0.05314814
v 0.00210099 0.03690532 -0.05785262
v -0.00358460 0.03687509 -0.05314801
v 0.00591749 0.03651616 -0.05314814
v 0.00815252 0.03607260 -0.05869438
v 0.00210099 0.03690532 -0.05785262
v 0.01325002 0.03454508 -0.05314833
v 0.00815252 0.03607260 -0.05869438
v 0.00591749 0.03651616 -0.05314814
v 0.01325002 0.03454508 -0.05314833
v 0.01578224 0.03343557 -0.06133607
v 0.01292840 0.03464553 -0.06011039
v 0.01325002 0.03454508 -0.05314833
v 0.01292840 0.03464553 -0.06011039
v 0.00815252 0.03607260 -0.05869438
v -0.01578411 0.03343551 -0.07335795
v -0.01574570 0.03346965 -0.08989716
v -0.02097842 0.03058173 -0.08990216
v -0.01578411 0.03343551 -0.07335795
v -0.02097842 0.03058173 -0.08990216
v -0.02070803 0.03081103 -0.05314704
v -0.02070803 0.03081103 -0.05314704
v -0.02097842 0.03058173 -0.08990216
v -0.02857819 0.02393558 -0.08990508
v -0.02070803 0.03081103 -0.05314704
v -0.02857819 0.02393558 -0.08990508
v -0.02901646 0.02341107 -0.05314761
v -0.02901646 0.02341107 -0.05314761
v -0.02857819 0.02393558 -0.08990508
v -0.03403079 0.01531285 -0.08990198
v -0.02901646 0.02341107 -0.05314761
v -0.03403079 0.01531285 -0.08990198
v -0.03422890 0.01487468 -0.05314761
v -0.03422890 0.01487468 -0.05314761
v -0.03403079 0.01531285 -0.08990198
v -0.03664814 0.00762634 -0.08990199
v -0.03422890 0.01487468 -0.05314761
v -0.03664814 0.00762634 -0.08990199
v -0.03674744 0.00715585 -0.05314761
v -0.03674744 0.00715585 -0.05314761
v -0.03664814 0.00762634 -0.08990199
v -0.03755199 -0.00044333 -0.08990201
v -0.03674744 0.00715585 -0.05314761
v -0.03755199 -0.00044333 -0.08990201
v -0.03755345 -0.00311254 -0.05314761
v -0.03755345 -0.00311254 -0.05314761
v -0.03755199 -0.00044333 -0.08990201
v -0.03669998 -0.00851866 -0.08990201
v -0.03755345 -0.00311254 -0.05314761
v -0.03669998 -0.00851866 -0.08990201
v -0.03546729 -0.01289439 -0.05314761
v -0.03546729 -0.01289439 -0.05314761
v -0.03669998 -0.00851866 -0.08990201
v -0.03413186 -0.01622226 -0.08990199
v -0.03546729 -0.01289439 -0.05314761
v -0.03413186 -0.01622226 -0.08990199
v -0.03086439 -0.02210790 -0.05314761
v -0.03086439 -0.02210790 -0.05314761
v -0.03413186 -0.01622226 -0.08990199
v -0.02996804 -0.02319307 -0.08990202
v -0.03086439 -0.02210790 -0.05314761
v -0.02996804 -0.02319307 -0.08990202
v -0.02291720 -0.03042592 -0.08990508
v -0.03086439 -0.02210790 -0.05314761
v -0.02291720 -0.03042592 -0.08990508
v -0.02236963 -0.03083525 -0.05314761
v -0.02236963 -0.03083525 -0.05314761
v -0.02291720 -0.03042592 -0.08990508
v -0.01218242 -0.03618031 -0.08990508
v -0.02236963 -0.03083525 -0.05314761
v -0.01218242 -0.03618031 -0.08990508
v -0.01356302 -0.03557841 -0.05314761
v -0.01356302 -0.03557841 -0.05314761
v -0.01218242 -0.03618031 -0.08990508
v -0.00571834 -0.03767543 -0.05314762
v -0.00571834 -0.03767543 -0.05314762
v -0.01218242 -0.03618031 -0.08990508
v -0.00215366 -0.03805428 -0.08990199
v -0.00571834 -0.03767543 -0.05314762
v -0.00215366 -0.03805428 -0.08990199
v 0.00239249 -0.03803716 -0.05314762
v 0.00239249 -0.03803716 -0.05314762
v -0.00215366 -0.03805428 -0.08990199
v 0.00595547 -0.03764075 -0.08990203
v 0.00239249 -0.03803716 -0.05314762
v 0.00595547 -0.03764075 -0.08990203
v 0.01250279 -0.03606651 -0.05314763
v 0.01250279 -0.03606651 -0.05314763
v 0.00595547 -0.03764075 -0.08990203
v 0.01378704 -0.03549356 -0.08990202
v 0.01250279 -0.03606651 -0.05314763
v 0.01378704 -0.03549356 -0.08990202
v 0.02264358 -0.03063383 -0.08990507
v 0.01250279 -0.03606651 -0.05314763
v 0.02264358 -0.03063383 -0.08990507
v 0.02318456 -0.03021566 -0.05314763
v 0.02318456 -0.03021566 -0.05314763
v 0.02264358 -0.03063383 -0.08990507
v 0.03105968 -0.02182949 -0.08990506
v 0.02318456 -0.03021566 -0.05314763
v 0.03105968 -0.02182949 -0.08990506
v 0.03010972 -0.02299965 -0.05314763
v 0.03010972 -0.02299965 -0.05314763
v 0.03105968 -0.02182949 -0.08990506
v 0.03422857 -0.01600304 -0.05314763
v 0.03422857 -0.01600304 -0.05314763
v 0.03105968 -0.02182949 -0.08990506
v 0.03554763 -0.01266855 -0.08990204
v 0.03422857 -0.01600304 -0.05314763
v 0.03554763 -0.01266855 -0.08990204
v 0.03674733 -0.00828364 -0.05314763
v 0.03674733 -0.00828364 -0.05314763
v 0.03554763 -0.01266855 -0.08990204
v 0.03731868 -0.00474389 -0.08990203
v 0.03674733 -0.00828364 -0.05314763
v 0.03731868 -0.00474389 -0.08990203
v 0.03754772 -0.00020365 -0.05314763
v 0.03754772 -0.00020365 -0.05314763
v 0.03731868 -0.00474389 -0.08990203
v 0.03717363 0.00535650 -0.08990510
v 0.03754772 -0.00020365 -0.05314763
v 0.03717363 0.00535650 -0.08990510
v 0.03612746 0.00999814 -0.05314763
v 0.03612746 0.00999814 -0.05314763
v 0.03717363 0.00535650 -0.08990510
v 0.03413193 0.01509392 -0.08990204
v 0.03612746 0.00999814 -0.05314763
v 0.03413193 0.01509392 -0.08990204
v 0.03198708 0.01910299 -0.05314763
v 0.03198708 0.01910299 -0.05314763
v 0.03413193 0.01509392 -0.08990204
v 0.02996795 0.02206523 -0.08990204
v 0.03198708 0.01910299 -0.05314763
v 0.02996795 0.02206523 -0.08990204
v 0.02701155 0.02551934 -0.05314763
v 0.02701155 0.02551934 -0.05314763
v 0.02996795 0.02206523 -0.08990204
v 0.02440253 0.02797857 -0.08990202
v 0.02701155 0.02551934 -0.05314763
v 0.02440253 0.02797857 -0.08990202
v 0.02065985 0.03080053 -0.05314763
v 0.02065985 0.03080053 -0.05314763
v 0.02440253 0.02797857 -0.08990202
v 0.01933295 0.03156783 -0.08989717
v 0.02065985 0.03080053 -0.05314763
v 0.01933295 0.03156783 -0.08989717
v 0.01579742 0.03343563 -0.07337783
v 0.02065985 0.03080053 -0.05314763
v 0.01579742 0.03343563 -0.07337783
v 0.01578224 0.03343557 -0.06133607
usemtl LinkGrey
f 1 2 3
f 4 5 6
f 7 8 9
f 10 11 12
f 13 14 15
f 16 17 18
f 19 20 21
f 22 23 24
f 25 26 27
f 28 29 30
f 31 32 33
f 34 35 36
f 37 38 39
f 40 41 42
f 43 44 45
f 46 47 48
f 49 50 51
f 52 53 54
f 55 56 57
f 58 59 60
f 61 62 63
f 64 65 66
f 67 68 69
f 70 71 72
f 73 74 75
f 76 77 78
f 79 80 81
f 82 83 84
f 85 86 87
f 88 89 90
f 91 92 93
f 94 95 96
f 97 98 99
f 100 101 102
f 103 104 105
f 106 107 108
f 109 110 111
f 112 113 114
f 115 116 117
f 118 119 120
f 121 122 123
f 124 125 126
f 127 128 129
f 130 131 132
f 133 134 135
f 136 137 138
f 139 140 141
f 142 143 144
f 145 146 147
f 148 149 150
f 151 152 153
f 154 155 156
f 157 158 159
f 160 161 162
f 163 164 165
f 166 167 168
f 169 170 171
f 172 173 174
f 175 176 177
f 178 179 180
f 181 182 183
f 184 185 186
f 187 188 189
f 190 191 192
f 193 194 195
f 196 197 198
f 199 200 201
f 202 203 204
f 205 206 207
f 208 209 210
f 211 212 213
f 214 215 216
f 217 218 219
f 220 221 222
f 223 224 225
f 226 227 228
f 229 230 231
f 232 233 234
f 235 236 237
f 238 239 240
f 241 242 243
f 244 245 246
f 247 248 249
f 250 251 252
f 253 254 255
f 256 257 258
f 259 260 261
f 262 263 264
f 265 266 267
f 268 269 270
f 271 272 273
f 274 275 276
f 277 278 279
f 280 281 282
f 283 284 285
f 286 287 288
f 289 290 291
f 292 293 294
f 295 296 297
f 298 299 300
f 301 302 303
f 304 305 306
f 307 308 309
f 310 311 312
f 313 314 315
f 316 317 318
f 319 320 321
f 322 323 324
f 325 326 327
f 328 329 330
f 331 332 333
f 334 335 336
f 337 338 339
f 340 341 342
f 343 344 345
f 346 347 348
f 349 350 351
f 352 353 354
f 355 356 357
f 358 359 360
f 361 362 363
f 364 365 366
f 367 368 369
f 370 371 372
f 373 374 375
f 376 377 378
f 379 380 381
f 382 383 384
f 385 386 387
f 388 389 390
f 391 392 393
f 394 395 396
f 397 398 399
f 400 401 402
f 403 404 405
f 406 407 408
f 409 410 411
f 412 413 414
f 415 416 417
f 418 419 420
f 421 422 423
f 424 425 426
f 427 428 429
f 430 431 432
f 433 434 435
f 436 437 438
f 439 440 441
f 442 443 444
f 445 446 447
f 448 449 450
f 451 452 453
f 454 455 456
f 457 458 459
f 460 461 462
f 463 464 465
f 466 467 468
f 469 470 471
f 472 473 474
f 475 476 477
f 478 479 480
f 481 482 483
f 484 485 486
f 487 488 489
f 490 491 492
f 493 494 495
f 496 497 498
f 499 500 501
f 502 503 504
f 505 506 507
f 508 509 510
f 511 512 513
f 514 515 516
f 517 518 519
f 520 521 522
f 523 524 525
f 526 527 528
f 529 530 531
f 532 533 534
f 535 536 537
f 538 539 540
f 541 542 543
f 544 545 546
f 547 548 549
f 550 551 552
f 553 554 555
f 556 557 558
f 559 560 561
f 562 563 564
f 565 566 567
f 568 569 570
f 571 572 573
f 574 575 576
f 577 578 579
f 580 581 582
f 583 584 585
f 586 587 588
f 589 590 591
f 592 593 594
f 595 596 597
f 598 599 600
f 601 602 603
f 604 605 606
f 607 608 609
f 610 611 612
f 613 614 615
f 616 617 618
f 619 620 621
f 622 623 624
f 625 626 627
f 628 629 630
f 631 632 633
f 634 635 636
f 637 638 639
f 640 641 642
f 643 644 645
f 646 647 648
f 649 650 651
f 652 653 654
f 655 656 657
f 658 659 660
f 661 662 663
f 664 665 666
f 667 668 669
f 670 671 672
f 673 674 675
f 676 677 678
f 679 680 681
f 682 683 684
f 685 686 687
f 688 689 690
f 691 692 693
f 694 695 696
f 697 698 699
f 700 701 702
f 703 704 705
f 706 707 708
f 709 710 711
f 712 713 714
f 715 716 717
f 718 719 720
f 721 722 723
f 724 725 726
f 727 728 729
f 730 731 732
f 733 734 735
f 736 737 738
f 739 740 741
f 742 743 744
f 745 746 747
f 748 749 750
f 751 752 753
f 754 755 756
f 757 758 759
f 760 761 762
f 763 764 765
f 766 767 768
f 769 770 771
f 772 773 774
f 775 776 777
f 778 779 780
f 781 782 783
f 784 785 786
f 787 788 789
f 790 791 792
f 793 794 795
f 796 797 798
f 799 800 801
f 802 803 804
f 805 806 807
f 808 809 810
f 811 812 813
f 814 815 816
f 817 818 819
f 820 821 822
f 823 824 825
f 826 827 828
f 829 830 831
f 832 833 834
f 835 836 837
f 838 839 840
f 841 842 843
f 844 845 846
f 847 848 849
f 850 851 852
f 853 854 855
f 856 857 858
f 859 860 861
f 862 863 864
f 865 866 867
f 868 869 870
f 871 872 873
f 874 875 876
f 877 878 879
f 880 881 882
f 883 884 885
f 886 887 888
f 889 890 891
f 892 893 894
f 895 896 897
f 898 899 900
f 901 902 903
f 904 905 906
f 907 908 909
f 910 911 912
f 913 914 915
f 916 917 918
f 919 920 921
f 922 923 924
f 925 926 927
f 928 929 930
f 931 932 933
f 934 935 936
f 937 938 939
f 940 941 942
f 943 944 945
f 946 947 948
f 949 950 951
f 952 953 954
f 955 956 957
f 958 959 960
f 961 962 963
f 964 965 966
f 967 968 969
f 970 971 972
f 973 974 975
f 976 977 978
f 979 980 981
f 982 983 984
f 985 986 987
f 988 989 990
f 991 992 993
f 994 995 996
f 997 998 999
f 1000 1001 1002
f 1003 1004 1005
f 1006 1007 1008
f 1009 1010 1011
f 1012 1013 1014
f 1015 1016 1017
f 1018 1019 1020
f 1021 1022 1023
f 1024 1025 1026
f 1027 1028 1029
f 1030 1031 1032
f 1033 1034 1035
f 1036 1037 1038
f 1039 1040 1041
f 1042 1043 1044
f 1045 1046 1047
f 1048 1049 1050
f 1051 1052 1053
f 1054 1055 1056
f 1057 1058 1059
f 1060 1061 1062
f 1063 1064 1065
f 1066 1067 1068
f 1069 1070 1071
f 1072 1073 1074
f 1075 1076 1077
f 1078 1079 1080
f 1081 1082 1083
f 1084 1085 1086
f 1087 1088 1089
f 1090 1091 1092
f 1093 1094 1095
f 1096 1097 1098
f 1099 1100 1101
f 1102 1103 1104
f 1105 1106 1107
f 1108 1109 1110
f 1111 1112 1113
f 1114 1115 1116
f 1117 1118 1119
f 1120 1121 1122
f 1123 1124 1125
f 1126 1127 1128
f 1129 1130 1131
f 1132 1133 1134
f 1135 1136 1137
f 1138 1139 1140
f 1141 1142 1143
f 1144 1145 1146
f 1147 1148 1149
f 1150 1151 1152
f 1153 1154 1155
f 1156 1157 1158
f 1159 1160 1161
f 1162 1163 1164
f 1165 1166 1167
f 1168 1169 1170
f 1171 1172 1173
f 1174 1175 1176
f 1177 1178 1179
f 1180 1181 1182
f 1183 1184 1185
f 1186 1187 1188
f 1189 1190 1191
f 1192 1193 1194
f 1195 1196 1197
f 1198 1199 1200
f 1201 1202 1203
f 1204 1205 1206
f 1207 1208 1209
f 1210 1211 1212
f 1213 1214 1215
f 1216 1217 1218
f 1219 1220 1221
f 1222 1223 1224
f 1225 1226 1227
f 1228 1229 1230
f 1231 1232 1233
f 1234 1235 1236
f 1237 1238 1239
f 1240 1241 1242
f 1243 1244 1245
f 1246 1247 1248
f 1249 1250 1251
f 1252 1253 1254
f 1255 1256 1257
f 1258 1259 1260
f 1261 1262 1263
f 1264 1265 1266
f 1267 1268 1269
f 1270 1271 1272
f 1273 1274 1275
f 1276 1277 1278
f 1279 1280 1281
f 1282 1283 1284
f 1285 1286 1287
f 1288 1289 1290
f 1291 1292 1293
f 1294 1295 1296
f 1297 1298 1299
f 1300 1301 1302
f 1303 1304 1305
f 1306 1307 1308
f 1309 1310 1311
f 1312 1313 1314
f 1315 1316 1317
f 1318 1319 1320
f 1321 1322 1323
f 1324 1325 1326
f 1327 1328 1329
f 1330 1331 1332
f 1333 1334 1335
f 1336 1337 1338
f 1339 1340 1341
f 1342 1343 1344
f 1345 1346 1347
f 1348 1349 1350
f 1351 1352 1353
f 1354 1355 1356
f 1357 1358 1359
f 1360 1361 1362
f 1363 1364 1365
f 1366 1367 1368
f 1369 1370 1371
f 1372 1373 1374
f 1375 1376 1377
f 1378 1379 1380
f 1381 1382 1383
f 1384 1385 1386
f 1387 1388 1389
f 1390 1391 1392
f 1393 1394 1395
f 1396 1397 1398
f 1399 1400 1401
f 1402 1403 1404
f 1405 1406 1407
f 1408 1409 1410
f 1411 1412 1413
f 1414 1415 1416
f 1417 1418 1419
f 1420 1421 1422
f 1423 1424 1425
f 1426 1427 1428
f 1429 1430 1431
f 1432 1433 1434
f 1435 1436 1437
f 1438 1439 1440
f 1441 1442 1443
f 1444 1445 1446
f 1447 1448 1449
f 1450 1451 1452
f 1453 1454 1455
f 1456 1457 1458
f 1459 1460 1461
f 1462 1463 1464
f 1465 1466 1467
f 1468 1469 1470
f 1471 1472 1473
f 1474 1475 1476
f 1477 1478 1479
f 1480 1481 1482
f 1483 1484 1485
f 1486 1487 1488
f 1489 1490 1491
f 1492 1493 1494
f 1495 1496 1497
f 1498 1499 1500
f 1501 1502 1503
f 1504 1505 1506
f 1507 1508 1509
f 1510 1511 1512
f 1513 1514 1515
f 1516 1517 1518
f 1519 1520 1521
f 1522 1523 1524
f 1525 1526 1527
f 1528 1529 1530
f 1531 1532 1533
f 1534 1535 1536
f 1537 1538 1539
f 1540 1541 1542
f 1543 1544 1545
f 1546 1547 1548
f 1549 1550 1551
f 1552 1553 1554
f 1555 1556 1557
f 1558 1559 1560
f 1561 1562 1563
f 1564 1565 1566
f 1567 1568 1569
f 1570 1571 1572
f 1573 1574 1575
f 1576 1577 1578
f 1579 1580 1581
f 1582 1583 1584
f 1585 1586 1587
f 1588 1589 1590
f 1591 1592 1593
f 1594 1595 1596
f 1597 1598 1599
f 1600 1601 1602
f 1603 1604 1605
f 1606 1607 1608
f 1609 1610 1611
f 1612 1613 1614
f 1615 1616 1617
f 1618 1619 1620
f 1621 1622 1623
f 1624 1625 1626
f 1627 1628 1629
f 1630 1631 1632
f 1633 1634 1635
f 1636 1637 1638
f 1639 1640 1641
f 1642 1643 1644
f 1645 1646 1647
f 1648 1649 1650
f 1651 1652 1653
f 1654 1655 1656
f 1657 1658 1659
f 1660 1661 1662
f 1663 1664 1665
f 1666 1667 1668
f 1669 1670 1671
f 1672 1673 1674
f 1675 1676 1677
f 1678 1679 1680
f 1681 1682 1683
f 1684 1685 1686
f 1687 1688 1689
f 1690 1691 1692
f 1693 1694 1695
f 1696 1697 1698
f 1699 1700 1701
f 1702 1703 1704
f 1705 1706 1707
f 1708 1709 1710
f 1711 1712 1713
f 1714 1715 1716
f 1717 1718 1719
f 1720 1721 1722
f 1723 1724 1725
f 1726 1727 1728
f 1729 1730 1731
f 1732 1733 1734
f 1735 1736 1737
f 1738 1739 1740
f 1741 1742 1743
f 1744 1745 1746
f 1747 1748 1749
f 1750 1751 1752
f 1753 1754 1755
f 1756 1757 1758
f 1759 1760 1761
f 1762 1763 1764
f 1765 1766 1767
f 1768 1769 1770
f 1771 1772 1773
f 1774 1775 1776
f 1777 1778 1779
f 1780 1781 1782
f 1783 1784 1785
f 1786 1787 1788
f 1789 1790 1791
f 1792 1793 1794
f 1795 1796 1797
f 1798 1799 1800
f 1801 1802 1803
f 1804 1805 1806
f 1807 1808 1809
f 1810 1811 1812
f 1813 1814 1815
f 1816 1817 1818
f 1819 1820 1821
f 1822 1823 1824
f 1825 1826 1827
f 1828 1829 1830
f 1831 1832 1833
f 1834 1835 1836
f 1837 1838 1839
f 1840 1841 1842
f 1843 1844 1845
f 1846 1847 1848
f 1849 1850 1851
f 1852 1853 1854
f 1855 1856 1857
f 1858 1859 1860
f 1861 1862 1863
f 1864 1865 1866
f 1867 1868 1869
f 1870 1871 1872
f 1873 1874 1875
f 1876 1877 1878
f 1879 1880 1881
f 1882 1883 1884
f 1885 1886 1887
f 1888 1889 1890
f 1891 1892 1893
f 1894 1895 1896
f 1897 1898 1899
f 1900 1901 1902
f 1903 1904 1905
f 1906 1907 1908
f 1909 1910 1911
f 1912 1913 1914
f 1915 1916 1917
f 1918 1919 1920
f 1921 1922 1923
f 1924 1925 1926
f 1927 1928 1929
f 1930 1931 1932
f 1933 1934 1935
f 1936 1937 1938
f 1939 1940 1941
f 1942 1943 1944
f 1945 1946 1947
f 1948 1949 1950
f 1951 1952 1953
f 1954 1955 1956
f 1957 1958 1959
f 1960 1961 1962
f 1963 1964 1965
f 1966 1967 1968
f 1969 1970 1971
f 1972 1973 1974
f 1975 1976 1977
f 1978 1979 1980
f 1981 1982 1983
f 1984 1985 1986
f 1987 1988 1989
f 1990 1991 1992
f 1993 1994 1995
f 1996 1997 1998
f 1999 2000 2001
f 2002 2003 2004
f 2005 2006 2007
f 2008 2009 2010
f 2011 2012 2013
f 2014 2015 2016
f 2017 2018 2019
f 2020 2021 2022
f 2023 2024 2025
f 2026 2027 2028
f 2029 2030 2031
f 2032 2033 2034
f 2035 2036 2037
f 2038 2039 2040
f 2041 2042 2043
f 2044 2045 2046
f 2047 2048 2049
f 2050 2051 2052
f 2053 2054 2055
f 2056 2057 2058
f 2059 2060 2061
f 2062 2063 2064
f 2065 2066 2067
f 2068 2069 2070
f 2071 2072 2073
f 2074 2075 2076
f 2077 2078 2079
f 2080 2081 2082
f 2083 2084 2085
f 2086 2087 2088
f 2089 2090 2091
f 2092 2093 2094
f 2095 2096 2097
f 2098 2099 2100
f 2101 2102 2103
f 2104 2105 2106
f 2107 2108 2109
f 2110 2111 2112
f 2113 2114 2115
f 2116 2117 2118
f 2119 2120 2121
f 2122 2123 2124
f 2125 2126 2127
f 2128 2129 2130
f 2131 2132 2133
f 2134 2135 2136
f 2137 2138 2139
f 2140 2141 2142
f 2143 2144 2145
f 2146 2147 2148
f 2149 2150 2151
f 2152 2153 2154
f 2155 2156 2157
f 2158 2159 2160
f 2161 2162 2163
f 2164 2165 2166
f 2167 2168 2169
f 2170 2171 2172
f 2173 2174 2175
f 2176 2177 2178
f 2179 2180 2181
f 2182 2183 2184
f 2185 2186 2187
f 2188 2189 2190
f 2191 2192 2193
f 2194 2195 2196
f 2197 2198 2199
f 2200 2201 2202
f 2203 2204 2205
f 2206 2207 2208
f 2209 2210 2211
f 2212 2213 2214
f 2215 2216 2217
f 2218 2219 2220
f 2221 2222 2223
f 2224 2225 2226
f 2227 2228 2229
f 2230 2231 2232
f 2233 2234 2235
f 2236 2237 2238
f 2239 2240 2241
f 2242 2243 2244
f 2245 2246 2247
f 2248 2249 2250
f 2251 2252 2253
f 2254 2255 2256
f 2257 2258 2259
f 2260 2261 2262
f 2263 2264 2265
f 2266 2267 2268
f 2269 2270 2271
f 2272 2273 2274
f 2275 2276 2277
f 2278 2279 2280
f 2281 2282 2283
f 2284 2285 2286
f 2287 2288 2289
f 2290 2291 2292
f 2293 2294 2295
f 2296 2297 2298
f 2299 2300 2301
f 2302 2303 2304
f 2305 2306 2307
f 2308 2309 2310
f 2311 2312 2313
f 2314 2315 2316
f 2317 2318 2319
f 2320 2321 2322
f 2323 2324 2325
f 2326 2327 2328
f 2329 2330 2331
f 2332 2333 2334
f 2335 2336 2337
f 2338 2339 2340
f 2341 2342 2343
f 2344 2345 2346
f 2347 2348 2349
f 2350 2351 2352
f 2353 2354 2355
f 2356 2357 2358
f 2359 2360 2361
f 2362 2363 2364
f 2365 2366 2367
f 2368 2369 2370
f 2371 2372 2373
f 2374 2375 2376
f 2377 2378 2379
f 2380 2381 2382
f 2383 2384 2385
f 2386 2387 2388
f 2389 2390 2391
f 2392 2393 2394
f 2395 2396 2397
f 2398 2399 2400
f 2401 2402 2403
f 2404 2405 2406
f 2407 2408 2409
f 2410 2411 2412
f 2413 2414 2415
f 2416 2417 2418
f 2419 2420 2421
f 2422 2423 2424
f 2425 2426 2427
f 2428 2429 2430
f 2431 2432 2433
f 2434 2435 2436
f 2437 2438 2439
f 2440 2441 2442
f 2443 2444 2445
f 2446 2447 2448
f 2449 2450 2451
f 2452 2453 2454
f 2455 2456 2457
f 2458 2459 2460
f 2461 2462 2463
f 2464 2465 2466
f 2467 2468 2469
f 2470 2471 2472
f 2473 2474 2475
f 2476 2477 2478
f 2479 2480 2481
f 2482 2483 2484
f 2485 2486 2487
f 2488 2489 2490
f 2491 2492 2493
f 2494 2495 2496
f 2497 2498 2499
f 2500 2501 2502
f 2503 2504 2505
f 2506 2507 2508
f 2509 2510 2511
f 2512 2513 2514
f 2515 2516 2517
f 2518 2519 2520
f 2521 2522 2523
f 2524 2525 2526
f 2527 2528 2529
f 2530 2531 2532
f 2533 2534 2535
f 2536 2537 2538
f 2539 2540 2541
f 2542 2543 2544
f 2545 2546 2547
f 2548 2549 2550
f 2551 2552 2553
f 2554 2555 2556
f 2557 2558 2559
f 2560 2561 2562
f 2563 2564 2565
f 2566 2567 2568
f 2569 2570 2571
f 2572 2573 2574
f 2575 2576 2577
f 2578 2579 2580
f 2581 2582 2583
f 2584 2585 2586
f 2587 2588 2589
f 2590 2591 2592
f 2593 2594 2595
f 2596 2597 2598
f 2599 2600 2601
f 2602 2603 2604
f 2605 2606 2607
f 2608 2609 2610
f 2611 2612 2613
f 2614 2615 2616
f 2617 2618 2619
f 2620 2621 2622
f 2623 2624 2625
f 2626 2627 2628
f 2629 2630 2631
f 2632 2633 2634
f 2635 2636 2637
f 2638 2639 2640
f 2641 2642 2643
f 2644 2645 2646
f 2647 2648 2649
f 2650 2651 2652
f 2653 2654 2655
f 2656 2657 2658
f 2659 2660 2661
f 2662 2663 2664
f 2665 2666 2667
f 2668 2669 2670
f 2671 2672 2673
f 2674 2675 2676
f 2677 2678 2679
f 2680 2681 2682
f 2683 2684 2685
f 2686 2687 2688
f 2689 2690 2691
f 2692 2693 2694
f 2695 2696 2697
f 2698 2699 2700
f 2701 2702 2703
f 2704 2705 2706
f 2707 2708 2709
f 2710 2711 2712
f 2713 2714 2715
f 2716 2717 2718
f 2719 2720 2721
f 2722 2723 2724
f 2725 2726 2727
f 2728 2729 2730
f 2731 2732 2733
